chr	start	end	log2_TNratio_corrected
1	1000001	1500000	NA
1	1500001	2000000	0.00720634033723327
1	2000001	2500000	NA
1	2500001	3000000	NA
1	3000001	3500000	0.0106119994680532
1	4000001	4500000	-0.0409419917888573
1	4500001	5000000	-0.043023940245653
1	5000001	5500000	0.0846543587545942
1	5500001	6000000	0.00190919609832668
1	6000001	6500000	-0.0346307786525915
1	6500001	7000000	0.00612983352161948
1	7000001	7500000	0.0293517020303718
1	7500001	8000000	0.0175304160832127
1	8000001	8500000	-0.0259278489179803
1	8500001	9000000	0.026920171444658
1	9000001	9500000	0.00919105246140445
1	9500001	10000000	-0.00147916037554382
1	10000001	10500000	-0.0403827345175117
1	10500001	11000000	-0.0107097613262112
1	11000001	11500000	0.00490222915828122
1	11500001	12000000	-0.0542430941121504
1	12000001	12500000	0.00882795782307047
1	12500001	13000000	0.0650243550018283
1	14000001	14500000	-0.0110503575950913
1	14500001	15000000	-0.038442412701657
1	15000001	15500000	0.0109366522056133
1	15500001	16000000	-0.0488591160072524
1	16000001	16500000	0.0390426267124659
1	16500001	17000000	0.542462950754973
1	17000001	17500000	NA
1	17500001	18000000	-0.0480749145562718
1	18000001	18500000	-0.022525568753121
1	18500001	19000000	0.0176803974700042
1	19000001	19500000	0.00215380876189036
1	19500001	20000000	-0.000459305826166689
1	20000001	20500000	-0.01305721162208
1	20500001	21000000	-0.021956256079971
1	21000001	21500000	0.0426260005366533
1	21500001	22000000	0.0126823553722681
1	22000001	22500000	-0.0294183796394445
1	22500001	23000000	-0.0276922897014545
1	23000001	23500000	0.0541388767968754
1	23500001	24000000	-0.0417810835663269
1	24000001	24500000	-0.336968973839327
1	24500001	25000000	-0.0115640859560021
1	25000001	25500000	-0.00698708581440219
1	25500001	26000000	-0.094012736393477
1	26000001	26500000	-0.00128715100737904
1	26500001	27000000	-0.0122215838823655
1	27000001	27500000	-0.00864141462911009
1	27500001	28000000	0.0240528745754366
1	28000001	28500000	0.0172461428716136
1	28500001	29000000	-0.0104073102137029
1	29000001	29500000	-0.0053217228963036
1	30000001	30500000	NA
1	30500001	31000000	-0.000942362622106595
1	31000001	31500000	-0.00137977845397692
1	31500001	32000000	-0.0248061128298143
1	32000001	32500000	0.0190596777059909
1	32500001	33000000	-0.0636391997058772
1	33000001	33500000	0.0118243945819121
1	33500001	34000000	0.0576191269778727
1	34000001	34500000	0.00883463508843011
1	34500001	35000000	0.03550373934936
1	35000001	35500000	-0.0486257558234654
1	35500001	36000000	-0.0142072600650066
1	36000001	36500000	-0.00349509293006689
1	36500001	37000000	-0.0186816556545553
1	37000001	37500000	-0.0204223665806261
1	37500001	38000000	0.0563035064743605
1	38000001	38500000	0.018817239063039
1	38500001	39000000	0.0203080166822118
1	39000001	39500000	0.0932099705589033
1	39500001	40000000	-0.0707524087671932
1	40000001	40500000	-0.0267511078036495
1	40500001	41000000	-0.0169810424964293
1	41000001	41500000	-0.0214933572069027
1	41500001	42000000	0.0717052829190779
1	42000001	42500000	0.0303394628657913
1	42500001	43000000	-0.00420786940137291
1	43000001	43500000	0.00956994056000701
1	43500001	44000000	-0.0672061792807659
1	44000001	44500000	0.057458037527782
1	44500001	45000000	-0.0513301721070005
1	45000001	45500000	-0.0297771211956663
1	45500001	46000000	0.0112087159299104
1	46000001	46500000	-0.0237202422116047
1	46500001	47000000	0.0211684889157545
1	47000001	47500000	0.00882959890091306
1	47500001	48000000	-0.0225296707519683
1	48000001	48500000	0.0459280201058085
1	48500001	49000000	-0.00278999989531259
1	49000001	49500000	0.0256744553383348
1	49500001	50000000	0.0634847518366372
1	50000001	50500000	0.00275900098041449
1	50500001	51000000	-0.0323982100037963
1	51000001	51500000	0.0112849621772461
1	51500001	52000000	-0.0812905391117477
1	52000001	52500000	0.0520209678118546
1	52500001	53000000	0.00305839621044765
1	53000001	53500000	-0.00974837225119325
1	53500001	54000000	0.00592754778092395
1	54000001	54500000	-0.020669218621084
1	54500001	55000000	0.00360510560498339
1	55000001	55500000	0.0191911671582871
1	55500001	56000000	0.0264788911136268
1	56000001	56500000	-0.00335324985467981
1	56500001	57000000	-0.0190369326055489
1	57000001	57500000	0.0173387000567513
1	57500001	58000000	-0.0306561940015298
1	58000001	58500000	-0.023980355429191
1	58500001	59000000	-0.00844461620962417
1	59000001	59500000	-0.00998628475432283
1	59500001	60000000	0.00437538851847819
1	60000001	60500000	0.0650154543469981
1	60500001	61000000	0.0306058696833576
1	61000001	61500000	-0.0441646539417295
1	61500001	62000000	-0.00170532134850131
1	62000001	62500000	0.0262144766898245
1	62500001	63000000	-0.0390559637066094
1	63000001	63500000	-0.0342938447527944
1	63500001	64000000	0.0222233122195989
1	64000001	64500000	0.008480917481434
1	64500001	65000000	-0.0279718657726593
1	65000001	65500000	0.0187059249954943
1	65500001	66000000	-0.0415457392387959
1	66000001	66500000	0.0266688983022328
1	66500001	67000000	0.00990240486455233
1	67000001	67500000	0.0532696305083003
1	67500001	68000000	0.0206564464746758
1	68000001	68500000	-0.0801799366904109
1	68500001	69000000	-0.0261363934789233
1	69000001	69500000	0.0132804328793578
1	69500001	70000000	0.032832649277598
1	70000001	70500000	-0.0212779857485469
1	70500001	71000000	0.00804529469082625
1	71000001	71500000	0.0310874924727041
1	71500001	72000000	-0.0561959192242419
1	72000001	72500000	-0.0451434088653369
1	72500001	73000000	-0.0220280490514673
1	73000001	73500000	-0.00964765547799721
1	73500001	74000000	0.0286506986477464
1	74000001	74500000	-0.0226446391230017
1	74500001	75000000	-0.00902022113513366
1	75000001	75500000	0.0357701136117758
1	75500001	76000000	-0.0459948250845081
1	76000001	76500000	0.0133855238399701
1	76500001	77000000	0.068406635207137
1	77000001	77500000	-0.0205857386850306
1	77500001	78000000	-0.0214644327739335
1	78000001	78500000	0.0111587621271503
1	78500001	79000000	-0.012767395187802
1	79000001	79500000	-0.0482378754922156
1	79500001	80000000	0.0265823223358353
1	80000001	80500000	-0.0122670287083071
1	80500001	81000000	0.0472524338517141
1	81000001	81500000	0.0515457949270172
1	81500001	82000000	-0.0645292809024743
1	82000001	82500000	-0.00878931694220833
1	82500001	83000000	-0.0157398146177913
1	83000001	83500000	-0.0211513238572322
1	84000001	84500000	0.0401172696522445
1	84500001	85000000	0.0332955615814419
1	85000001	85500000	0.0258204525939698
1	85500001	86000000	0.0485789288119847
1	86000001	86500000	-0.0406461696411552
1	86500001	87000000	0.0274431216339407
1	87000001	87500000	0.0218603460127963
1	87500001	88000000	-0.0252059662814636
1	88000001	88500000	0.0109225443028428
1	88500001	89000000	0.018909113923301
1	89000001	89500000	0.00386670743376679
1	89500001	90000000	0.00321162527284199
1	90000001	90500000	0.0214854679789934
1	90500001	91000000	-7.89261110203768e-05
1	91000001	91500000	-0.0252418185460582
1	91500001	92000000	-0.0234958110310552
1	92000001	92500000	-0.0084436790398384
1	92500001	93000000	-0.0182027974283518
1	93000001	93500000	-0.0363659227166777
1	93500001	94000000	0.0241058353022801
1	94000001	94500000	-0.0209097724754065
1	94500001	95000000	0.0115414482207094
1	95000001	95500000	0.0208143865227999
1	95500001	96000000	0.0254830495776027
1	96000001	96500000	-0.00275447705760887
1	96500001	97000000	-0.0738095613165285
1	97000001	97500000	0.0223044050638816
1	97500001	98000000	0.0573624267024894
1	98000001	98500000	-0.0307675219707081
1	98500001	99000000	-0.0271551312296485
1	99000001	99500000	0.0275969013874846
1	99500001	100000000	0.0376702549637036
1	100000001	100500000	0.0196943561342674
1	100500001	101000000	0.00773962799910479
1	101000001	101500000	-0.0122175713090988
1	101500001	102000000	-0.00952213191786285
1	102000001	102500000	0.0242055263102226
1	102500001	103000000	-0.0641414547694143
1	103000001	103500000	0.00895221687614869
1	104000001	104500000	-0.341397175850901
1	104500001	105000000	0.0383018497453566
1	105000001	105500000	0.00983883615740307
1	105500001	106000000	-0.0092855893456806
1	106000001	106500000	-0.0466011681850383
1	106500001	107000000	0.00673674593723319
1	107000001	107500000	-0.0212814668712877
1	107500001	108000000	0.0508632207720631
1	108000001	108500000	0.00838648182097315
1	108500001	109000000	-0.325570757300271
1	109000001	109500000	-0.0262832066758416
1	109500001	110000000	0.0346434157683589
1	110000001	110500000	-0.034635121492211
1	110500001	111000000	-0.0142152724239336
1	111000001	111500000	0.0448780739391286
1	111500001	112000000	-0.0344262835083836
1	112000001	112500000	0.0334703286940879
1	112500001	113000000	-0.0738692190873764
1	113000001	113500000	-0.0199541044080245
1	113500001	114000000	-0.00733527700456131
1	114000001	114500000	-0.000125199943591856
1	114500001	115000000	0.00727567736770885
1	115000001	115500000	0.0260148055199154
1	115500001	116000000	0.0124380770876921
1	116000001	116500000	-0.0041576075301684
1	116500001	117000000	0.0213442822075578
1	117000001	117500000	0.0139733928655168
1	117500001	118000000	-0.0423475976835466
1	118000001	118500000	0.0476194199443528
1	118500001	119000000	0.0564379737468139
1	119000001	119500000	-0.0169791903863696
1	119500001	120000000	-0.036882359176728
1	120000001	120500000	0.0410380772232108
1	146500001	147000000	0.0576665321479025
1	147000001	147500000	-0.245188321182295
1	150000001	150500000	-0.0328192884351383
1	150500001	151000000	-0.00526937585004409
1	151000001	151500000	-0.0180301309063713
1	151500001	152000000	-0.0240425252131733
1	152000001	152500000	0.0548374810436623
1	152500001	153000000	-0.0728860507836741
1	153000001	153500000	0.0488869316910957
1	153500001	154000000	0.012939253089918
1	154000001	154500000	-0.00364943570995403
1	154500001	155000000	-0.0251232146024501
1	155000001	155500000	-0.0460774577275241
1	155500001	156000000	-0.0103308076321405
1	156000001	156500000	-0.00421559676164782
1	156500001	157000000	-0.0284082414019648
1	157000001	157500000	0.0326313826841845
1	157500001	158000000	0.070404155852958
1	158000001	158500000	0.0194039806167494
1	158500001	159000000	0.00807831332502659
1	159000001	159500000	0.000713798275893085
1	159500001	160000000	-0.0482260511045792
1	160000001	160500000	0.0143476282547518
1	160500001	161000000	-0.0302616841657463
1	161000001	161500000	-0.0313437054518867
1	161500001	162000000	0.0154041421693594
1	162000001	162500000	-0.00109685275891465
1	162500001	163000000	0.00945418422894106
1	163000001	163500000	0.00790182817823558
1	163500001	164000000	0.0235457778781179
1	164000001	164500000	0.0157796711632373
1	164500001	165000000	-0.00902496934474308
1	165000001	165500000	-0.0765166016968071
1	165500001	166000000	0.00805321590172124
1	166000001	166500000	0.0304674623072134
1	166500001	167000000	0.024704733048963
1	167000001	167500000	-0.0297977252665678
1	167500001	168000000	0.0312991455165298
1	168000001	168500000	0.00995751656211194
1	168500001	169000000	-0.0192280636224634
1	169000001	169500000	0.0163198988858328
1	169500001	170000000	-0.0399719216450043
1	170000001	170500000	0.0270991899821701
1	170500001	171000000	0.00332391839910249
1	171000001	171500000	0.00451540170075327
1	171500001	172000000	0.020956665036663
1	172000001	172500000	-0.0202837386074192
1	172500001	173000000	0.0436977161457971
1	173000001	173500000	0.0160165029975378
1	173500001	174000000	0.00348927224355206
1	174000001	174500000	-0.0381365218450359
1	174500001	175000000	-0.0242748938684606
1	175000001	175500000	0.0361377493656687
1	175500001	176000000	-0.00683049863140652
1	176000001	176500000	-0.00194211641730551
1	176500001	177000000	-0.0373639082615092
1	177000001	177500000	-0.0273569662777355
1	177500001	178000000	0.00582874559427818
1	178000001	178500000	0.0219510708870545
1	178500001	179000000	-0.00907271254699793
1	179000001	179500000	0.0148222688226719
1	179500001	180000000	0.00395934385670096
1	180000001	180500000	-0.00361641042066871
1	180500001	181000000	0.0548537518381213
1	181000001	181500000	-0.036718207847683
1	181500001	182000000	-0.0275815582881097
1	182000001	182500000	-0.0190003475874709
1	182500001	183000000	-0.0131024738635332
1	183000001	183500000	0.0506730510380609
1	183500001	184000000	0.0196764698167343
1	184000001	184500000	-0.0229199779693137
1	184500001	185000000	-0.0173050112900547
1	185000001	185500000	0.00587408170364029
1	185500001	186000000	0.0478906665982761
1	186000001	186500000	0.0138892855288269
1	186500001	187000000	-0.0123737078117252
1	187000001	187500000	-0.0672281323664045
1	187500001	188000000	-0.0317189880450624
1	188000001	188500000	0.0300536601979747
1	188500001	189000000	0.0473330621700852
1	189000001	189500000	0.0298017069411936
1	189500001	190000000	0.0464470726077775
1	190000001	190500000	NA
1	190500001	191000000	0.00186594686939902
1	191000001	191500000	0.0281746339979873
1	191500001	192000000	0.0237538221304988
1	192000001	192500000	0.0332704954460592
1	192500001	193000000	-0.0420577126450093
1	193000001	193500000	-0.0303134901875509
1	193500001	194000000	-0.0436767434397972
1	194000001	194500000	0.0200054001172397
1	194500001	195000000	0.0330828764788721
1	195000001	195500000	0.00302729177271832
1	195500001	196000000	-0.0594089302403526
1	196000001	196500000	-0.0594759145266065
1	196500001	197000000	-0.0177184366552773
1	197000001	197500000	0.0250385642800448
1	197500001	198000000	0.0130834610937781
1	198000001	198500000	0.0491294110317148
1	198500001	199000000	0.0356037063379645
1	199000001	199500000	0.0555403408180986
1	199500001	200000000	-0.0447936782466826
1	200000001	200500000	-0.00537387998656138
1	200500001	201000000	0.0221930033587338
1	201000001	201500000	0.0228151439340026
1	201500001	202000000	-0.0586920595934299
1	202000001	202500000	-0.0321615033404525
1	202500001	203000000	0.0748681479455968
1	203000001	203500000	0.00471608611148586
1	203500001	204000000	0.0232054562970848
1	204000001	204500000	-0.0860048362302455
1	204500001	205000000	-0.0309820029262236
1	205000001	205500000	0.014281011839679
1	205500001	206000000	NA
1	206500001	207000000	-0.0429295165940931
1	207000001	207500000	0.0236966144384405
1	207500001	208000000	-0.0622146602236251
1	208000001	208500000	0.0322483547814448
1	208500001	209000000	-0.0086707287306955
1	209000001	209500000	0.0659915578115536
1	209500001	210000000	-0.0215400982048542
1	210000001	210500000	-0.0654165368129662
1	210500001	211000000	-0.0314047261338691
1	211000001	211500000	-0.0143693249630461
1	211500001	212000000	0.00975760819083709
1	212000001	212500000	0.00899104880378012
1	212500001	213000000	-0.00318810866312714
1	213000001	213500000	-0.0013948983125589
1	213500001	214000000	-0.0144458352503073
1	214000001	214500000	-0.000308044247723641
1	214500001	215000000	0.0211503882704174
1	215000001	215500000	0.0640872444885828
1	215500001	216000000	0.019671100582203
1	216000001	216500000	-0.0220913209182636
1	216500001	217000000	0.0306403435893038
1	217000001	217500000	-0.0469297797839144
1	217500001	218000000	0.00857714958983628
1	218000001	218500000	0.041658736523359
1	218500001	219000000	0.0414808520588307
1	219000001	219500000	-0.0140782299580748
1	219500001	220000000	-0.0590281553301236
1	220000001	220500000	-0.0431583916748079
1	220500001	221000000	0.071800716868118
1	221000001	221500000	0.0155674642461709
1	221500001	222000000	-0.00574323880087375
1	222000001	222500000	-0.0470665488133379
1	222500001	223000000	-0.00571116163858709
1	223000001	223500000	0.0791977480386514
1	223500001	224000000	NA
1	224000001	224500000	0.0520683941227288
1	224500001	225000000	0.0424007650499423
1	225000001	225500000	0.0228988773345833
1	225500001	226000000	-0.0359152503856648
1	226000001	226500000	-0.0154419331520886
1	226500001	227000000	0.0153768710002384
1	227000001	227500000	0.00203278821217537
1	227500001	228000000	0.0624116545526215
1	228000001	228500000	0.0165337886777464
1	228500001	229000000	-0.103354354020938
1	229000001	229500000	0.00583492245598103
1	229500001	230000000	0.0137566282106543
1	230000001	230500000	0.0165274194852143
1	230500001	231000000	0.045248980472881
1	231000001	231500000	0.0358005988910763
1	231500001	232000000	-0.020426448107859
1	232000001	232500000	-0.00618804101118067
1	232500001	233000000	-0.0147688379973692
1	233000001	233500000	0.0038705604492752
1	233500001	234000000	-0.0257847619904708
1	234000001	234500000	0.0658592903094597
1	234500001	235000000	0.0597611279752839
1	235000001	235500000	NA
1	235500001	236000000	0.0461330122728412
1	236000001	236500000	-0.00450081958455711
1	236500001	237000000	-0.00903839713901137
1	237000001	237500000	-0.00517730902302579
1	237500001	238000000	-0.0460779788940446
1	238000001	238500000	-0.0227264072071739
1	238500001	239000000	0.0154919628784425
1	239000001	239500000	-0.0354909000523138
1	239500001	240000000	0.0219702347864732
1	240000001	240500000	-0.0183636698291651
1	240500001	241000000	-0.0223931594841676
1	241000001	241500000	-0.0247544155097969
1	241500001	242000000	-0.0133691190040487
1	242000001	242500000	-0.0184853499468777
1	242500001	243000000	0.0419946202778567
1	243500001	244000000	-0.00949485332397502
1	244000001	244500000	-0.115166211374777
1	244500001	245000000	0.00241407472726196
1	245000001	245500000	0.0366995102239112
1	245500001	246000000	-0.00521541614610292
1	246000001	246500000	0.0119602372615626
1	246500001	247000000	0.00103571197136541
1	247000001	247500000	0.015704046758488
1	247500001	248000000	-0.0245386782580966
1	248000001	248500000	0.0440088629982053
2	1	500000	NA
2	500001	1000000	-0.000620047701280268
2	1000001	1500000	-0.0524638417006279
2	1500001	2000000	0.0580771354792414
2	2000001	2500000	-0.0399482489351125
2	2500001	3000000	0.00193098085633576
2	3000001	3500000	0.00661485418142285
2	3500001	4000000	NA
2	4000001	4500000	0.0448007638736559
2	4500001	5000000	-0.0203715188197338
2	5000001	5500000	NA
2	5500001	6000000	0.0255550769968612
2	6000001	6500000	-0.0427784299270385
2	6500001	7000000	0.0238895026063184
2	7000001	7500000	0.0396906615723675
2	7500001	8000000	-0.0262114747136228
2	8000001	8500000	0.00398422565898844
2	8500001	9000000	-0.0436814791611949
2	9000001	9500000	0.0433910274370758
2	9500001	10000000	0.0100309165774036
2	10000001	10500000	-0.0193215310539706
2	10500001	11000000	0.0212661213647391
2	11000001	11500000	0.00180482128853507
2	11500001	12000000	0.0206191097814477
2	12000001	12500000	-0.029337549539513
2	12500001	13000000	0.00131936877599702
2	13000001	13500000	-0.0339378841384919
2	13500001	14000000	-0.0172116533675751
2	14000001	14500000	0.00945831747011435
2	14500001	15000000	0.0193662073913958
2	15000001	15500000	-0.0112453465066829
2	15500001	16000000	-0.0268770191069527
2	16000001	16500000	NA
2	16500001	17000000	0.0848997246881801
2	17000001	17500000	-0.0620850418674058
2	17500001	18000000	-0.0391013643990265
2	18000001	18500000	-0.019481037518018
2	18500001	19000000	0.04658315718052
2	19000001	19500000	-0.090799875682812
2	19500001	20000000	0.0283917540949256
2	20000001	20500000	0.000576902132308526
2	20500001	21000000	0.00814754609482223
2	21000001	21500000	NA
2	21500001	22000000	-0.0480659581420425
2	22000001	22500000	-0.00800791135312137
2	22500001	23000000	0.014893817543012
2	23000001	23500000	0.00213576061114722
2	23500001	24000000	0.00396779752741639
2	24000001	24500000	0.0010933780096507
2	24500001	25000000	-0.00301639455017575
2	25000001	25500000	-0.0333217688981003
2	25500001	26000000	-0.0224700433917888
2	26000001	26500000	-0.0062533187382323
2	26500001	27000000	0.0629411490331421
2	27000001	27500000	-0.0326156819886091
2	27500001	28000000	0.0105626752099828
2	28000001	28500000	-0.000740538151338911
2	28500001	29000000	0.0393007672059615
2	29000001	29500000	0.0380272984851839
2	29500001	30000000	-0.0181786583562036
2	30000001	30500000	-0.011554496013582
2	30500001	31000000	-0.0175587500235668
2	31000001	31500000	-0.0320296132629324
2	31500001	32000000	NA
2	32000001	32500000	0.0134965113924283
2	32500001	33000000	-0.0148176099605758
2	33000001	33500000	NA
2	33500001	34000000	-0.05077178512828
2	34000001	34500000	0.0170391020614885
2	34500001	35000000	-0.0872173199385477
2	35000001	35500000	-0.0377281706931969
2	35500001	36000000	0.0237316788461534
2	36000001	36500000	-0.0154123620200046
2	36500001	37000000	0.02577135961951
2	37000001	37500000	-0.0356444669490971
2	37500001	38000000	0.127209830328136
2	38000001	38500000	0.0252705998605148
2	38500001	39000000	0.0543155100567847
2	39000001	39500000	-0.0479488752340557
2	39500001	40000000	-0.0271356097711275
2	40000001	40500000	0.0282200519497515
2	40500001	41000000	-0.011539979367565
2	41000001	41500000	0.0211668506394307
2	41500001	42000000	0.00162662837417694
2	42000001	42500000	-0.0153583445828142
2	42500001	43000000	-0.0390688264638783
2	43000001	43500000	-0.0443609189542036
2	43500001	44000000	0.00983989151509006
2	44000001	44500000	0.0403319278015217
2	44500001	45000000	0.0145646205275256
2	45000001	45500000	-0.00461704398651846
2	45500001	46000000	0.0271601677064731
2	46000001	46500000	-0.051567894236796
2	46500001	47000000	0.0105638355412354
2	47000001	47500000	-0.00424489050612092
2	47500001	48000000	-0.0589147611314818
2	48000001	48500000	0.0220938102365377
2	48500001	49000000	-0.027561870012846
2	49000001	49500000	-0.000759687163234259
2	49500001	50000000	-0.000203645603926038
2	50000001	50500000	-0.00188518559811833
2	50500001	51000000	-0.00457734871103843
2	51000001	51500000	0.0233224966792221
2	51500001	52000000	0.0309073801808065
2	52000001	52500000	0.0192295381091008
2	52500001	53000000	0.0121953678959587
2	53000001	53500000	-0.0396345043601348
2	53500001	54000000	0.00103603570021688
2	54000001	54500000	-0.00795569289908475
2	54500001	55000000	-0.0248660506831659
2	55000001	55500000	0.022514764034014
2	55500001	56000000	0.00926968634163107
2	56000001	56500000	0.0367966120803634
2	56500001	57000000	-0.0437408322482127
2	57000001	57500000	0.0514700790804687
2	57500001	58000000	-0.0364907894027112
2	58000001	58500000	0.013897142998033
2	58500001	59000000	-0.00535778120884738
2	59000001	59500000	-0.0159888829822619
2	59500001	60000000	0.0456604358944715
2	60000001	60500000	-0.042092866306423
2	60500001	61000000	0.00195626739609392
2	61000001	61500000	0.0395543536091882
2	61500001	62000000	0.0402968735356747
2	62000001	62500000	-0.0883089000962237
2	62500001	63000000	0.0140188111867034
2	63000001	63500000	-0.001933775629927
2	63500001	64000000	0.0227526087037112
2	64000001	64500000	-0.00822277313340499
2	64500001	65000000	-0.0139027849926323
2	65000001	65500000	0.0515524542096818
2	65500001	66000000	0.0185227892251156
2	66000001	66500000	-0.0181505726301122
2	66500001	67000000	0.0249363397239321
2	67000001	67500000	0.030284115992346
2	67500001	68000000	0.0191798766643748
2	68000001	68500000	0.00245397909672753
2	68500001	69000000	-0.0302911460475677
2	69000001	69500000	-0.0168041755366673
2	69500001	70000000	0.0336581404019699
2	70000001	70500000	0.0264278879020299
2	70500001	71000000	-0.0117885376413947
2	71000001	71500000	0.0351476968152179
2	71500001	72000000	0.00412507698779579
2	72000001	72500000	-0.00835682247489641
2	72500001	73000000	0.0278804012660802
2	73000001	73500000	-0.0272860108509894
2	73500001	74000000	0.0499404630451247
2	74000001	74500000	-0.027288222622001
2	74500001	75000000	-0.0416053590879126
2	75000001	75500000	0.0493054794818485
2	75500001	76000000	-0.0447440397704538
2	76000001	76500000	-0.0184313962333478
2	76500001	77000000	-0.0545848411420098
2	77000001	77500000	0.021439438837014
2	77500001	78000000	-0.0311019570918376
2	78000001	78500000	0.0827294375784918
2	78500001	79000000	-0.00579462459772543
2	79000001	79500000	-0.084776476431938
2	79500001	80000000	-0.00167975933555049
2	80000001	80500000	0.0140916767130353
2	80500001	81000000	-0.0092878068164127
2	81000001	81500000	-0.00877420300613286
2	81500001	82000000	0.0240904018448379
2	82000001	82500000	-0.0226093421721485
2	82500001	83000000	0.0184537957858085
2	83000001	83500000	-0.00989190747985249
2	83500001	84000000	0.0162339226210191
2	84000001	84500000	0.0565644046393782
2	84500001	85000000	0.0156341448743393
2	85000001	85500000	-0.0745348072599817
2	85500001	86000000	0.0497050960544305
2	86000001	86500000	-0.0216348327423035
2	86500001	87000000	-0.0498550250281882
2	88500001	89000000	-0.0179623770233557
2	89000001	89500000	0.100897512556447
2	95500001	96000000	0.0803544851253565
2	96500001	97000000	0.200431870395554
2	97000001	97500000	-0.0165412297101603
2	98500001	99000000	0.0396758589017023
2	99000001	99500000	0.0797707553041879
2	99500001	100000000	0.00728650800310956
2	100000001	100500000	-0.0429936606811943
2	100500001	101000000	-0.00434797292529793
2	101000001	101500000	0.00696680532808607
2	101500001	102000000	-0.00858102043098437
2	102000001	102500000	0.00131596303055289
2	102500001	103000000	-0.0475627595916829
2	103000001	103500000	-0.0058719918233235
2	103500001	104000000	0.0213185274391173
2	104000001	104500000	0.0114071526736705
2	104500001	105000000	-0.0103324775234674
2	105000001	105500000	-0.0128919830101525
2	105500001	106000000	0.0234193916118053
2	106000001	106500000	-0.0172910213366006
2	106500001	107000000	0.00617933664684946
2	107000001	107500000	0.00375223816879388
2	107500001	108000000	0.0206840717244803
2	108000001	108500000	-0.0469970345408543
2	108500001	109000000	-0.0397115102293261
2	109000001	109500000	-0.00966175190812029
2	109500001	110000000	0.0914083302988332
2	111500001	112000000	-0.0757599921367629
2	112500001	113000000	-0.0483702054659047
2	113000001	113500000	0.00985118887191668
2	113500001	114000000	0.0496102129098308
2	114500001	115000000	-0.0155483505464979
2	115000001	115500000	-0.0149432976650772
2	115500001	116000000	-0.0492436438604668
2	116000001	116500000	0.0605972212956526
2	116500001	117000000	0.0202856863212183
2	117000001	117500000	-0.03638845562799
2	117500001	118000000	-0.00973541401817006
2	118000001	118500000	0.00895315346396255
2	118500001	119000000	0.0597638448032338
2	119000001	119500000	-0.00323175840648585
2	119500001	120000000	0.00131581217718206
2	120000001	120500000	-0.0560667316242048
2	120500001	121000000	0.0225070039806127
2	121000001	121500000	0.0632100031512296
2	121500001	122000000	0.0221242295189779
2	122000001	122500000	0.0253515462569657
2	122500001	123000000	-0.0143931759356895
2	123000001	123500000	0.00315356976893773
2	123500001	124000000	-0.00248231191506265
2	124000001	124500000	-0.0538516944645547
2	124500001	125000000	-0.020055356867604
2	125000001	125500000	0.00398351742422718
2	125500001	126000000	0.0356511734570666
2	126000001	126500000	-0.00391176729269313
2	126500001	127000000	-0.0239218287468393
2	127000001	127500000	0.0749301424000322
2	127500001	128000000	0.0106417252078472
2	128000001	128500000	-0.0613073633790302
2	128500001	129000000	0.0324695657743071
2	129000001	129500000	0.037640940295287
2	129500001	130000000	0.00145999172147817
2	130000001	130500000	-0.0234319742528734
2	130500001	131000000	0.000868980949935748
2	131500001	132000000	0.0389770020581312
2	133000001	133500000	0.487822453149323
2	133500001	134000000	0.0273997417881421
2	134000001	134500000	0.0169752384059926
2	134500001	135000000	-0.0858875951509454
2	135000001	135500000	-0.0353779186132896
2	135500001	136000000	-0.0174446954624973
2	136000001	136500000	0.0208485557153683
2	136500001	137000000	-0.0208734192818966
2	137000001	137500000	-0.0141486692727907
2	137500001	138000000	0.0153265110728613
2	138000001	138500000	0.0285622420507083
2	138500001	139000000	0.030535470827018
2	139000001	139500000	0.0082695983258484
2	139500001	140000000	-0.0405888889995037
2	140000001	140500000	-0.0450720216048705
2	140500001	141000000	-0.0113971000900989
2	141000001	141500000	0.00834057203870868
2	141500001	142000000	-0.0518496590379852
2	142000001	142500000	0.0567645667180946
2	142500001	143000000	-0.00279475626373804
2	143000001	143500000	0.0380352641009617
2	143500001	144000000	-0.0016671547654615
2	144000001	144500000	-0.0408186583531762
2	144500001	145000000	0.0164020546604773
2	145000001	145500000	-0.00791673096198042
2	145500001	146000000	0.0604787032535085
2	146000001	146500000	-0.0229686634269034
2	146500001	147000000	-0.0354764355410861
2	147000001	147500000	-0.00220025536777607
2	147500001	148000000	0.0317942021989211
2	148000001	148500000	0.083592625688787
2	148500001	149000000	-0.0174445727282976
2	149000001	149500000	0.0564119410748689
2	149500001	150000000	NA
2	150000001	150500000	-0.0003397925795947
2	150500001	151000000	0.0447985549235217
2	151000001	151500000	0.00207687834626104
2	151500001	152000000	-0.015031237316035
2	152000001	152500000	-0.0949938552835155
2	152500001	153000000	0.0123554914653445
2	153000001	153500000	-0.0566827526350415
2	153500001	154000000	0.0494369034436168
2	154000001	154500000	-0.00629613422818913
2	154500001	155000000	0.00843972083717842
2	155000001	155500000	0.0153419793646716
2	155500001	156000000	-0.0585939736213783
2	156000001	156500000	0.0118924901594931
2	156500001	157000000	-0.00533093495944216
2	157000001	157500000	0.0748135588139721
2	157500001	158000000	0.012003183178833
2	158000001	158500000	-0.00557327294831476
2	158500001	159000000	-0.0248066097117407
2	159000001	159500000	0.00564758450416568
2	159500001	160000000	0.0400685754070191
2	160000001	160500000	0.0732127491171228
2	160500001	161000000	-0.0098450013701942
2	161000001	161500000	-0.0121848752293247
2	161500001	162000000	0.00942084996725002
2	162000001	162500000	0.289495857647882
2	162500001	163000000	0.0359877091278056
2	163000001	163500000	0.000986125564313477
2	163500001	164000000	0.0481137819465473
2	164000001	164500000	-0.0370721993078083
2	164500001	165000000	0.0443299156100588
2	165000001	165500000	0.0202890447002623
2	165500001	166000000	-0.0116616672484464
2	166000001	166500000	-0.039388003983897
2	166500001	167000000	-0.00135200356281281
2	167000001	167500000	-0.0330457537108471
2	167500001	168000000	-0.00057415416258012
2	168000001	168500000	0.013826978093198
2	168500001	169000000	0.0361728620787997
2	169000001	169500000	-0.0512894976154029
2	169500001	170000000	0.00190278007075484
2	170000001	170500000	-0.0116217388559971
2	170500001	171000000	0.0124098571838574
2	171000001	171500000	0.0438450741200194
2	171500001	172000000	-0.0191620609232997
2	172000001	172500000	-0.059677975031158
2	172500001	173000000	0.0784189725735262
2	173000001	173500000	-0.00526829227579174
2	173500001	174000000	-0.0247816348617427
2	174000001	174500000	-0.0191679848787394
2	174500001	175000000	-0.0586560677206925
2	175000001	175500000	0.00252145223237793
2	175500001	176000000	0.0226042854220076
2	176000001	176500000	-0.0225680254666969
2	176500001	177000000	-0.00915974810515717
2	177000001	177500000	-0.0332702380395554
2	177500001	178000000	-0.00764569582166104
2	178000001	178500000	0.067362515347686
2	178500001	179000000	-0.015832583098357
2	179000001	179500000	-0.0203700888345752
2	179500001	180000000	-0.0316033474961726
2	180000001	180500000	-0.0716708575515379
2	180500001	181000000	0.0494567551444359
2	181000001	181500000	0.0521136804253459
2	181500001	182000000	0.042555959002106
2	182000001	182500000	-0.046891829767087
2	182500001	183000000	0.00167780675039774
2	183000001	183500000	-0.0228563103444398
2	183500001	184000000	-0.00913612377041116
2	184000001	184500000	0.00594511159832663
2	184500001	185000000	0.000521601302435341
2	185000001	185500000	0.0121229170544023
2	185500001	186000000	0.0558170916636983
2	186000001	186500000	0.0109610238694936
2	186500001	187000000	-0.00171318737367539
2	187000001	187500000	-0.0105986330123068
2	187500001	188000000	-0.00718687673608207
2	188000001	188500000	0.0100522806932097
2	188500001	189000000	0.0058182404846332
2	189000001	189500000	-0.0402338939054434
2	189500001	190000000	-0.0318547743138465
2	190000001	190500000	0.0171454728029293
2	190500001	191000000	0.0177591197448234
2	191000001	191500000	0.039513117193112
2	191500001	192000000	0.0152214467481601
2	192000001	192500000	-0.00259396317996353
2	192500001	193000000	0.0201165358795401
2	193000001	193500000	0.00528723708082475
2	193500001	194000000	0.0277316732802771
2	194000001	194500000	-0.00660676576648271
2	194500001	195000000	-0.027786971745459
2	195000001	195500000	-0.022329679119917
2	195500001	196000000	0.0513770155525322
2	196000001	196500000	-0.0265246053946155
2	196500001	197000000	0.0465496546410455
2	197000001	197500000	0.0131749712798982
2	197500001	198000000	-0.0474785019246651
2	198000001	198500000	0.00770758929714605
2	198500001	199000000	0.0133901626045122
2	199000001	199500000	0.0452231702940336
2	199500001	200000000	-0.0067625108356659
2	200000001	200500000	0.00421097921845527
2	200500001	201000000	0.0211092334774569
2	201000001	201500000	-0.00894531385848668
2	201500001	202000000	0.0110297980429533
2	202000001	202500000	0.0110657059250513
2	202500001	203000000	0.0290276595269057
2	203000001	203500000	-0.0630258868441658
2	203500001	204000000	0.0355416105039989
2	204000001	204500000	0.031388632172591
2	204500001	205000000	0.0151872829340371
2	205000001	205500000	-0.0192433256939138
2	205500001	206000000	0.00196056360792081
2	206000001	206500000	0.0172779779618481
2	206500001	207000000	0.00644793212786849
2	207000001	207500000	0.00705902726351666
2	207500001	208000000	-0.040898230241931
2	208000001	208500000	-0.0095581335415316
2	208500001	209000000	0.0478615273652712
2	209000001	209500000	0.0109965330915751
2	209500001	210000000	-0.0160070484870863
2	210000001	210500000	-0.0989677401848977
2	210500001	211000000	0.0749427401338488
2	211000001	211500000	0.0466678083629766
2	211500001	212000000	-0.0449243601572265
2	212000001	212500000	-0.0323587383007568
2	212500001	213000000	-0.0137568622531701
2	213000001	213500000	0.0494577785097932
2	213500001	214000000	0.0198444018444853
2	214000001	214500000	0.0344947344626309
2	214500001	215000000	-0.0589484281613572
2	215000001	215500000	0.0063366912718278
2	215500001	216000000	-0.0565735199252075
2	216000001	216500000	0.00967161587933117
2	216500001	217000000	-0.0116085601977044
2	217000001	217500000	0.016707966699145
2	217500001	218000000	-0.0318841796842841
2	218000001	218500000	0.0139990737781904
2	218500001	219000000	0.0647812381701673
2	219000001	219500000	0.0156419241728612
2	219500001	220000000	-0.0224469658522407
2	220000001	220500000	0.0194067790387753
2	220500001	221000000	-0.0653262617017989
2	221000001	221500000	0.00564132903855451
2	221500001	222000000	0.0186577767855346
2	222000001	222500000	-0.00536631643822573
2	222500001	223000000	-0.0425484710661193
2	223000001	223500000	0.0280420128311299
2	223500001	224000000	-0.0600219076649407
2	224000001	224500000	-0.00125568431713013
2	224500001	225000000	0.012670311771713
2	225000001	225500000	-0.00108871049462407
2	225500001	226000000	-0.0302833183166531
2	226000001	226500000	0.0235283016499669
2	226500001	227000000	0.0300881839138445
2	227000001	227500000	-0.0443248027243735
2	227500001	228000000	0.0205954772040084
2	228000001	228500000	0.0173086829321318
2	228500001	229000000	0.0238865334949336
2	229000001	229500000	-0.0211392848732048
2	229500001	230000000	0.000361531663169531
2	230000001	230500000	0.0629062876139882
2	230500001	231000000	-0.0180527922588114
2	231000001	231500000	-0.0333948548635501
2	231500001	232000000	-0.0120059176603736
2	232000001	232500000	0.0703777864625629
2	232500001	233000000	-0.0287431959819567
2	233000001	233500000	0.0319662620001576
2	233500001	234000000	0.00365413831727466
2	234000001	234500000	NA
2	234500001	235000000	0.0111259802897764
2	235000001	235500000	-0.0172437367671061
2	235500001	236000000	-0.0318513434565188
2	236000001	236500000	-0.00709160826582961
2	236500001	237000000	0.0173734126697236
2	237000001	237500000	0.0109354906206646
2	237500001	238000000	-0.0290614867576353
2	238000001	238500000	-0.00762549785824146
2	238500001	239000000	0.0326539634687216
2	239000001	239500000	0.0403228801723518
2	239500001	240000000	NA
2	240000001	240500000	0.0363278135052861
2	240500001	241000000	NA
2	241000001	241500000	0.0118959287252401
2	241500001	242000000	-0.0284895741566348
2	242000001	242500000	0.0492063680207201
2	242500001	243000000	-0.0143597967400423
3	1	500000	NA
3	500001	1000000	0.0473603980784701
3	1000001	1500000	-0.0076222492320055
3	1500001	2000000	0.0219621133686434
3	2000001	2500000	-0.00544970839251301
3	2500001	3000000	-0.0677935025417929
3	3000001	3500000	0.00173004392258016
3	3500001	4000000	0.00808291094473184
3	4000001	4500000	0.0180009629630507
3	4500001	5000000	-0.0325097086310268
3	5000001	5500000	-0.00654313466069642
3	5500001	6000000	0.0139595566303197
3	6000001	6500000	0.0155039137166652
3	6500001	7000000	-0.00511705040545631
3	7000001	7500000	0.0432466286531629
3	7500001	8000000	-0.0597922980572718
3	8000001	8500000	0.0495782079088167
3	8500001	9000000	-0.0210877425201543
3	9000001	9500000	0.0269328460327229
3	9500001	10000000	0.0445904207391632
3	10000001	10500000	-0.0140418195549004
3	10500001	11000000	-0.00937030979289854
3	11000001	11500000	-0.0342053020877131
3	11500001	12000000	-0.0210202212747937
3	12000001	12500000	-0.011042880919922
3	12500001	13000000	-0.0382100674761371
3	13000001	13500000	0.0498570027350859
3	13500001	14000000	0.0513827322854145
3	14000001	14500000	0.00341014829489118
3	14500001	15000000	0.0215834045470878
3	15000001	15500000	0.0335544580137772
3	15500001	16000000	0.00981667167365008
3	16000001	16500000	-0.0169539507194386
3	16500001	17000000	0.0171897688450464
3	17000001	17500000	-0.0103441657536219
3	17500001	18000000	-0.0330481682238244
3	18000001	18500000	0.0156302628841589
3	18500001	19000000	-0.0153607513454292
3	19000001	19500000	0.0296539761149644
3	19500001	20000000	0.00507247336824585
3	20000001	20500000	0.0167626938202832
3	20500001	21000000	-0.0113241884248818
3	21000001	21500000	0.00331893902271779
3	21500001	22000000	0.0101215419544973
3	22000001	22500000	-0.0141341256129355
3	22500001	23000000	-0.0302233572650716
3	23000001	23500000	0.00139202915616063
3	23500001	24000000	0.0581131138888205
3	24000001	24500000	-0.04765881264298
3	24500001	25000000	0.0255878425394439
3	25000001	25500000	0.0129117979627705
3	25500001	26000000	-0.0255933692482794
3	26000001	26500000	0.0612323868929444
3	26500001	27000000	-0.00384644881341552
3	27000001	27500000	0.00278477187502882
3	27500001	28000000	-0.0195944913267444
3	28000001	28500000	0.0750425744466446
3	28500001	29000000	-0.0259518899109301
3	29000001	29500000	-0.0466524686290578
3	29500001	30000000	0.0235244876264058
3	30000001	30500000	0.0424369150608833
3	30500001	31000000	-0.0216653505153613
3	31000001	31500000	0.00604270571518344
3	31500001	32000000	0.0315064939346828
3	32000001	32500000	0.0462046967692128
3	32500001	33000000	-0.0171664281667628
3	33000001	33500000	-0.0768604632946093
3	33500001	34000000	0.00386866912146242
3	34000001	34500000	-0.013785526019195
3	34500001	35000000	-0.0366131388752148
3	35000001	35500000	0.0228752202220385
3	35500001	36000000	0.0398379389990251
3	36000001	36500000	0.034149434043273
3	36500001	37000000	-0.00452626480301989
3	37000001	37500000	-0.032326613175281
3	37500001	38000000	0.00618014845980308
3	38000001	38500000	0.070831151016399
3	38500001	39000000	0.0365860975749771
3	39000001	39500000	0.0247256709246337
3	39500001	40000000	-0.011877822408507
3	40000001	40500000	-0.0034964838015109
3	40500001	41000000	0.0493573700944761
3	41000001	41500000	0.000474911922044217
3	41500001	42000000	-0.0115135130692498
3	42000001	42500000	0.00996667914679459
3	42500001	43000000	0.0356665354878849
3	43000001	43500000	-0.00248172501134425
3	43500001	44000000	0.0185673443532907
3	44000001	44500000	0.040401020317399
3	44500001	45000000	-0.0336736082517186
3	45000001	45500000	-0.0256599039941414
3	45500001	46000000	0.0218290778197741
3	46000001	46500000	0.071032587190936
3	46500001	47000000	0.0221653030824622
3	47000001	47500000	-0.0174060190955081
3	47500001	48000000	-0.0341720116620412
3	48000001	48500000	0.0121150098105245
3	48500001	49000000	-0.0013376372681886
3	49000001	49500000	-0.0099883882875139
3	49500001	50000000	0.0260486388904767
3	50000001	50500000	0.000523787630360607
3	50500001	51000000	0.0318449465648288
3	51000001	51500000	0.0296939439744943
3	51500001	52000000	0.0114101905393746
3	52000001	52500000	0.00170684909952344
3	52500001	53000000	0.063890682738669
3	53000001	53500000	0.022955615503666
3	53500001	54000000	-0.0387029132837172
3	54000001	54500000	0.0979927585906471
3	54500001	55000000	-0.0287888983535621
3	55000001	55500000	-0.0700922456854242
3	55500001	56000000	-0.0418730672179944
3	56000001	56500000	-0.0355086143091655
3	56500001	57000000	-0.00578545470973885
3	57000001	57500000	0.0508716397537565
3	57500001	58000000	-0.0810062147995217
3	58000001	58500000	0.00137127348173865
3	58500001	59000000	0.0101123393470007
3	59000001	59500000	-0.00181329182904978
3	59500001	60000000	0.0420997764768457
3	60000001	60500000	NA
3	60500001	61000000	NA
3	61000001	61500000	-0.043058540132738
3	61500001	62000000	-0.0539524257836268
3	62000001	62500000	0.0796186077842937
3	62500001	63000000	-0.0504903716960399
3	63000001	63500000	-0.0497708889833717
3	63500001	64000000	0.00480716761494567
3	64000001	64500000	-0.00465455008199819
3	64500001	65000000	-0.0431064916451897
3	65000001	65500000	0.0300876745097378
3	65500001	66000000	0.00243165444634559
3	66000001	66500000	NA
3	66500001	67000000	0.0248317596134844
3	67000001	67500000	-0.0398730654261234
3	67500001	68000000	0.00319183585687441
3	68000001	68500000	-0.0549482871852045
3	68500001	69000000	0.0124572020426453
3	69000001	69500000	0.0205939694611539
3	69500001	70000000	0.0261669089395738
3	70000001	70500000	-0.00632395541280352
3	70500001	71000000	-0.00924401963117657
3	71000001	71500000	-0.0262779795396974
3	71500001	72000000	0.0231933665093417
3	72000001	72500000	0.00492264508026375
3	72500001	73000000	0.0214925096749939
3	73000001	73500000	-0.00248048010435055
3	73500001	74000000	-0.000925643005322999
3	74000001	74500000	-0.0316301478403513
3	74500001	75000000	-0.00861602195065864
3	75000001	75500000	0.069051106140311
3	75500001	76000000	-0.172155801325668
3	76000001	76500000	0.00843236804098603
3	76500001	77000000	-0.0219406582028558
3	77000001	77500000	0.065293760101725
3	77500001	78000000	-0.0450101536650319
3	78000001	78500000	0.0191448387048775
3	78500001	79000000	-0.0208432613914104
3	79000001	79500000	-0.0261958218454717
3	79500001	80000000	0.0552533469294881
3	80000001	80500000	-0.00686106130436162
3	80500001	81000000	-0.0180018804503445
3	81000001	81500000	-0.0261561819862984
3	81500001	82000000	0.0192375917320929
3	82000001	82500000	-0.0601563740202472
3	82500001	83000000	0.0206781210132441
3	83000001	83500000	NA
3	83500001	84000000	0.0215033866471547
3	84000001	84500000	-0.0826230650626021
3	84500001	85000000	-0.0132862927652251
3	85000001	85500000	-0.00288127839858738
3	85500001	86000000	0.0428714100398883
3	86000001	86500000	-0.00734548269082713
3	86500001	87000000	0.0094476171377433
3	87000001	87500000	-0.0494757985023871
3	87500001	88000000	-0.0226865096049548
3	88000001	88500000	0.0110337556183026
3	88500001	89000000	-0.0161892685714774
3	89000001	89500000	-0.0152741060846489
3	89500001	90000000	-0.0131014420458066
3	94000001	94500000	0.034039603317559
3	94500001	95000000	0.0027698348030016
3	95000001	95500000	-0.0222839959087453
3	95500001	96000000	0.0318117751411333
3	96000001	96500000	0.0307252874491588
3	96500001	97000000	-0.0134204141700918
3	97000001	97500000	0.0224267964989231
3	97500001	98000000	0.0370144426839292
3	98000001	98500000	0.0323395836439198
3	98500001	99000000	-0.0325509336703448
3	99000001	99500000	0.0641439279491636
3	99500001	100000000	-0.084120634551329
3	100000001	100500000	0.0377994247871396
3	100500001	101000000	-0.009585571221063
3	101000001	101500000	0.0406275044840663
3	101500001	102000000	-0.0350811722661446
3	102000001	102500000	0.0118278031364694
3	102500001	103000000	0.0101801314265325
3	103000001	103500000	-0.0283848464105609
3	103500001	104000000	-0.0271705895039343
3	104000001	104500000	-0.00802707664030008
3	104500001	105000000	-0.0193400311102014
3	105000001	105500000	0.0100296476167008
3	105500001	106000000	0.0227316220353649
3	106000001	106500000	-0.0349146169641904
3	106500001	107000000	-0.0256704364731077
3	107000001	107500000	-0.0114212973060245
3	107500001	108000000	0.0254123100856861
3	108000001	108500000	-0.036099632644835
3	108500001	109000000	0.0134957318055479
3	109000001	109500000	0.00193399510159112
3	109500001	110000000	-0.0196109732541202
3	110000001	110500000	0.0231346811144146
3	110500001	111000000	-0.0282999548636197
3	111000001	111500000	0.0137407002426422
3	111500001	112000000	0.000687273801127473
3	112000001	112500000	0.0180394660830628
3	112500001	113000000	-0.0163584839625663
3	113000001	113500000	0.00675008465216119
3	113500001	114000000	0.0109860010020743
3	114000001	114500000	-0.00620937926718134
3	114500001	115000000	0.0409586118953915
3	115000001	115500000	-0.0280048814340078
3	115500001	116000000	0.0278762889899304
3	116000001	116500000	-0.012266508527114
3	116500001	117000000	-0.0436079822756374
3	117000001	117500000	-0.0337617215648873
3	117500001	118000000	-0.0116951593300195
3	118000001	118500000	0.0364529653752116
3	118500001	119000000	0.0249724823611243
3	119000001	119500000	0.0177278288126494
3	119500001	120000000	0.0409667071721781
3	120000001	120500000	-0.014923429811552
3	120500001	121000000	0.0173109651709185
3	121000001	121500000	-0.00644384017411436
3	121500001	122000000	0.0145660209871659
3	122000001	122500000	0.0322613411784394
3	122500001	123000000	-0.0602142834703142
3	123000001	123500000	0.0200848612995887
3	123500001	124000000	-0.00944067319840112
3	124000001	124500000	0.010446669402657
3	124500001	125000000	0.0181659923202748
3	125000001	125500000	-0.010257994240011
3	125500001	126000000	0.0403403549524351
3	126000001	126500000	0.00869437799330418
3	126500001	127000000	-0.00133350899143773
3	127000001	127500000	-0.0566778537727738
3	127500001	128000000	0.0175326954073908
3	128000001	128500000	0.0313768967561532
3	128500001	129000000	0.0123752392181882
3	129000001	129500000	0.0704376537637433
3	129500001	130000000	-0.0579132252814615
3	130000001	130500000	0.0192004475145512
3	130500001	131000000	-0.0297245465996493
3	131000001	131500000	-0.0491798557087011
3	131500001	132000000	0.0196310068026356
3	132000001	132500000	-0.0352239631671793
3	132500001	133000000	-0.0476362530473304
3	133000001	133500000	0.0618468352818085
3	133500001	134000000	0.00166287417781957
3	134000001	134500000	0.0447300195073263
3	134500001	135000000	-0.0460838449969311
3	135000001	135500000	-0.0370884656055095
3	135500001	136000000	0.0626357883035782
3	136000001	136500000	-0.00628893726905653
3	136500001	137000000	0.0177789640928098
3	137000001	137500000	0.00369640861625825
3	137500001	138000000	-0.0142410711437249
3	138000001	138500000	-0.0265143341261514
3	138500001	139000000	-0.00536067942156479
3	139000001	139500000	0.023768488038126
3	139500001	140000000	0.00122829100106553
3	140000001	140500000	0.0171471518696383
3	140500001	141000000	0.0408076827414822
3	141000001	141500000	0.00119735489814154
3	141500001	142000000	-0.0780516685330545
3	142000001	142500000	0.0542336195429718
3	142500001	143000000	-0.00540392144392191
3	143000001	143500000	0.00885740995806559
3	143500001	144000000	0.0484468762654932
3	144000001	144500000	0.0118109182823602
3	144500001	145000000	-0.0854059823522491
3	145000001	145500000	0.0627730111452392
3	145500001	146000000	0.0464006458831692
3	146000001	146500000	0.0355387054530795
3	146500001	147000000	-0.0180646494940132
3	147000001	147500000	-4.44162189572441e-05
3	147500001	148000000	-0.0499457875167073
3	148000001	148500000	0.0510757503574801
3	148500001	149000000	-0.00479785865324201
3	149000001	149500000	-0.0206415502780801
3	149500001	150000000	-0.0173670953305035
3	150000001	150500000	-0.00726123410192232
3	150500001	151000000	0.0114307987689449
3	151000001	151500000	-0.0119009058016386
3	151500001	152000000	0.0347582235605765
3	152000001	152500000	-0.0242742805069158
3	152500001	153000000	-0.0436334191889343
3	153000001	153500000	0.0200491771718383
3	153500001	154000000	0.0304011196991822
3	154000001	154500000	-0.0376913085702027
3	154500001	155000000	0.0123202960802891
3	155000001	155500000	0.00924702315667333
3	155500001	156000000	-0.0106680745895404
3	156000001	156500000	0.0140932147447351
3	156500001	157000000	-0.0391125713613794
3	157000001	157500000	-0.00258307759264544
3	157500001	158000000	0.0042035311687875
3	158000001	158500000	0.0118193626254473
3	158500001	159000000	0.0280347411013753
3	159000001	159500000	0.0487648503750332
3	159500001	160000000	-0.031209015034485
3	160000001	160500000	-0.0531365324369212
3	160500001	161000000	-0.0322506498694334
3	161000001	161500000	-0.0307675218807111
3	161500001	162000000	-0.0595726842348909
3	162000001	162500000	-0.00682337479527146
3	162500001	163000000	-0.015098506686968
3	163000001	163500000	0.0438338372218159
3	163500001	164000000	-0.0794523023337776
3	164000001	164500000	0.0195114029120736
3	164500001	165000000	-0.00648276890667924
3	165000001	165500000	-0.0504396659128548
3	165500001	166000000	0.0518083913218368
3	166000001	166500000	-0.0738221746144286
3	166500001	167000000	0.0454455690005384
3	167000001	167500000	-0.000980672108722776
3	167500001	168000000	0.0230873588941143
3	168000001	168500000	-0.0303020936055677
3	168500001	169000000	-0.00690103306966077
3	169000001	169500000	0.0187112870593679
3	169500001	170000000	-0.00882645575882291
3	170000001	170500000	-0.0113580848175142
3	170500001	171000000	0.00578543035460329
3	171000001	171500000	-0.0182368014994242
3	171500001	172000000	0.0175612659624133
3	172000001	172500000	0.0505236132515967
3	172500001	173000000	-0.0372300500156424
3	173000001	173500000	-0.0293932897742643
3	173500001	174000000	0.0436624457933165
3	174000001	174500000	0.0250803335402795
3	174500001	175000000	-0.0566104051786743
3	175000001	175500000	-0.0104555985293003
3	175500001	176000000	0.0587171937593947
3	176000001	176500000	-0.00775092378851699
3	176500001	177000000	0.0329768658424772
3	177000001	177500000	-0.0647196741915021
3	177500001	178000000	0.0340311182595474
3	178000001	178500000	-0.0355821927090237
3	178500001	179000000	-0.0079086947604574
3	179000001	179500000	-0.00792916356381384
3	179500001	180000000	0.0498656040523769
3	180000001	180500000	-0.0473503084136974
3	180500001	181000000	0.0319399794920031
3	181000001	181500000	0.0248529636965689
3	181500001	182000000	-0.0640426428875686
3	182000001	182500000	-0.0307140507801218
3	182500001	183000000	-0.0175447591744002
3	183000001	183500000	-0.0219459129013827
3	183500001	184000000	-0.0344821288663389
3	184000001	184500000	0.0284988945904335
3	184500001	185000000	-0.0308043158776297
3	185000001	185500000	-0.0288557534210105
3	185500001	186000000	0.00567274874040152
3	186000001	186500000	0.0112278178633159
3	186500001	187000000	-0.0138836478393758
3	187000001	187500000	-0.0271490909265143
3	187500001	188000000	-0.0687952618116089
3	188000001	188500000	-0.00252695267772845
3	188500001	189000000	-0.0281950900700066
3	189000001	189500000	0.0379585275576009
3	189500001	190000000	-0.0168048457738449
3	190000001	190500000	-0.0081237373542343
3	190500001	191000000	0.00878034280174148
3	191000001	191500000	0.0083157993807869
3	191500001	192000000	0.000847480594816783
3	192000001	192500000	-0.00202796307043125
3	192500001	193000000	-0.0101484499415401
3	193000001	193500000	0.0711399932386648
3	193500001	194000000	-0.0324498873365834
3	194000001	194500000	NA
3	194500001	195000000	-0.00349211279891594
3	195000001	195500000	0.203834957590097
3	195500001	196000000	0.0240386408310096
3	196000001	196500000	-0.0639268080901955
3	196500001	197000000	0.11373701988417
3	197000001	197500000	0.0160159939315104
4	1	500000	NA
4	500001	1000000	0.0255751430387074
4	1000001	1500000	NA
4	1500001	2000000	0.029920223146043
4	2000001	2500000	0.0155582734028924
4	2500001	3000000	0.0264503770847867
4	3000001	3500000	-0.0291009178560392
4	3500001	4000000	0.179786952610676
4	4000001	4500000	0.131762810360892
4	4500001	5000000	-0.00323741520958602
4	5000001	5500000	0.0323103780101711
4	5500001	6000000	-0.0375873837868548
4	6000001	6500000	-0.0369874061257695
4	6500001	7000000	0.0113044719890553
4	7000001	7500000	0.0323745924465501
4	7500001	8000000	0.00318512998906734
4	8000001	8500000	-0.00629939254876176
4	8500001	9000000	NA
4	9500001	10000000	0.0635501060049731
4	10000001	10500000	-0.0937589455526169
4	10500001	11000000	-0.0241143758973415
4	11000001	11500000	-0.0473119756965353
4	11500001	12000000	0.0247349145295849
4	12000001	12500000	0.00477025700199469
4	12500001	13000000	-0.0273864665738119
4	13000001	13500000	0.0150836467882022
4	13500001	14000000	-0.0174371939991238
4	14000001	14500000	-0.0290384958532218
4	14500001	15000000	-0.0544266278467142
4	15000001	15500000	0.0383127561425217
4	15500001	16000000	-0.00743689343070795
4	16000001	16500000	0.00574479416616981
4	16500001	17000000	-0.0354508598885104
4	17000001	17500000	0.0737717976435467
4	17500001	18000000	-0.0335501040638547
4	18000001	18500000	-0.026962585595722
4	18500001	19000000	-0.00817046499349054
4	19000001	19500000	-0.0485512245221095
4	19500001	20000000	-0.0410818732359087
4	20000001	20500000	0.00617071261129164
4	20500001	21000000	0.0574934128075216
4	21000001	21500000	0.0380583202370257
4	21500001	22000000	-0.0564828012701404
4	22000001	22500000	0.0332549221880675
4	22500001	23000000	-0.00451630356399637
4	23000001	23500000	-0.0557369674402433
4	23500001	24000000	0.0350125102980689
4	24000001	24500000	0.00488211944054306
4	24500001	25000000	-0.017778825527975
4	25000001	25500000	0.0172440065374213
4	25500001	26000000	0.0129837718915386
4	26000001	26500000	-0.0408766181470103
4	26500001	27000000	0.0540465274323679
4	27000001	27500000	-0.0311360136109381
4	27500001	28000000	-0.0619391701998129
4	28000001	28500000	0.00394571819023346
4	28500001	29000000	-0.00384212842883466
4	29000001	29500000	-0.0549767546761915
4	29500001	30000000	0.00206263925155882
4	30000001	30500000	-0.0161399677923353
4	30500001	31000000	-0.019633214076738
4	31000001	31500000	0.0393837479659576
4	31500001	32000000	NA
4	32000001	32500000	-0.0123010713875638
4	32500001	33000000	NA
4	33000001	33500000	0.00763172956515509
4	33500001	34000000	0.0138740090599262
4	34000001	34500000	-0.00230410192523321
4	34500001	35000000	0.0157913441142675
4	35000001	35500000	-0.00543778625052308
4	35500001	36000000	0.0315800266744638
4	36000001	36500000	0.00769156332850661
4	36500001	37000000	0.0314833984522405
4	37000001	37500000	-0.00920593154984626
4	37500001	38000000	0.0184767474389905
4	38000001	38500000	-0.0266223297593161
4	38500001	39000000	0.0134217412436104
4	39000001	39500000	0.0150835603913665
4	39500001	40000000	-0.0438796705764484
4	40000001	40500000	NA
4	40500001	41000000	-0.0609196658771114
4	41000001	41500000	0.0196449592212449
4	41500001	42000000	0.00757730698854537
4	42000001	42500000	-0.0179150061159934
4	42500001	43000000	-0.0133237181209653
4	43000001	43500000	-0.015818047008386
4	43500001	44000000	0.037846490671317
4	44000001	44500000	-0.0169008747129628
4	44500001	45000000	-0.0317119161455839
4	45000001	45500000	0.0195126487146598
4	45500001	46000000	-0.00687165999579862
4	46000001	46500000	0.0235988103789772
4	46500001	47000000	0.000887564983867321
4	47000001	47500000	0.00175298596030817
4	47500001	48000000	-0.0297896651803705
4	48000001	48500000	-0.102787975887824
4	48500001	49000000	0.00973901963975822
4	53000001	53500000	0.0893640646402359
4	53500001	54000000	-0.00332002881100241
4	54000001	54500000	0.047132326410967
4	54500001	55000000	0.0062470005230548
4	55000001	55500000	0.000222913407652268
4	55500001	56000000	-0.0237540017009609
4	56000001	56500000	-0.0183528045022525
4	56500001	57000000	0.0411848407941112
4	57000001	57500000	0.0336583548316985
4	57500001	58000000	-0.0508323926159374
4	58000001	58500000	0.0174616699039166
4	58500001	59000000	-0.0253914934260741
4	59000001	59500000	-0.0257847476663775
4	59500001	60000000	NA
4	60000001	60500000	0.026063642756304
4	60500001	61000000	-0.0196969326989687
4	61000001	61500000	-0.0384788865841167
4	61500001	62000000	-0.0228667727805888
4	62000001	62500000	0.0389561878635578
4	62500001	63000000	-0.0224802857260529
4	63000001	63500000	0.015985435484664
4	63500001	64000000	-0.0332376294808919
4	64000001	64500000	0.0203091173979691
4	64500001	65000000	NA
4	65000001	65500000	-0.0307780745233923
4	65500001	66000000	-0.00985371661977628
4	66000001	66500000	-0.0192200284694419
4	66500001	67000000	0.00858755611952256
4	67000001	67500000	0.0233573528135445
4	67500001	68000000	-0.0172148110880957
4	68000001	68500000	0.512574505683087
4	68500001	69000000	-0.0375684545859881
4	69000001	69500000	0.0153054394937636
4	69500001	70000000	-0.0311373550999466
4	70000001	70500000	-0.122236066669019
4	70500001	71000000	-0.00672301004562552
4	71000001	71500000	0.0319685523079169
4	71500001	72000000	-0.0487885282189613
4	72000001	72500000	-0.00581733459804108
4	72500001	73000000	-0.0567083010554179
4	73000001	73500000	0.0172575024691571
4	73500001	74000000	0.0243314853669266
4	74000001	74500000	0.0333770311299431
4	74500001	75000000	-0.00756042887739408
4	75000001	75500000	NA
4	75500001	76000000	-0.035243129717154
4	76000001	76500000	0.0202148968837245
4	76500001	77000000	-0.0352620952153698
4	77000001	77500000	0.0407869349744811
4	77500001	78000000	-0.0638743585643546
4	78000001	78500000	0.00270049904359757
4	78500001	79000000	0.0194617475671702
4	79000001	79500000	0.0181182912785382
4	79500001	80000000	0.00327987046253905
4	80000001	80500000	0.026441421100685
4	80500001	81000000	-0.0636042181793595
4	81000001	81500000	0.0388576533101315
4	81500001	82000000	-0.0234350683907618
4	82000001	82500000	0.00607260800119221
4	82500001	83000000	-0.0311339461319981
4	83000001	83500000	-0.0116747279504473
4	83500001	84000000	-0.0431671106475724
4	84000001	84500000	0.017347548585823
4	84500001	85000000	-0.0298559674815128
4	85000001	85500000	0.0211032832460497
4	85500001	86000000	0.0094747777444066
4	86000001	86500000	-0.00831448900146482
4	86500001	87000000	0.0169830660241578
4	87000001	87500000	-0.0503920644051343
4	87500001	88000000	-0.0223413321327499
4	88000001	88500000	-0.0208517307681851
4	88500001	89000000	0.0603547438361884
4	89000001	89500000	-0.0242686134329756
4	89500001	90000000	0.00458476117464902
4	90000001	90500000	0.0290277567796233
4	90500001	91000000	-0.0211703869976447
4	91000001	91500000	0.031516958719502
4	91500001	92000000	0.013778529755124
4	92000001	92500000	0.0217093968485026
4	92500001	93000000	0.0120884283621988
4	93000001	93500000	0.0213494902798807
4	93500001	94000000	-0.00487465154407217
4	94000001	94500000	-0.0425070960209377
4	94500001	95000000	0.0538291745996615
4	95000001	95500000	0.00891778536707696
4	95500001	96000000	-0.0398184199538076
4	96000001	96500000	-0.0313310467946426
4	96500001	97000000	0.0171657446268987
4	97000001	97500000	0.0352374542229039
4	97500001	98000000	-0.0638045701662017
4	98000001	98500000	-0.0125652916100035
4	98500001	99000000	0.0336713906419805
4	99000001	99500000	0.035667441545919
4	99500001	100000000	8.31393404321825e-05
4	100000001	100500000	-0.0202296415134492
4	100500001	101000000	0.00445700387531028
4	101000001	101500000	-0.0213094125167343
4	101500001	102000000	0.00650684222821061
4	102000001	102500000	-0.0224183406986431
4	102500001	103000000	0.0182968410271649
4	103000001	103500000	0.0119057705107469
4	103500001	104000000	0.00851478458700123
4	104000001	104500000	0.0536551044471771
4	104500001	105000000	0.00270602904001419
4	105000001	105500000	-0.0310622015547865
4	105500001	106000000	-0.00856623468695927
4	106000001	106500000	-0.000810249676183704
4	106500001	107000000	-0.0352645759175379
4	107000001	107500000	0.0576236053178907
4	107500001	108000000	-0.0106151866488372
4	108000001	108500000	0.00296749934443772
4	108500001	109000000	-0.0472492120089013
4	109000001	109500000	0.0325973244292308
4	109500001	110000000	-0.000566442043764152
4	110000001	110500000	0.0314945626739504
4	110500001	111000000	0.0494340213845589
4	111000001	111500000	0.00920267155315477
4	111500001	112000000	-0.0519561699735835
4	112000001	112500000	0.0204131903564288
4	112500001	113000000	0.0188536420582014
4	113000001	113500000	0.0412752264010668
4	113500001	114000000	0.00950742901264478
4	114000001	114500000	0.0183070024625365
4	114500001	115000000	0.00178292417126123
4	115000001	115500000	-0.00881863496891717
4	115500001	116000000	0.0184941142042034
4	116000001	116500000	0.00216977435282007
4	116500001	117000000	-0.00806690899539395
4	117000001	117500000	-0.0230309220573503
4	117500001	118000000	0.0340991247251626
4	118000001	118500000	-0.0211679417086479
4	118500001	119000000	0.00291861260816564
4	119000001	119500000	0.0692152204884236
4	119500001	120000000	0.000214941601456847
4	120000001	120500000	-0.00571736459720539
4	120500001	121000000	-0.0235710261323612
4	121000001	121500000	0.0312487158274888
4	121500001	122000000	-0.024182215163129
4	122000001	122500000	-0.00404595741939625
4	122500001	123000000	0.024525940701094
4	123000001	123500000	0.0517626612000038
4	123500001	124000000	-0.0827695978903043
4	124000001	124500000	0.037644732327935
4	124500001	125000000	0.0152968067080129
4	125000001	125500000	-0.0829538528640945
4	125500001	126000000	0.00868651525940854
4	126000001	126500000	-0.0212960158130823
4	126500001	127000000	0.0149793574482862
4	127000001	127500000	-0.0114926455133793
4	127500001	128000000	0.0617650873993192
4	128000001	128500000	0.026727580063352
4	128500001	129000000	-0.0432152105709876
4	129000001	129500000	0.003641887287776
4	129500001	130000000	-0.00323207424631451
4	130000001	130500000	0.000377170517788958
4	130500001	131000000	-0.0272582034419898
4	131000001	131500000	-0.0187673781268345
4	131500001	132000000	0.0152184767266323
4	132000001	132500000	0.00391055489167151
4	133000001	133500000	0.0240913115136005
4	133500001	134000000	0.0170870385362974
4	134000001	134500000	-0.0180747306384888
4	134500001	135000000	-0.0484098950750432
4	135000001	135500000	0.0388231074023118
4	135500001	136000000	-0.00428684953838387
4	136000001	136500000	-0.0304416670703532
4	136500001	137000000	0.034279286088486
4	137000001	137500000	-0.024069900889103
4	137500001	138000000	-0.00507581220102619
4	138000001	138500000	-0.0372117902397161
4	138500001	139000000	0.0392099472107647
4	139000001	139500000	0.00539151552993548
4	139500001	140000000	0.0457746881372464
4	140000001	140500000	-0.0475524535751601
4	140500001	141000000	0.0389152927235658
4	141000001	141500000	0.00911972425730178
4	141500001	142000000	-0.0677308288621362
4	142000001	142500000	-0.0222169511497812
4	142500001	143000000	-0.0125611194344301
4	143000001	143500000	0.0820253065071948
4	143500001	144000000	0.00102533068138047
4	144000001	144500000	-0.0326876980807606
4	144500001	145000000	0.0319464722660469
4	145000001	145500000	0.0419774974607768
4	145500001	146000000	0.07004012131759
4	146000001	146500000	-0.0188207304914027
4	146500001	147000000	-0.0127702563473819
4	147000001	147500000	-0.0267826844883634
4	147500001	148000000	-0.00880107554317141
4	148000001	148500000	0.028862627778148
4	148500001	149000000	0.0186973865319147
4	149000001	149500000	-0.0180264091506985
4	149500001	150000000	-0.0238273424111985
4	150000001	150500000	0.0308125110550325
4	150500001	151000000	0.0207517222572467
4	151000001	151500000	0.152254416591649
4	151500001	152000000	-0.0443004900238906
4	152000001	152500000	-0.0200492763912782
4	152500001	153000000	-0.0245883042885434
4	153000001	153500000	0.0177489366743352
4	153500001	154000000	0.00710792615498586
4	154000001	154500000	0.0366528417354908
4	154500001	155000000	0.000509917505583051
4	155000001	155500000	-0.000867991796204133
4	155500001	156000000	0.00250937741873063
4	156000001	156500000	-0.0212410569610716
4	156500001	157000000	-0.04804624542409
4	157000001	157500000	0.0273650602068546
4	157500001	158000000	-0.032672818640897
4	158000001	158500000	-0.00963620724350715
4	158500001	159000000	0.0468904937033392
4	159000001	159500000	-0.0436034282084833
4	159500001	160000000	-0.0244089242873833
4	160000001	160500000	-0.0203630720493662
4	160500001	161000000	0.0348736329682186
4	161000001	161500000	0.0223554188030195
4	161500001	162000000	0.00158743467518289
4	162000001	162500000	-0.0154433833995456
4	162500001	163000000	-0.00653759030934288
4	163000001	163500000	0.0325713069141449
4	163500001	164000000	0.00682927774369273
4	164000001	164500000	0.0443399073637249
4	164500001	165000000	-0.0153908172238087
4	165000001	165500000	-0.0366761289755056
4	165500001	166000000	0.0153914270587546
4	166000001	166500000	0.0115798665081088
4	166500001	167000000	0.0381091579014826
4	167000001	167500000	-0.0775194828723325
4	167500001	168000000	0.0552505658202018
4	168000001	168500000	-0.0344356026814979
4	168500001	169000000	-0.04413255787245
4	169000001	169500000	0.0377006997179375
4	169500001	170000000	-0.0336168979081922
4	170000001	170500000	0.0402678033481473
4	170500001	171000000	0.00866019359634165
4	171000001	171500000	0.00161425566135947
4	171500001	172000000	-0.0528668694926997
4	172000001	172500000	0.018336318185923
4	172500001	173000000	-0.0334933204048063
4	173000001	173500000	-0.0236700550232037
4	173500001	174000000	-0.030888883366385
4	174000001	174500000	-0.00211981761629343
4	174500001	175000000	0.0279928561569213
4	175000001	175500000	0.0268794134051711
4	175500001	176000000	0.0148911665564863
4	176000001	176500000	-0.00440513907348113
4	176500001	177000000	0.015461311525006
4	177000001	177500000	0.0020860131693056
4	177500001	178000000	0.0443607752033482
4	178000001	178500000	-0.108319511171076
4	178500001	179000000	0.068976420072412
4	179000001	179500000	0.0267171799528567
4	179500001	180000000	0.042290402039658
4	180000001	180500000	-0.0546541998515493
4	180500001	181000000	-0.00572857083358136
4	181000001	181500000	-0.00304526581281857
4	181500001	182000000	-0.0761258166576243
4	182000001	182500000	0.0164226947041456
4	182500001	183000000	0.05997266309174
4	183000001	183500000	0.019820403876771
4	183500001	184000000	-0.0220893859509491
4	184000001	184500000	0.00263667724415578
4	184500001	185000000	-0.0441210695545276
4	185000001	185500000	-0.0360393884992104
4	185500001	186000000	-0.0378158987542301
4	186000001	186500000	0.00877606279830422
4	186500001	187000000	0.022840223015639
4	187000001	187500000	-0.00780289392380423
4	187500001	188000000	-0.0205464271334865
4	188000001	188500000	0.0432145860041262
4	188500001	189000000	-0.0269284253209938
4	189000001	189500000	-0.023257456897427
4	189500001	190000000	-0.0341791036856485
4	190000001	190500000	-0.0319410263927741
4	190500001	191000000	0.763008086794096
5	1	500000	NA
5	500001	1000000	-0.0329568914022472
5	1000001	1500000	-0.029117790534053
5	1500001	2000000	0.0110652991688451
5	2000001	2500000	0.0554082229928207
5	2500001	3000000	0.0145131712016035
5	3000001	3500000	-0.00279889535403078
5	3500001	4000000	0.0288646401101476
5	4000001	4500000	-0.0206755566124813
5	4500001	5000000	-0.0370307304821628
5	5000001	5500000	0.0050511873743482
5	5500001	6000000	0.0304086551398798
5	6000001	6500000	-0.0232764847324749
5	6500001	7000000	-0.0541349081141422
5	7000001	7500000	0.0491444789049665
5	7500001	8000000	0.0520013601679724
5	8000001	8500000	-0.00177929738429097
5	8500001	9000000	-0.0288936039089136
5	9000001	9500000	0.000740357676716173
5	9500001	10000000	0.0498522297376819
5	10000001	10500000	-0.00100748941789138
5	10500001	11000000	0.016857659318459
5	11000001	11500000	0.0418691650809283
5	11500001	12000000	0.0414462057011338
5	12000001	12500000	-0.0381035357864107
5	12500001	13000000	-0.026530298870889
5	13000001	13500000	-0.0533411456869903
5	13500001	14000000	-0.0201876939453043
5	14000001	14500000	-0.0227374981902354
5	14500001	15000000	0.0347135489815679
5	15000001	15500000	0.0148140113813953
5	15500001	16000000	-0.0660867839254703
5	16000001	16500000	0.0555814306443768
5	16500001	17000000	-0.0320920525264019
5	17000001	17500000	-0.03922287866514
5	17500001	18000000	NA
5	18000001	18500000	0.0127694954717195
5	18500001	19000000	-0.023840157309528
5	19000001	19500000	-0.033405352051822
5	19500001	20000000	-0.0337586692044513
5	20000001	20500000	0.0139676877259321
5	20500001	21000000	0.05648244070616
5	21000001	21500000	0.188071929231252
5	21500001	22000000	0.189967972033382
5	22000001	22500000	0.0138295065895247
5	22500001	23000000	-0.0556929920277946
5	23000001	23500000	0.00132019144193971
5	23500001	24000000	-0.031759654829316
5	24000001	24500000	-0.0100393517904223
5	24500001	25000000	0.0404117258759453
5	25000001	25500000	-0.00546733452335313
5	25500001	26000000	0.016865396581881
5	26000001	26500000	-0.0235441971886506
5	26500001	27000000	0.0132173626921725
5	27000001	27500000	-0.000817651521832473
5	27500001	28000000	-0.0344148718901946
5	28000001	28500000	0.0256137440806583
5	28500001	29000000	0.0327811388557089
5	29000001	29500000	0.0660273439004364
5	29500001	30000000	-0.0142437277184477
5	30000001	30500000	0.0240750214093262
5	30500001	31000000	0.0179189306883617
5	31000001	31500000	-0.00314564808060038
5	31500001	32000000	-0.0777683941286921
5	32000001	32500000	0.00119754013988447
5	32500001	33000000	-0.0676981206298609
5	33000001	33500000	0.0530995463166302
5	33500001	34000000	0.0221936864149902
5	34500001	35000000	-0.0227901367707984
5	35000001	35500000	0.0147148332164397
5	35500001	36000000	-0.0132175590666417
5	36000001	36500000	0.0179760703445659
5	36500001	37000000	0.0240917643964444
5	37000001	37500000	-0.0193615960403178
5	37500001	38000000	0.0125531829125151
5	38000001	38500000	0.0115665397447629
5	38500001	39000000	0.0103589920440443
5	39000001	39500000	0.00184511963873493
5	39500001	40000000	-0.0213089271718559
5	40000001	40500000	0.0694777323283736
5	40500001	41000000	0.0489940362132427
5	41000001	41500000	-0.00140792618165899
5	41500001	42000000	-0.0644016823272652
5	42000001	42500000	0.024599641635759
5	42500001	43000000	0.0291036171335122
5	43000001	43500000	-0.0179576557686736
5	43500001	44000000	-0.0103517423054329
5	44000001	44500000	0.0530488316790279
5	44500001	45000000	0.00570128402586029
5	45000001	45500000	0.0295279378284842
5	45500001	46000000	0.0410819723934512
5	50000001	50500000	0.0545783086049306
5	50500001	51000000	0.0125149076050655
5	51000001	51500000	-0.0243341914965982
5	51500001	52000000	0.0448524409170555
5	52000001	52500000	0.0681505472510434
5	52500001	53000000	-0.0161151084701789
5	53000001	53500000	-0.0342839870084119
5	53500001	54000000	0.0730122884370739
5	54000001	54500000	0.00944816452872737
5	54500001	55000000	-0.0361869107016666
5	55000001	55500000	0.0442173120403818
5	55500001	56000000	-0.0391518785745603
5	56000001	56500000	0.0668013636620094
5	56500001	57000000	-0.0202000600421865
5	57000001	57500000	0.014919662437563
5	57500001	58000000	-0.0142147771493486
5	58000001	58500000	0.0016231519078544
5	58500001	59000000	0.0126346998169633
5	59000001	59500000	-0.0222471697002178
5	59500001	60000000	0.00961411184681212
5	60000001	60500000	0.0270431175810702
5	60500001	61000000	0.0198656615320884
5	61000001	61500000	-0.00453999489220344
5	61500001	62000000	0.00809496463669411
5	62000001	62500000	-0.012705278263833
5	62500001	63000000	-0.0240820004188513
5	63000001	63500000	0.00986602458711292
5	63500001	64000000	0.058142140090591
5	64000001	64500000	0.0482563294193283
5	64500001	65000000	-0.0649294478511598
5	65000001	65500000	-0.030238562801581
5	65500001	66000000	0.0511713941142854
5	66000001	66500000	-0.0555680501480785
5	66500001	67000000	0.0226664870366584
5	67000001	67500000	-0.0325188448718471
5	67500001	68000000	0.0639382856713528
5	68000001	68500000	-0.00599588281083791
5	71000001	71500000	0.0359149399389067
5	71500001	72000000	0.0506608915889107
5	72000001	72500000	-0.00931649526822202
5	72500001	73000000	-0.0198888438775498
5	73000001	73500000	-0.00791472327076387
5	73500001	74000000	0.013731788262325
5	74000001	74500000	0.00633384440813974
5	74500001	75000000	-0.04290135100973
5	75000001	75500000	-0.039511383382148
5	75500001	76000000	0.0250247727629255
5	76000001	76500000	0.00793863385141497
5	76500001	77000000	0.044334123614847
5	77000001	77500000	0.00270487237275186
5	77500001	78000000	0.0139806509976157
5	78000001	78500000	0.0367526155184119
5	78500001	79000000	0.0302359345455497
5	79000001	79500000	-0.0490503129430808
5	79500001	80000000	-0.00161864660212888
5	80000001	80500000	-0.0080037130796653
5	80500001	81000000	-0.013421548120892
5	81000001	81500000	0.0149512614897005
5	81500001	82000000	-0.0291082730608564
5	82000001	82500000	0.00540146483755426
5	82500001	83000000	-0.0248176957323079
5	83000001	83500000	0.0297955577042664
5	83500001	84000000	-0.0330592893816217
5	84000001	84500000	0.0106216175233937
5	84500001	85000000	-0.0474408526888885
5	85000001	85500000	-0.0293497679026558
5	85500001	86000000	0.050347342602443
5	86000001	86500000	-0.0287108861371858
5	86500001	87000000	0.0299905617280918
5	87000001	87500000	-0.000739632815768992
5	87500001	88000000	-0.0261087131777864
5	88000001	88500000	0.0319634415508416
5	88500001	89000000	0.0358114100385272
5	89000001	89500000	0.0328668274625858
5	89500001	90000000	-0.0461449665597092
5	90000001	90500000	0.0227131195385344
5	90500001	91000000	0.0492829041292809
5	91000001	91500000	0.0497989894528883
5	91500001	92000000	NA
5	92000001	92500000	-0.0839841953734451
5	92500001	93000000	0.00790146834804588
5	93000001	93500000	-0.0476831895049902
5	93500001	94000000	-0.0263085049012384
5	94000001	94500000	0.0305387072267082
5	94500001	95000000	0.0832990335461045
5	95000001	95500000	0.0139253196875197
5	95500001	96000000	0.0273684624616995
5	96000001	96500000	-0.00787641294056551
5	96500001	97000000	0.025391608512675
5	97000001	97500000	0.0325535374547956
5	97500001	98000000	0.00205414834120189
5	98000001	98500000	-0.0429788986373363
5	98500001	99000000	-0.00787703503425831
5	99000001	99500000	-0.0222682360628863
5	99500001	100000000	-0.0146220351278819
5	100000001	100500000	0.0383768378208737
5	100500001	101000000	-0.0111609535494066
5	101000001	101500000	0.0330845447105784
5	101500001	102000000	-0.0222727533074915
5	102000001	102500000	0.0250654897658113
5	102500001	103000000	-0.00497986846838011
5	103000001	103500000	-0.0177192779928513
5	103500001	104000000	-0.0216091521159226
5	104000001	104500000	0.00979840625076668
5	104500001	105000000	NA
5	105000001	105500000	0.0196603300170987
5	105500001	106000000	-0.0573499497855802
5	106000001	106500000	0.0348897950466213
5	106500001	107000000	-0.0693117503206134
5	107000001	107500000	0.00814611393064768
5	107500001	108000000	0.019802094377082
5	108000001	108500000	2.67158401850209e-05
5	108500001	109000000	0.00877895587496621
5	109000001	109500000	0.0103027230471126
5	109500001	110000000	0.00560107127118367
5	110000001	110500000	0.0334287126030383
5	110500001	111000000	0.012894000600154
5	111000001	111500000	-0.00181840989271417
5	111500001	112000000	-0.00496302635604044
5	112000001	112500000	-0.0153052449763814
5	112500001	113000000	-0.0415571421332343
5	113000001	113500000	-0.0494390989492325
5	113500001	114000000	0.0627291659890014
5	114000001	114500000	0.0205793939373036
5	114500001	115000000	-0.0566380234318879
5	115000001	115500000	0.00139305389497451
5	115500001	116000000	0.0398446126148794
5	116000001	116500000	-0.0347745889323883
5	116500001	117000000	-0.00744061791063803
5	117000001	117500000	-0.0131390863778847
5	117500001	118000000	-0.0214979102883982
5	118000001	118500000	0.0680187604655033
5	118500001	119000000	-0.0525957737106673
5	119000001	119500000	0.0179177483657717
5	119500001	120000000	0.0449456135553489
5	120000001	120500000	-0.0132950889699213
5	120500001	121000000	-0.0319036801441897
5	121000001	121500000	0.00596171179122983
5	121500001	122000000	0.0127023845099116
5	122000001	122500000	-0.0251773322490098
5	122500001	123000000	0.0131039394176566
5	123000001	123500000	-0.00295070000129977
5	123500001	124000000	0.0053539328210965
5	124000001	124500000	-0.0404192799553284
5	124500001	125000000	0.0341047558673181
5	125000001	125500000	0.0410503070000936
5	125500001	126000000	0.0365653022249768
5	126000001	126500000	-0.0321659116412537
5	126500001	127000000	0.00936773102275063
5	127000001	127500000	0.0107037230388613
5	127500001	128000000	0.0039684646380431
5	128000001	128500000	-0.00196371516553948
5	128500001	129000000	0.0285982910123876
5	129000001	129500000	0.00292893551350785
5	129500001	130000000	0.0295871200966205
5	130000001	130500000	0.0482375283201135
5	130500001	131000000	-0.0168154183132425
5	131000001	131500000	-0.041618806229471
5	131500001	132000000	0.016620668460774
5	132000001	132500000	0.0194169668682525
5	132500001	133000000	0.0145232789891466
5	133000001	133500000	-0.0173253324251717
5	133500001	134000000	0.00481249354565703
5	134000001	134500000	-0.0156589422600163
5	134500001	135000000	0.0390312634244535
5	135000001	135500000	0.00323112938025616
5	135500001	136000000	0.0361539458902883
5	136000001	136500000	-0.0374276208470363
5	136500001	137000000	0.0510556696072617
5	137000001	137500000	0.00864513317698055
5	137500001	138000000	-0.0491478545782775
5	138000001	138500000	-0.0101342590631203
5	138500001	139000000	NA
5	139000001	139500000	0.0729814998926737
5	139500001	140000000	-0.0409548994627439
5	140000001	140500000	0.0197722616496608
5	140500001	141000000	-0.00147926154810012
5	141000001	141500000	0.0362154406699952
5	141500001	142000000	-0.0578423713330371
5	142000001	142500000	0.014380514860659
5	142500001	143000000	0.0231200618800436
5	143000001	143500000	0.04276573171294
5	143500001	144000000	-0.0111775812654558
5	144000001	144500000	0.00545924030775887
5	144500001	145000000	0.0517770792258254
5	145000001	145500000	-0.0259076562255275
5	145500001	146000000	-0.0219914140913119
5	146000001	146500000	0.0471386991831077
5	146500001	147000000	-0.00611505883642507
5	147000001	147500000	-0.04724731155669
5	147500001	148000000	0.0141089451775407
5	148000001	148500000	0.0235143291477369
5	148500001	149000000	0.00834842312967715
5	149000001	149500000	0.0209743419054538
5	149500001	150000000	-0.0547518557752237
5	150000001	150500000	0.00644406320215827
5	150500001	151000000	-0.0175969522941
5	151000001	151500000	0.0177036869372116
5	151500001	152000000	-0.0184011433660317
5	152000001	152500000	-0.0188535082256578
5	152500001	153000000	0.00556727165155317
5	153000001	153500000	-0.0476243674378189
5	153500001	154000000	0.0461077969591533
5	154000001	154500000	-0.0131906845529202
5	154500001	155000000	-0.0035020621549054
5	155000001	155500000	NA
5	155500001	156000000	0.0297515901294053
5	156000001	156500000	0.0216677292834693
5	156500001	157000000	0.0123599368788526
5	157000001	157500000	-0.0149214865505184
5	157500001	158000000	-0.0490677254274997
5	158000001	158500000	0.0344787022367649
5	158500001	159000000	-0.0220707920602308
5	159000001	159500000	0.0236668339418847
5	159500001	160000000	-0.0388416081443019
5	160000001	160500000	0.00778574555346186
5	160500001	161000000	-0.0277590770492651
5	161000001	161500000	-0.0263463687793096
5	161500001	162000000	-0.0328575067627014
5	162000001	162500000	0.00909498453469464
5	162500001	163000000	0.0248173054819094
5	163000001	163500000	-0.000251636222945933
5	163500001	164000000	-0.0170165507559028
5	164000001	164500000	0.0513297989475981
5	164500001	165000000	-0.00585454698297833
5	165000001	165500000	-0.0373373773088999
5	165500001	166000000	0.0025138815275184
5	166000001	166500000	-0.0772064775645868
5	166500001	167000000	-0.0497699739934787
5	167000001	167500000	0.0139472393217421
5	167500001	168000000	0.00139555845403185
5	168000001	168500000	0.0178343481793793
5	168500001	169000000	0.0691490597383226
5	169000001	169500000	-0.00460139498093253
5	169500001	170000000	0.0287572703559404
5	170000001	170500000	0.0175683310665607
5	170500001	171000000	-0.0302873193573051
5	171000001	171500000	0.0358286827178527
5	171500001	172000000	0.0172485833873081
5	172000001	172500000	-0.0853242831758267
5	172500001	173000000	-0.0354691559737249
5	173000001	173500000	-0.00803560420113765
5	173500001	174000000	0.00267161059085482
5	174000001	174500000	0.0446950330268028
5	174500001	175000000	-0.0387822812554313
5	175000001	175500000	0.0107947387673339
5	175500001	176000000	-0.0561494131960005
5	176000001	176500000	-0.000954911141404893
5	176500001	177000000	0.0540068223856172
5	177500001	178000000	0.0232737459561035
5	178000001	178500000	-0.0319808565237399
5	178500001	179000000	-0.0393444975944185
5	179000001	179500000	0.00546761787050242
5	179500001	180000000	0.0327421216404267
5	180000001	180500000	-0.0150264326719884
6	500001	1000000	0.0528067660278279
6	1000001	1500000	-0.0247128548122135
6	1500001	2000000	-0.0287254571214138
6	2000001	2500000	-0.0321715244459435
6	2500001	3000000	0.0421927083716563
6	3000001	3500000	0.029469427281049
6	3500001	4000000	-0.0160490727262864
6	4000001	4500000	-0.0697641989564721
6	4500001	5000000	-0.00181582461149425
6	5000001	5500000	0.0243322832963544
6	5500001	6000000	0.000285971511765879
6	6000001	6500000	0.00842294534945641
6	6500001	7000000	-0.0274364164001584
6	7000001	7500000	-0.0441083814767131
6	7500001	8000000	0.0388832954544309
6	8000001	8500000	0.00409849764462687
6	8500001	9000000	-0.0776168782598875
6	9000001	9500000	0.0373641793725962
6	9500001	10000000	-0.0220761926902457
6	10000001	10500000	0.0382497994347518
6	10500001	11000000	-0.0271756883034187
6	11000001	11500000	-0.0208743450918142
6	11500001	12000000	0.0381569370201772
6	12000001	12500000	0.0349553253214436
6	12500001	13000000	-0.0104069540462987
6	13000001	13500000	0.0391997026294515
6	13500001	14000000	0.0108205166586462
6	14000001	14500000	-0.0263220490334884
6	14500001	15000000	-0.0124211650856054
6	15000001	15500000	-0.0330302784192418
6	15500001	16000000	0.0130405715865431
6	16000001	16500000	-0.0146896640208981
6	16500001	17000000	-0.0386498810583557
6	17000001	17500000	0.0135850200724375
6	17500001	18000000	0.037509973905426
6	18000001	18500000	-0.00910874704703085
6	18500001	19000000	0.0171558672071647
6	19000001	19500000	-0.0194092241457325
6	19500001	20000000	0.0429704172535323
6	20000001	20500000	-0.0694954293824552
6	20500001	21000000	-0.0029357784863287
6	21000001	21500000	-0.0145925264037004
6	21500001	22000000	-0.0249909359422997
6	22000001	22500000	0.0401180922870069
6	22500001	23000000	-0.0391218680930294
6	23000001	23500000	0.011705454124157
6	23500001	24000000	-0.00914221774347468
6	24000001	24500000	-0.0537067844082168
6	24500001	25000000	0.0224147675969471
6	25000001	25500000	0.0314498604771126
6	25500001	26000000	0.01560564434897
6	26000001	26500000	-0.0161988851895897
6	27000001	27500000	0.0218052008188694
6	27500001	28000000	0.0324468840844387
6	28000001	28500000	0.0127305798665459
6	28500001	29000000	0.0336407743740581
6	29000001	29500000	-0.0395524159246679
6	29500001	30000000	-0.0880848959734928
6	30000001	30500000	0.0298232366166925
6	30500001	31000000	-0.0153575113117731
6	31000001	31500000	0.0363903083563963
6	31500001	32000000	-0.124728340609174
6	32000001	32500000	-0.110593299834895
6	32500001	33000000	0.0123073477748117
6	33000001	33500000	0.0318712574124668
6	33500001	34000000	-0.000640603785825604
6	34000001	34500000	-0.0155248245014396
6	34500001	35000000	-0.0311817243610607
6	35000001	35500000	0.0202493563466005
6	35500001	36000000	-0.0431545321868584
6	36000001	36500000	0.011831643871934
6	36500001	37000000	-0.0211019593946562
6	37000001	37500000	-0.00985827973615986
6	37500001	38000000	0.0484812698759874
6	38000001	38500000	0.0187702505677519
6	38500001	39000000	-0.010907081293854
6	39000001	39500000	-0.00942807434872282
6	39500001	40000000	0.0280906098607922
6	40000001	40500000	-0.00166811125708606
6	40500001	41000000	0.063023477105575
6	41000001	41500000	0.0326280491789955
6	41500001	42000000	0.00181781778056896
6	42000001	42500000	-0.0657321470021891
6	42500001	43000000	-0.00112549767119439
6	43000001	43500000	-0.00496540605583192
6	43500001	44000000	-0.0115651638714732
6	44000001	44500000	0.0125398085943402
6	44500001	45000000	0.0195900645644033
6	45000001	45500000	0.0182115352698984
6	45500001	46000000	-0.0561844111476907
6	46000001	46500000	-0.00313976944318978
6	46500001	47000000	0.00847355538183036
6	47000001	47500000	0.00591295645560897
6	47500001	48000000	0.00170809684004211
6	48000001	48500000	-0.0268844093315636
6	48500001	49000000	0.0358698881233702
6	49000001	49500000	0.0220986157357367
6	49500001	50000000	-0.0634936050392085
6	50000001	50500000	-0.029856275424754
6	50500001	51000000	0.0344315476405071
6	51000001	51500000	-0.00398076480264859
6	51500001	52000000	-0.00872233536778212
6	52000001	52500000	-0.0167002099876708
6	52500001	53000000	0.0387650727675213
6	53000001	53500000	-0.0159177121546692
6	53500001	54000000	0.00135702211726795
6	54000001	54500000	-0.000560150464349279
6	54500001	55000000	-0.0185920779825293
6	55000001	55500000	0.0229723004535111
6	55500001	56000000	-0.00736658319236736
6	56000001	56500000	0.0120189500329346
6	56500001	57000000	0.023827186498361
6	57000001	57500000	0.835303380872892
6	57500001	58000000	0.438018190074874
6	62000001	62500000	NA
6	62500001	63000000	-0.0483949782222155
6	63000001	63500000	0.0375935292610847
6	63500001	64000000	-0.00330013717758021
6	64000001	64500000	0.0038275905641692
6	64500001	65000000	0.019254846843491
6	65000001	65500000	0.0571572316426287
6	65500001	66000000	-0.0225261767056781
6	66000001	66500000	-0.0458985930483796
6	66500001	67000000	0.005528312564806
6	67000001	67500000	0.00709957481587576
6	67500001	68000000	0.0292109957732175
6	68000001	68500000	0.026232561024848
6	68500001	69000000	-0.0312064696084138
6	69000001	69500000	-0.0199814553434315
6	69500001	70000000	-0.0134245146944695
6	70000001	70500000	-0.0282958457145765
6	70500001	71000000	0.0367906407322781
6	71000001	71500000	0.0205889397475729
6	71500001	72000000	-0.0258664328283209
6	72000001	72500000	0.0476277259787705
6	72500001	73000000	-0.0248817386471449
6	73000001	73500000	-0.00869579375898916
6	73500001	74000000	-0.0471906416395312
6	74000001	74500000	-0.0014757857056723
6	74500001	75000000	0.0598072954989272
6	75000001	75500000	0.0665635523307526
6	75500001	76000000	0.0192807130857924
6	76000001	76500000	-0.0114007933757861
6	76500001	77000000	-0.0477561329766404
6	77000001	77500000	-0.0319961270316442
6	77500001	78000000	0.0479573804077593
6	78000001	78500000	-0.0851945947992878
6	78500001	79000000	-0.0254367799259486
6	79000001	79500000	-0.105383163749968
6	79500001	80000000	-0.0761296221201608
6	80000001	80500000	0.0523118165216251
6	80500001	81000000	-0.00468525644073335
6	81000001	81500000	0.0547505099918731
6	81500001	82000000	0.0473747097244286
6	82000001	82500000	0.027994982659494
6	82500001	83000000	-0.0103448570462435
6	83000001	83500000	0.0541761074910215
6	83500001	84000000	-0.0607514511377001
6	84000001	84500000	-0.00836671485901175
6	84500001	85000000	0.047882914682153
6	85000001	85500000	-0.0385517828846774
6	85500001	86000000	0.0525760111833766
6	86000001	86500000	0.00703178276843011
6	86500001	87000000	-0.0515671164456026
6	87000001	87500000	0.0419853301859436
6	87500001	88000000	0.0342034990388368
6	88000001	88500000	0.00763015997275163
6	88500001	89000000	-0.00346810405977825
6	89000001	89500000	0.00601961523298504
6	89500001	90000000	0.035282843998668
6	90000001	90500000	0.0220395163409467
6	90500001	91000000	-0.0403208435453043
6	91000001	91500000	-0.0553925730286646
6	91500001	92000000	-0.00368931321773666
6	92000001	92500000	0.0454208316648084
6	92500001	93000000	0.000434487872235104
6	93000001	93500000	0.0474004105696929
6	93500001	94000000	0.0428179070499182
6	94000001	94500000	-0.0297576690526791
6	94500001	95000000	-0.0274394319326306
6	95000001	95500000	0.0258016187668698
6	96000001	96500000	-0.040305822558135
6	96500001	97000000	-0.0186627388940376
6	97000001	97500000	-0.026994527930473
6	97500001	98000000	-0.00964397307117787
6	98000001	98500000	0.0741722064034552
6	98500001	99000000	-0.0250416933129497
6	99000001	99500000	0.0412036098150638
6	99500001	100000000	0.0113715386169043
6	100000001	100500000	-0.0310338805460769
6	100500001	101000000	0.0463815425333261
6	101000001	101500000	-0.0177103736833954
6	101500001	102000000	0.0247570641517911
6	102000001	102500000	NA
6	102500001	103000000	-0.0542071935596734
6	103000001	103500000	0.00889408328077885
6	103500001	104000000	-0.0785220579563501
6	104000001	104500000	-6.64754948928188e-05
6	104500001	105000000	0.0230184893774403
6	105000001	105500000	0.0299366449653097
6	105500001	106000000	-0.012890366500209
6	106000001	106500000	-0.0135101079115234
6	106500001	107000000	0.00892845198458771
6	107000001	107500000	-0.0510333380273212
6	107500001	108000000	0.053642353277491
6	108000001	108500000	0.0124966968945041
6	108500001	109000000	-0.0113721085273278
6	109000001	109500000	0.0320492197058021
6	109500001	110000000	0.0180960811321277
6	110000001	110500000	-0.0337079041781446
6	110500001	111000000	0.00054544584714266
6	111000001	111500000	0.00481100563072248
6	111500001	112000000	-0.0243122534094661
6	112000001	112500000	-0.0487621130164249
6	112500001	113000000	0.0347525410941369
6	113000001	113500000	0.0145844281922729
6	113500001	114000000	-0.0452525716378926
6	114000001	114500000	0.0125863386622469
6	114500001	115000000	0.00213920584805815
6	115000001	115500000	-0.0311134608656004
6	115500001	116000000	NA
6	116000001	116500000	-0.0273460863793422
6	116500001	117000000	0.034679156321658
6	117000001	117500000	0.0162319526896702
6	117500001	118000000	-0.026374079859588
6	118000001	118500000	-0.0407008736136166
6	118500001	119000000	0.00897421203250208
6	119000001	119500000	0.0454629261471033
6	119500001	120000000	0.0155410842640402
6	120000001	120500000	0.0277800679352838
6	120500001	121000000	-0.0197582002659956
6	121000001	121500000	-0.0195289628523179
6	121500001	122000000	0.00641796271135041
6	122000001	122500000	0.0326487943581067
6	122500001	123000000	0.000847808532681656
6	123000001	123500000	0.0180770942364321
6	123500001	124000000	0.00322407565931392
6	124000001	124500000	0.00368962308534836
6	124500001	125000000	0.0161751602021472
6	125000001	125500000	-0.0579126682873396
6	125500001	126000000	0.0145273199076709
6	126000001	126500000	0.0307442339928699
6	126500001	127000000	0.0270406182720162
6	127000001	127500000	-0.0184979518958002
6	127500001	128000000	-0.0042348504658818
6	128000001	128500000	0.0189800315066906
6	128500001	129000000	0.0285429756260723
6	129000001	129500000	-0.04489949542114
6	129500001	130000000	0.0107096050633885
6	130000001	130500000	-0.0353122985130226
6	130500001	131000000	-0.00439909967027391
6	131000001	131500000	0.000431275550117956
6	131500001	132000000	0.0335911921718922
6	132000001	132500000	0.00456621487148852
6	132500001	133000000	0.0285216737252247
6	133000001	133500000	0.0174954778301786
6	133500001	134000000	-0.0543824541791918
6	134000001	134500000	0.0352388082832575
6	134500001	135000000	-0.0236795986892139
6	135000001	135500000	-0.0376737479054765
6	135500001	136000000	0.0457942463786075
6	136000001	136500000	0.0443982654805128
6	136500001	137000000	0.0288090065627116
6	137000001	137500000	-0.0118981236489353
6	137500001	138000000	-0.038270702991238
6	138000001	138500000	0.041021158715938
6	138500001	139000000	-0.00289066163239645
6	139000001	139500000	-0.0207417204529398
6	139500001	140000000	-0.0402882376095839
6	140000001	140500000	-0.0665608690097546
6	140500001	141000000	0.024381805364861
6	141000001	141500000	-0.0228290271439273
6	141500001	142000000	-0.0223045447081544
6	142000001	142500000	0.0222653147719502
6	142500001	143000000	0.0148617277210504
6	143000001	143500000	-0.00305436321718072
6	143500001	144000000	0.0466032925566315
6	144000001	144500000	-0.0355612944235453
6	144500001	145000000	0.0885264589291864
6	145000001	145500000	0.0262816066844983
6	145500001	146000000	-0.0182271395589814
6	146000001	146500000	0.0263424146047063
6	146500001	147000000	-0.0633454754195032
6	147000001	147500000	0.0292754937426602
6	147500001	148000000	0.0424084077098411
6	148000001	148500000	-0.0494609464889483
6	148500001	149000000	0.0126586377929209
6	149000001	149500000	-0.00917379443140693
6	149500001	150000000	-0.039800115758963
6	150000001	150500000	-0.0536430579550412
6	150500001	151000000	0.0177524569182068
6	151000001	151500000	0.0707056940494576
6	151500001	152000000	0.0136079479922998
6	152000001	152500000	-0.0096413172875921
6	152500001	153000000	0.0224467626704048
6	153000001	153500000	-0.026433454818724
6	153500001	154000000	-0.0198764727774588
6	154000001	154500000	0.0951180081303012
6	154500001	155000000	0.0203058877861586
6	155000001	155500000	0.0311008119676071
6	155500001	156000000	-0.0142949434908317
6	156000001	156500000	-0.0449914276925363
6	156500001	157000000	-0.0442489864683109
6	157000001	157500000	0.038448850490452
6	157500001	158000000	NA
6	158000001	158500000	-0.0401336099098352
6	158500001	159000000	-0.0333092220877017
6	159000001	159500000	0.00302778319534805
6	159500001	160000000	0.0469192543181143
6	160000001	160500000	-0.0476318127941974
6	160500001	161000000	0.0333458044415844
6	161000001	161500000	-0.0801479420433839
6	161500001	162000000	-0.0403005474529545
6	162000001	162500000	-0.0309020179051545
6	162500001	163000000	-0.037715184231813
6	163000001	163500000	-0.0452474902987967
6	163500001	164000000	0.0476724573437146
6	164000001	164500000	0.0232822225193415
6	164500001	165000000	0.0207414139084125
6	165000001	165500000	-0.0284823692727171
6	165500001	166000000	0.000366210621168588
6	166000001	166500000	-0.00190391470223872
6	166500001	167000000	0.0051486326104341
6	167000001	167500000	-0.0453940430199306
6	167500001	168000000	NA
6	168000001	168500000	NA
6	168500001	169000000	-0.0360828246853053
6	169000001	169500000	0.016362500875055
6	169500001	170000000	0.0191524034030111
6	170000001	170500000	NA
6	170500001	171000000	-0.0366622921724088
7	1	500000	NA
7	500001	1000000	-0.0474091596967639
7	1000001	1500000	-0.0202008459851421
7	1500001	2000000	0.0117208044710249
7	2000001	2500000	-0.00274412945531315
7	2500001	3000000	0.0546063084188496
7	3000001	3500000	-0.0489281802789586
7	3500001	4000000	0.0283320508644347
7	4000001	4500000	-0.0289892729667724
7	4500001	5000000	0.00618445545783259
7	5000001	5500000	-0.0150330189967508
7	5500001	6000000	-0.0837918565917781
7	6000001	6500000	-0.0767963532171477
7	6500001	7000000	-0.0176656180449001
7	7000001	7500000	0.0400871302046419
7	7500001	8000000	-0.0338511640213669
7	8000001	8500000	0.068438214955201
7	8500001	9000000	-0.00159519064623765
7	9000001	9500000	-0.0124222230985129
7	9500001	10000000	0.0118366763499225
7	10000001	10500000	0.0196926327756546
7	10500001	11000000	-0.0142698810159247
7	11000001	11500000	0.0190473425086731
7	11500001	12000000	0.040407046303961
7	12000001	12500000	-0.0270237315776213
7	12500001	13000000	-0.0118588274687061
7	13000001	13500000	-0.0358799789404392
7	13500001	14000000	-0.000884209540605084
7	14000001	14500000	-0.0663155454343732
7	14500001	15000000	-0.0286170190111955
7	15000001	15500000	0.0678162153154232
7	15500001	16000000	0.002134850370869
7	16000001	16500000	-0.0296761142681868
7	16500001	17000000	-0.00784903689717338
7	17000001	17500000	0.0484194694157632
7	17500001	18000000	0.00837960300844646
7	18000001	18500000	0.000105729190034834
7	18500001	19000000	-0.0206950180743851
7	19000001	19500000	0.0244705788701707
7	19500001	20000000	-0.0357041397503642
7	20000001	20500000	0.0302338716175428
7	20500001	21000000	0.00913376488749658
7	21000001	21500000	0.00119359346840781
7	21500001	22000000	0.0104320442539785
7	22000001	22500000	-0.00956126597494498
7	22500001	23000000	-0.0266792345471006
7	23000001	23500000	0.033138036496706
7	23500001	24000000	0.025518089676129
7	24000001	24500000	-0.015622062974964
7	24500001	25000000	-0.0489842765480098
7	25000001	25500000	0.000521905149161169
7	25500001	26000000	0.00639980650866616
7	26000001	26500000	0.0076715780176875
7	26500001	27000000	-0.00942375491700269
7	27000001	27500000	0.00137616812473883
7	27500001	28000000	0.0100807175732102
7	28000001	28500000	0.00498824277330722
7	28500001	29000000	0.0333328990761151
7	29000001	29500000	-0.0145899330162562
7	29500001	30000000	0.0275013899740667
7	30000001	30500000	-0.0590580740097053
7	30500001	31000000	-0.0189872324572987
7	31000001	31500000	-0.00189917522286701
7	31500001	32000000	-0.0150269143415559
7	32000001	32500000	0.0145697565917508
7	32500001	33000000	0.0168931657437991
7	33000001	33500000	-0.0872452279014605
7	33500001	34000000	0.0461300955423176
7	34000001	34500000	0.00973461588703303
7	34500001	35000000	0.0536432155875908
7	35000001	35500000	0.0370300505538804
7	35500001	36000000	0.0220702104421131
7	36000001	36500000	-0.0374180608488637
7	36500001	37000000	0.0511633915218516
7	37000001	37500000	-0.00424852183393547
7	37500001	38000000	-0.00836035789463922
7	38000001	38500000	-0.157405678581438
7	38500001	39000000	0.0651948858908312
7	39000001	39500000	-0.0295574810854942
7	39500001	40000000	-0.045398275147953
7	40000001	40500000	0.00280669612442768
7	40500001	41000000	-0.00480534793264126
7	41000001	41500000	-0.0818530163386783
7	41500001	42000000	0.00786577460372348
7	42000001	42500000	0.0543299664434031
7	42500001	43000000	0.0375516238537345
7	43000001	43500000	-0.0274693396729374
7	43500001	44000000	-0.0112963679507318
7	44000001	44500000	0.0822842646777613
7	44500001	45000000	-0.0222790978227918
7	45000001	45500000	0.0275345709600489
7	45500001	46000000	0.109348322638403
7	46000001	46500000	-0.0125434128143785
7	46500001	47000000	-0.0356906434395526
7	47000001	47500000	-0.0116797179529931
7	47500001	48000000	0.0181449175783604
7	48000001	48500000	-0.0449663430278702
7	48500001	49000000	0.00965572395278929
7	49000001	49500000	-0.0198056463172018
7	49500001	50000000	0.0155877223579293
7	50000001	50500000	NA
7	50500001	51000000	0.0195341501709819
7	51000001	51500000	0.0547577089919013
7	51500001	52000000	-0.0421328687355249
7	52000001	52500000	0.0120157653118918
7	52500001	53000000	-0.00381208204757712
7	53000001	53500000	0.0107696833997696
7	53500001	54000000	0.00247607181630477
7	54000001	54500000	-0.098382129467024
7	54500001	55000000	0.0800082646903809
7	55000001	55500000	-0.0717264415855788
7	55500001	56000000	0.00487584461650496
7	56000001	56500000	0.0235736336149476
7	56500001	57000000	0.142848995064873
7	57000001	57500000	-0.117074639296118
7	62000001	62500000	0.157813340274178
7	63500001	64000000	0.000448059417130638
7	64000001	64500000	-0.00376902502847739
7	64500001	65000000	-0.00831639130955774
7	65500001	66000000	-0.0110595255119209
7	66000001	66500000	0.0163043447861953
7	66500001	67000000	-0.0252867843327361
7	67000001	67500000	0.00819069180745526
7	67500001	68000000	-0.0388508817584671
7	68000001	68500000	-0.00446618061541135
7	68500001	69000000	-0.0796635820895478
7	69000001	69500000	0.0226256675363016
7	69500001	70000000	0.0243606701779597
7	70000001	70500000	-0.0831467455215347
7	70500001	71000000	0.01719453838574
7	71000001	71500000	-0.0200787397148154
7	71500001	72000000	-0.0516203847980896
7	73000001	73500000	0.0557713692226985
7	73500001	74000000	-0.0625150625436623
7	75000001	75500000	-0.104334335223347
7	75500001	76000000	-0.0362918992835957
7	77000001	77500000	-0.00271930765733691
7	77500001	78000000	-0.0161026536756536
7	78000001	78500000	-0.0243223999232705
7	78500001	79000000	0.0205114508050584
7	79000001	79500000	0.0108144830708447
7	79500001	80000000	0.0415647133365019
7	80000001	80500000	-0.0436161381113888
7	80500001	81000000	-0.00590824846371079
7	81000001	81500000	-0.00371597316141161
7	81500001	82000000	0.00190178285603477
7	82000001	82500000	0.0203596335517718
7	82500001	83000000	-0.0304970020192495
7	83000001	83500000	-0.000619794547804354
7	83500001	84000000	0.0341885432793387
7	84000001	84500000	-0.0378399705474729
7	84500001	85000000	0.0166763285117145
7	85000001	85500000	-0.0579355749093845
7	85500001	86000000	0.00647804407795648
7	86000001	86500000	0.0346349266043593
7	86500001	87000000	0.00914704290644397
7	87000001	87500000	-0.0300091516134658
7	87500001	88000000	-0.0110627434766048
7	88000001	88500000	0.0561856685896241
7	88500001	89000000	0.0249516369673061
7	89000001	89500000	0.0505118016206629
7	89500001	90000000	-0.0143002893499807
7	90000001	90500000	-0.00819665773221117
7	90500001	91000000	-0.0226626986537646
7	91000001	91500000	0.0561703980560065
7	91500001	92000000	0.0857752634878558
7	92000001	92500000	-0.0792581145579015
7	92500001	93000000	0.00829727615604344
7	93000001	93500000	0.0104341999253076
7	93500001	94000000	-0.0216854819514797
7	94000001	94500000	-0.00562037697670041
7	94500001	95000000	0.0153313854603661
7	95000001	95500000	-0.0300293201144886
7	95500001	96000000	0.0886454822727019
7	96000001	96500000	-0.060643874416211
7	96500001	97000000	-0.00849808422874665
7	97000001	97500000	0.0165278427413343
7	97500001	98000000	0.0592593178392476
7	98000001	98500000	-0.0611713656258794
7	98500001	99000000	-0.0137908542928955
7	99000001	99500000	0.0418319965108206
7	99500001	100000000	-0.0583950269282125
7	100000001	100500000	-0.0524660653115488
7	100500001	101000000	NA
7	101000001	101500000	-0.153802021759038
7	101500001	102000000	-0.0494406788863222
7	102500001	103000000	0.0939784971055612
7	103000001	103500000	-0.0467960134903505
7	103500001	104000000	3.84072724860769e-05
7	104000001	104500000	-0.0582302380574974
7	104500001	105000000	-0.0184313265490051
7	105000001	105500000	-0.0570239295883425
7	105500001	106000000	0.0324574927991015
7	106000001	106500000	0.0834274102776647
7	106500001	107000000	-0.06011390910708
7	107000001	107500000	-0.0371212774448715
7	107500001	108000000	0.0979852256366874
7	108000001	108500000	0.0310699050837886
7	108500001	109000000	-0.0451387365543874
7	109000001	109500000	-0.00234005407883923
7	109500001	110000000	-0.0713049052872769
7	110000001	110500000	-0.0234155427421242
7	110500001	111000000	0.0258727988740491
7	111000001	111500000	-0.0277696029657077
7	111500001	112000000	0.0279917208910598
7	112000001	112500000	0.026308053716519
7	112500001	113000000	-0.0135805956919827
7	113000001	113500000	-0.0530678971233841
7	113500001	114000000	0.0350618018225934
7	114000001	114500000	-0.00349583263164556
7	114500001	115000000	0.0166364979393209
7	115000001	115500000	-0.0272626680640053
7	115500001	116000000	0.0248472198875885
7	116000001	116500000	-0.00339828437021559
7	116500001	117000000	0.0307710493362046
7	117000001	117500000	-0.0254357163974677
7	117500001	118000000	0.0401618789363717
7	118000001	118500000	-0.0124591121639656
7	118500001	119000000	0.00106760224425417
7	119000001	119500000	0.016040028365244
7	119500001	120000000	-0.0162993269811753
7	120000001	120500000	0.0654316346296263
7	120500001	121000000	0.0152274330695953
7	121000001	121500000	-0.00600993425665726
7	121500001	122000000	0.0286654904631302
7	122000001	122500000	-0.0289469969031888
7	122500001	123000000	0.0273845175034843
7	123000001	123500000	-0.0627912040792367
7	123500001	124000000	0.0251897804431089
7	124000001	124500000	0.0267665428278237
7	124500001	125000000	0.0306543156943556
7	125000001	125500000	-0.0456827337209088
7	125500001	126000000	0.0210956429971955
7	126000001	126500000	-0.0575812120848942
7	126500001	127000000	0.0470976688665542
7	127000001	127500000	-0.0165986940598476
7	127500001	128000000	-0.00453185776283248
7	128000001	128500000	0.00268738548693996
7	128500001	129000000	-0.0204669937314906
7	129000001	129500000	0.0393369198502678
7	129500001	130000000	-0.00505484679515814
7	130000001	130500000	NA
7	130500001	131000000	0.0422773907135984
7	131000001	131500000	0.0269835053258028
7	131500001	132000000	-0.0188268550215537
7	132000001	132500000	-0.0352386290508871
7	132500001	133000000	0.0186593935982807
7	133000001	133500000	0.0359326442730051
7	133500001	134000000	-0.0298037780103048
7	134000001	134500000	-0.0398247033972085
7	134500001	135000000	0.0341811553848415
7	135000001	135500000	0.0194505799268324
7	135500001	136000000	-0.00855984270958796
7	136000001	136500000	-0.0310350018583487
7	136500001	137000000	0.0149150485534286
7	137000001	137500000	0.0304116935250901
7	137500001	138000000	-0.0170713929582166
7	138000001	138500000	0.0361263474440246
7	138500001	139000000	0.0409561507831761
7	139000001	139500000	NA
7	139500001	140000000	-0.006863404484402
7	140000001	140500000	-0.078671474362881
7	140500001	141000000	0.0448761100153696
7	141000001	141500000	0.00850086175744281
7	141500001	142000000	0.00279873969645126
7	142000001	142500000	NA
7	142500001	143000000	-0.0394729134395409
7	143500001	144000000	-0.117079195067463
7	144000001	144500000	0.0474907564401798
7	144500001	145000000	0.00912263967627037
7	145000001	145500000	-0.0474270359247836
7	145500001	146000000	-0.0506541748581238
7	146000001	146500000	-0.0537425472602171
7	146500001	147000000	0.0217796198871388
7	147000001	147500000	0.0574256088732057
7	147500001	148000000	-0.00279809897123867
7	148000001	148500000	-0.0168758410025178
7	148500001	149000000	0.0421990260940174
7	149000001	149500000	0.0177150224954956
7	150000001	150500000	0.011326857161792
7	150500001	151000000	0.0491980974495383
7	151000001	151500000	0.0139056450626872
7	151500001	152000000	0.0989337595636516
7	152000001	152500000	0.209690873740892
7	152500001	153000000	-0.0377202480704404
7	153000001	153500000	-0.00635406683426514
7	153500001	154000000	0.0155462637607425
7	154000001	154500000	NA
7	154500001	155000000	0.0185140890046034
7	155000001	155500000	-0.0406567467686238
7	155500001	156000000	0.0382323630351612
7	156000001	156500000	-0.0444912491643248
7	156500001	157000000	0.0537492537853542
7	157000001	157500000	0.0342912798576519
7	157500001	158000000	-0.00184929467699609
7	158000001	158500000	0.122318365536063
7	158500001	159000000	0.00538718223300165
7	159000001	159500000	NA
8	500001	1000000	-0.0261971528453828
8	1000001	1500000	-0.0414968028581377
8	1500001	2000000	-0.0758611488171818
8	2000001	2500000	0.174389697599371
8	2500001	3000000	0.0273936539025073
8	3000001	3500000	0.0464668829976675
8	3500001	4000000	-0.104929324140851
8	4000001	4500000	-0.0226511521083819
8	4500001	5000000	-0.0364782604571717
8	5000001	5500000	0.0402578731967433
8	5500001	6000000	-0.0586862825776412
8	6000001	6500000	0.0517610955740162
8	6500001	7000000	-0.0504980045735669
8	8000001	8500000	-0.0500475427426036
8	8500001	9000000	-0.0531830701202171
8	9000001	9500000	-0.0525933755917032
8	9500001	10000000	0.0212712232121827
8	10000001	10500000	-0.0169126130774155
8	10500001	11000000	0.0384785589454508
8	11000001	11500000	-0.0341817425154461
8	11500001	12000000	-0.162462861678969
8	12500001	13000000	0.0299813794628029
8	13000001	13500000	0.0221522036543168
8	13500001	14000000	-0.0136135906048475
8	14000001	14500000	0.0214367777215653
8	14500001	15000000	0.00602550502877338
8	15000001	15500000	0.0146977166035663
8	15500001	16000000	-0.013005283199047
8	16000001	16500000	-0.0417576767366697
8	16500001	17000000	-0.0275709394222486
8	17000001	17500000	-0.0302134960594224
8	17500001	18000000	-0.0159027866130579
8	18000001	18500000	0.0299664902464871
8	18500001	19000000	0.0183678235695829
8	19000001	19500000	-0.0614602404018578
8	19500001	20000000	0.00801121306152169
8	20000001	20500000	0.0565226424957518
8	20500001	21000000	-0.0324249344419185
8	21000001	21500000	-0.0411561643233683
8	21500001	22000000	-0.0582017946250925
8	22000001	22500000	0.0166199148947103
8	22500001	23000000	-0.00880678658108078
8	23000001	23500000	0.0358773172903452
8	23500001	24000000	0.0429154028907435
8	24000001	24500000	-0.0345019705176413
8	24500001	25000000	0.00396275521400425
8	25000001	25500000	-0.054203572904058
8	25500001	26000000	-0.000660865852279404
8	26000001	26500000	-0.0180065326471353
8	26500001	27000000	-0.0430086730138506
8	27000001	27500000	0.065816023931738
8	27500001	28000000	-0.00123234263194291
8	28000001	28500000	-0.00663851960716094
8	28500001	29000000	0.0180335255310296
8	29000001	29500000	-0.0448486633375513
8	29500001	30000000	0.028020607735839
8	30000001	30500000	-0.00321278329448603
8	30500001	31000000	-0.0531632394049963
8	31000001	31500000	0.0235631220181157
8	31500001	32000000	-0.0126943659898719
8	32000001	32500000	-0.020016451042478
8	32500001	33000000	-0.0313880952489663
8	33000001	33500000	-0.0501496279086063
8	33500001	34000000	0.0192221851600419
8	34000001	34500000	0.0276764248949409
8	34500001	35000000	0.0136196591621185
8	35000001	35500000	-0.0761355870811314
8	35500001	36000000	0.0503354900022452
8	36000001	36500000	-0.00303098177138883
8	36500001	37000000	-0.0109835714750646
8	37000001	37500000	-0.0230739550022898
8	37500001	38000000	-0.0540791241200182
8	38000001	38500000	-0.0316628351137113
8	38500001	39000000	0.00175719336356247
8	39000001	39500000	-0.17684853424927
8	39500001	40000000	-0.0145631192149639
8	40000001	40500000	-0.0430500970730546
8	40500001	41000000	-0.0496196600270863
8	41000001	41500000	0.0688783611413503
8	41500001	42000000	0.0204921921015578
8	42000001	42500000	-0.0995451569396535
8	42500001	43000000	0.0469784352293189
8	43000001	43500000	1.28786329874426
8	47000001	47500000	0.034103781956964
8	47500001	48000000	0.0137769969352573
8	48000001	48500000	NA
8	48500001	49000000	-0.0178473510646168
8	49000001	49500000	0.0603266685519881
8	49500001	50000000	-0.0200597305868768
8	50000001	50500000	0.0328596900328899
8	50500001	51000000	-0.040699620529585
8	51000001	51500000	0.0216787991021878
8	51500001	52000000	-0.0349220722045104
8	52000001	52500000	0.0329557659519206
8	52500001	53000000	0.0569203323444146
8	53000001	53500000	-0.00749474117609206
8	53500001	54000000	0.0323730246677419
8	54000001	54500000	0.0309479361445666
8	54500001	55000000	-0.0209841716732393
8	55000001	55500000	0.0149283471508352
8	55500001	56000000	-0.00108084570134646
8	56000001	56500000	-0.00879836064249217
8	56500001	57000000	-0.056317987028011
8	57000001	57500000	0.0851022145965784
8	57500001	58000000	0.0575977863750794
8	58000001	58500000	-0.0232085515874645
8	58500001	59000000	-0.0371949644481018
8	59000001	59500000	0.0474086222812175
8	59500001	60000000	-0.0214547490540081
8	60000001	60500000	0.00787390835328302
8	60500001	61000000	0.097532951577868
8	61000001	61500000	-0.0681648393139545
8	61500001	62000000	-0.0075467223389521
8	62000001	62500000	-0.00259786868673953
8	62500001	63000000	0.02047054488346
8	63000001	63500000	0.0396866412403177
8	63500001	64000000	-0.0771777358014399
8	64000001	64500000	0.0160999339238224
8	64500001	65000000	-0.0111398128280632
8	65000001	65500000	-0.0200243413804094
8	65500001	66000000	-0.0275861758565433
8	66000001	66500000	-0.0304163311552381
8	66500001	67000000	0.0222791225782737
8	67000001	67500000	-0.0381731425218675
8	67500001	68000000	-0.00478980864196107
8	68000001	68500000	-0.0261543737358765
8	68500001	69000000	0.0187847417740137
8	69000001	69500000	0.0249772858994809
8	69500001	70000000	0.0399554825106082
8	70000001	70500000	-0.0710849297418359
8	70500001	71000000	-0.0501858877565967
8	71000001	71500000	0.064995997932657
8	71500001	72000000	0.0132563630854162
8	72000001	72500000	0.0152494328300625
8	72500001	73000000	-0.0191229704527952
8	73000001	73500000	-0.041378996084751
8	73500001	74000000	-0.063666508992249
8	74000001	74500000	0.0669412540076008
8	74500001	75000000	-0.0345159821157859
8	75000001	75500000	-0.0173009362814455
8	75500001	76000000	-0.0319028967334188
8	76000001	76500000	0.016451214429212
8	76500001	77000000	0.0364285326652761
8	77000001	77500000	0.00862420429373643
8	77500001	78000000	-0.0158505812205251
8	78000001	78500000	0.0237687384090538
8	78500001	79000000	0.00835305910694469
8	79000001	79500000	-0.0179233504905269
8	79500001	80000000	0.0422620154900793
8	80000001	80500000	-0.0224290361198177
8	80500001	81000000	0.050045343404829
8	81000001	81500000	-0.077001136617222
8	81500001	82000000	0.0467655175955713
8	82000001	82500000	-0.00313595453664234
8	82500001	83000000	0.0105178859926748
8	83000001	83500000	-0.0252725176564078
8	83500001	84000000	-0.036964620455578
8	84000001	84500000	0.0230651900221254
8	84500001	85000000	-0.0199938081079707
8	85000001	85500000	0.0135978109356725
8	85500001	86000000	0.0226260683798831
8	86000001	86500000	-0.015794122645485
8	87000001	87500000	0.00640132892848058
8	87500001	88000000	0.0455586187780647
8	88000001	88500000	-0.0390257753065776
8	88500001	89000000	0.0336781570315097
8	89000001	89500000	-0.0287943353437005
8	89500001	90000000	0.00247067084967066
8	90000001	90500000	0.00191495946301447
8	90500001	91000000	0.0173526590694877
8	91000001	91500000	-0.0108670389678326
8	91500001	92000000	0.0555159057521639
8	92000001	92500000	-0.0177016896412208
8	92500001	93000000	0.000481528590217067
8	93000001	93500000	-0.0234478739387046
8	93500001	94000000	-0.0316998942695476
8	94000001	94500000	-0.00746813867326175
8	94500001	95000000	0.0400195635281543
8	95000001	95500000	-0.0233596100878225
8	95500001	96000000	0.0168435224007712
8	96000001	96500000	0.0248695792085774
8	96500001	97000000	0.0466387529527222
8	97000001	97500000	-0.0299472341349591
8	97500001	98000000	-0.0491921758883097
8	98000001	98500000	0.00475460030390915
8	98500001	99000000	-0.0621543327548768
8	99000001	99500000	-0.00642091767290692
8	99500001	100000000	-0.0155051182637962
8	100000001	100500000	0.00907808481938601
8	100500001	101000000	-0.0347238410066908
8	101000001	101500000	-0.0453872350222082
8	101500001	102000000	0.027531060776132
8	102000001	102500000	0.0170354505539295
8	102500001	103000000	0.00775094317596605
8	103000001	103500000	0.0306283111467357
8	103500001	104000000	0.0159990694048827
8	104000001	104500000	0.0151275217735825
8	104500001	105000000	-0.00295843451826627
8	105000001	105500000	0.00129448878763397
8	105500001	106000000	0.00618485766125497
8	106000001	106500000	0.0163912890517665
8	106500001	107000000	-0.00824095716696704
8	107000001	107500000	-0.0737881497858172
8	107500001	108000000	0.016731827449074
8	108000001	108500000	0.00952903693200007
8	108500001	109000000	0.0107412838150583
8	109000001	109500000	0.029562334175781
8	109500001	110000000	-0.0368908511532513
8	110000001	110500000	0.0424632835682104
8	110500001	111000000	-0.0238502405077714
8	111000001	111500000	-0.046230729228923
8	111500001	112000000	0.037879480392526
8	112000001	112500000	-0.0171318683980163
8	112500001	113000000	0.015187120558673
8	113000001	113500000	-0.00208567264638819
8	113500001	114000000	NA
8	114000001	114500000	0.0323150349138144
8	114500001	115000000	0.00832079183296698
8	115000001	115500000	0.00471944697563076
8	115500001	116000000	0.0050413346979781
8	116000001	116500000	-0.00866134423856784
8	116500001	117000000	0.00669980189520958
8	117000001	117500000	-0.0822543486668965
8	117500001	118000000	0.0348709489743073
8	118000001	118500000	0.000184822069834827
8	118500001	119000000	0.0333314245417751
8	119000001	119500000	0.0234412347780358
8	119500001	120000000	0.0616207544102275
8	120000001	120500000	-0.0637818619239338
8	120500001	121000000	-5.73319231684326e-05
8	121000001	121500000	0.0237770695953233
8	121500001	122000000	-0.0572793642968846
8	122000001	122500000	-0.0531424371023231
8	122500001	123000000	-0.0058317503272867
8	123000001	123500000	0.0175148666477501
8	123500001	124000000	0.0345751354045669
8	124000001	124500000	0.0257414461988103
8	124500001	125000000	0.00434312520632945
8	125000001	125500000	-0.0801584456489717
8	125500001	126000000	0.0369395766644245
8	126000001	126500000	0.0253844788481147
8	126500001	127000000	-0.0162668813928156
8	127000001	127500000	0.00819179900156028
8	127500001	128000000	-0.0102025969899089
8	128000001	128500000	-0.0128082068498527
8	128500001	129000000	-0.0532106659018586
8	129000001	129500000	0.0295681884375801
8	129500001	130000000	-0.0354286994193773
8	130000001	130500000	-0.0169687783922098
8	130500001	131000000	0.0673915029658784
8	131000001	131500000	-0.0260190978748633
8	131500001	132000000	-0.0272792595869233
8	132000001	132500000	-0.00548308575077028
8	132500001	133000000	0.0738835798285707
8	133000001	133500000	0.00306726389860117
8	133500001	134000000	-0.02998009278894
8	134000001	134500000	-0.0126747086144165
8	134500001	135000000	0.0379039921013752
8	135000001	135500000	-0.0190824143926137
8	135500001	136000000	-0.00472687568142989
8	136000001	136500000	-0.0162635721635732
8	136500001	137000000	0.0400957407350316
8	137000001	137500000	-0.0111005337016903
8	137500001	138000000	-0.0475331306571756
8	138000001	138500000	0.00835199674939939
8	138500001	139000000	0.0289898103209268
8	139000001	139500000	-0.0411859096092436
8	139500001	140000000	-0.0192505150392805
8	140000001	140500000	-0.031144529936915
8	140500001	141000000	0.00378160445750231
8	141000001	141500000	-0.00569476930383425
8	141500001	142000000	0.0407144123225825
8	142000001	142500000	0.0351529474203976
8	142500001	143000000	NA
8	143000001	143500000	-0.0158121810064836
8	143500001	144000000	0.0465734433937052
8	144000001	144500000	0.00182635534772783
8	144500001	145000000	0.0374861868827641
8	145500001	146000000	-0.0121793755819231
8	146000001	146500000	NA
9	500001	1000000	-0.00431736006809738
9	1000001	1500000	-0.0342955764511779
9	1500001	2000000	0.0670231064180236
9	2000001	2500000	-0.0299075311205612
9	2500001	3000000	-0.00831566819949369
9	3000001	3500000	0.0373464409696652
9	3500001	4000000	-0.0323828271138915
9	4000001	4500000	-0.0051158369117687
9	4500001	5000000	0.0211833206941847
9	5000001	5500000	0.00056279516212743
9	5500001	6000000	0.0547027131603484
9	6000001	6500000	0.055988112186531
9	6500001	7000000	-0.0390415936272517
9	7000001	7500000	0.00107613853431703
9	7500001	8000000	0.020904169811221
9	8000001	8500000	-0.0198482731268639
9	8500001	9000000	-0.017514531363066
9	9000001	9500000	0.0294740248981608
9	9500001	10000000	-0.00173770962289639
9	10000001	10500000	0.00484236708284953
9	10500001	11000000	0.0154850800821952
9	11000001	11500000	0.0162504443355255
9	11500001	12000000	0.0144012997437479
9	12000001	12500000	-0.0592815672014075
9	12500001	13000000	0.00850294422635355
9	13000001	13500000	0.0208954909540559
9	13500001	14000000	0.0129007709829035
9	14000001	14500000	0.046812578203036
9	14500001	15000000	-0.00826992349322883
9	15000001	15500000	-0.0298320289100491
9	15500001	16000000	0.0185500905436059
9	16000001	16500000	-0.0125630421031525
9	16500001	17000000	-0.024391380684248
9	17000001	17500000	0.0277409291116358
9	17500001	18000000	0.0235795715943718
9	18000001	18500000	-0.0183761657172732
9	18500001	19000000	-0.00190792933355787
9	19000001	19500000	0.0382107392327847
9	19500001	20000000	0.00238966747222716
9	20000001	20500000	-0.0385469610970989
9	20500001	21000000	0.0950047411045767
9	21000001	21500000	0.0144350236632859
9	21500001	22000000	-0.0216672946357914
9	22000001	22500000	-0.0997216050136803
9	22500001	23000000	0.0127269499953608
9	23000001	23500000	-0.0778979627683042
9	23500001	24000000	-0.0354406257261663
9	24000001	24500000	0.0465647342196065
9	24500001	25000000	-0.00333333404110023
9	25000001	25500000	0.00591408677304317
9	25500001	26000000	0.00408531653102124
9	26000001	26500000	0.028926970391819
9	26500001	27000000	0.0051880701752898
9	27000001	27500000	-0.0438194054584999
9	27500001	28000000	0.0340388120089728
9	28000001	28500000	-0.0128341150843316
9	28500001	29000000	0.00658609601493486
9	29000001	29500000	0.00527044911283836
9	29500001	30000000	-0.0422295937115996
9	30000001	30500000	-0.0223535007033847
9	30500001	31000000	0.0518299247187852
9	31000001	31500000	-0.0253378471804922
9	31500001	32000000	0.0503177948410154
9	32000001	32500000	-0.0445367736861996
9	32500001	33000000	0.0239214623672489
9	33000001	33500000	0.0248091171884536
9	33500001	34000000	0.0563674333630385
9	34000001	34500000	-0.0183919517000206
9	34500001	35000000	0.0210717645743571
9	35000001	35500000	0.0262122109699252
9	35500001	36000000	0.0124469735060497
9	36000001	36500000	0.0187342469988986
9	36500001	37000000	-0.0269401825846912
9	37000001	37500000	-0.00358727054961487
9	37500001	38000000	-0.00954221670626331
9	38000001	38500000	-0.0193765339199242
9	71000001	71500000	-0.022574502348528
9	71500001	72000000	0.00650333008575824
9	72000001	72500000	0.0250201037116561
9	72500001	73000000	0.0754839315644663
9	73000001	73500000	-0.0876036153624457
9	73500001	74000000	0.0318644896710291
9	74000001	74500000	0.0255153309194222
9	74500001	75000000	-0.0438607965437369
9	75000001	75500000	-0.0299017466827251
9	75500001	76000000	-0.0248161886914151
9	76000001	76500000	-8.55556413722609e-05
9	76500001	77000000	0.0549302750560803
9	77000001	77500000	0.00219507411651038
9	77500001	78000000	0.00823906014215096
9	78000001	78500000	-0.00870545596498555
9	78500001	79000000	0.0202587809538688
9	79000001	79500000	-0.000801576233411747
9	79500001	80000000	-0.0373369831603592
9	80000001	80500000	0.0246981500820515
9	80500001	81000000	0.0188889266349543
9	81000001	81500000	-0.00868557493693218
9	81500001	82000000	-0.0241403026620164
9	82000001	82500000	0.0707679782851508
9	82500001	83000000	-0.0767338250307828
9	83000001	83500000	-0.0352390852613919
9	83500001	84000000	0.0861532867780214
9	84000001	84500000	-0.0100709883855648
9	84500001	85000000	-0.0387070044039139
9	85000001	85500000	0.0384920675965635
9	85500001	86000000	0.0131219497859103
9	86000001	86500000	-0.0115696155241372
9	86500001	87000000	0.0200240830497181
9	87000001	87500000	-0.0388003391127606
9	87500001	88000000	0.0150295848136696
9	88000001	88500000	0.0514662937776191
9	88500001	89000000	-0.0194637829560554
9	89000001	89500000	-0.0321029973925883
9	89500001	90000000	-0.0243622181655119
9	90000001	90500000	0.0260719545184473
9	90500001	91000000	-0.0254132117085937
9	91000001	91500000	-0.0205073189711478
9	91500001	92000000	0.0127864542645045
9	92000001	92500000	NA
9	93000001	93500000	-0.0395885309787123
9	93500001	94000000	-0.0104949262098803
9	94000001	94500000	0.068930860743356
9	94500001	95000000	0.062469574929629
9	95000001	95500000	0.0541792282010742
9	95500001	96000000	0.0377734155796935
9	96000001	96500000	0.0193719713327342
9	96500001	97000000	-0.0183914751336909
9	97000001	97500000	-0.0236564016435835
9	97500001	98000000	0.033038275702284
9	98000001	98500000	-0.00880479760279524
9	98500001	99000000	-0.0235417831443321
9	99000001	99500000	0.034891864662084
9	99500001	100000000	0.00938798062544572
9	100000001	100500000	-0.0215371848813727
9	100500001	101000000	-0.00125815903829929
9	101000001	101500000	0.0376659252613994
9	101500001	102000000	0.0563022341201757
9	102000001	102500000	0.0110367339119413
9	102500001	103000000	-0.0422572173076602
9	103000001	103500000	0.0119005110850873
9	103500001	104000000	-0.0215038310898438
9	104000001	104500000	0.0277912694896668
9	104500001	105000000	-0.00895167919143879
9	105000001	105500000	-0.0328653784580053
9	105500001	106000000	-0.00783436409321359
9	106000001	106500000	-0.000833358407900104
9	106500001	107000000	-0.00256492838330132
9	107000001	107500000	0.0200652750540502
9	107500001	108000000	-0.00166005610010674
9	108000001	108500000	0.0178900333127195
9	108500001	109000000	-0.0101443860145553
9	109000001	109500000	-0.0170920676677277
9	109500001	110000000	0.065142635653392
9	110000001	110500000	-0.00499293563060649
9	110500001	111000000	-0.0313373532798891
9	111000001	111500000	-0.0434976544326165
9	111500001	112000000	-0.00210430307719791
9	112000001	112500000	0.0546533314435008
9	112500001	113000000	-0.0319927167421966
9	113000001	113500000	-0.0350659303733736
9	113500001	114000000	-0.0859161301081891
9	114000001	114500000	0.0537258982702732
9	114500001	115000000	0.0279148956742648
9	115000001	115500000	0.0369029762867
9	115500001	116000000	-0.0822886715756749
9	116000001	116500000	0.0338476515518561
9	116500001	117000000	-0.0414287958384933
9	117000001	117500000	0.0536956458138311
9	117500001	118000000	0.00277927540244521
9	118000001	118500000	0.0130369351332178
9	118500001	119000000	0.0207009501793164
9	119000001	119500000	0.0637034384865372
9	119500001	120000000	-0.0704270202239879
9	120000001	120500000	-0.0134011161845808
9	120500001	121000000	0.0189547299381105
9	121000001	121500000	0.0098946062471709
9	121500001	122000000	0.00570435818936917
9	122000001	122500000	-0.0483738490824607
9	122500001	123000000	0.0160800264798456
9	123000001	123500000	-0.0410918030759453
9	123500001	124000000	0.0861401084099589
9	124000001	124500000	0.0282627223164732
9	124500001	125000000	-0.02877886594179
9	125000001	125500000	0.00386177678272286
9	125500001	126000000	-0.00156971588720221
9	126000001	126500000	0.0504342872144415
9	126500001	127000000	-0.105311273190713
9	127000001	127500000	0.059329411149512
9	127500001	128000000	-0.000432977433703001
9	128000001	128500000	0.0557615849445156
9	128500001	129000000	0.0150759305292538
9	129000001	129500000	0.00171734667101038
9	129500001	130000000	-0.0501880802016277
9	130000001	130500000	0.00180321608140897
9	130500001	131000000	0.0046577127932829
9	131000001	131500000	0.00760526251854364
9	131500001	132000000	-0.0313085706684771
9	132000001	132500000	0.0315597180790659
9	132500001	133000000	0.000971924572683153
9	133500001	134000000	0.0328103796233547
9	134000001	134500000	-0.0132817927022915
9	134500001	135000000	0.0231953425997035
9	135000001	135500000	-0.0234428022168264
9	135500001	136000000	-0.0293536341380802
9	136000001	136500000	-0.0814709148486762
9	136500001	137000000	-0.00914083197001414
9	137000001	137500000	NA
9	137500001	138000000	0.00343210553138537
9	138000001	138500000	0.0407810515786056
9	138500001	139000000	0.0287951384455381
9	139000001	139500000	NA
9	139500001	140000000	0.0241902949803955
9	140000001	140500000	-0.0261880744351694
9	140500001	141000000	0.0421694848418579
10	1	500000	NA
10	500001	1000000	-0.00755028965406176
10	1000001	1500000	0.00609390190298157
10	1500001	2000000	-0.0244844011537321
10	2000001	2500000	0.0087165489320895
10	2500001	3000000	-0.0195237379237985
10	3000001	3500000	-0.00909091469053381
10	3500001	4000000	-0.0182922083398595
10	4000001	4500000	-0.017254575313609
10	4500001	5000000	0.0216351461127199
10	5000001	5500000	-0.0772773747862467
10	5500001	6000000	0.052596476288073
10	6000001	6500000	-0.0654087546058384
10	6500001	7000000	0.0104737857204348
10	7000001	7500000	0.0311102963662231
10	7500001	8000000	-0.0290727096827762
10	8000001	8500000	0.00240955847083218
10	8500001	9000000	-0.00776035919345669
10	9000001	9500000	-0.0121747119473376
10	9500001	10000000	0.0380055190492645
10	10000001	10500000	0.023071630469415
10	10500001	11000000	-0.00517359449563381
10	11000001	11500000	-0.0176672120581798
10	11500001	12000000	-0.0723719165645777
10	12000001	12500000	-0.027156676890587
10	12500001	13000000	-0.0288984825737014
10	13000001	13500000	-0.0596529298547556
10	13500001	14000000	0.0131065086084522
10	14000001	14500000	-0.0101325973090567
10	14500001	15000000	-0.0400693983770721
10	15000001	15500000	0.0703694203947224
10	15500001	16000000	-0.00700811014444645
10	16000001	16500000	-0.00948792936962349
10	16500001	17000000	-0.0197696475077109
10	17000001	17500000	-0.00855158812333454
10	18500001	19000000	0.0212772619411505
10	19000001	19500000	-0.00151305694899565
10	19500001	20000000	-0.0350510852616763
10	20000001	20500000	0.0107315974464525
10	20500001	21000000	0.0115218893904905
10	21000001	21500000	0.0157836873525932
10	21500001	22000000	-0.0757504236031808
10	22000001	22500000	-0.0128789200074779
10	22500001	23000000	-0.0195879650455815
10	23000001	23500000	0.0286289132614369
10	23500001	24000000	-0.0222088021054531
10	24000001	24500000	-0.00779326672575708
10	24500001	25000000	-0.0170269496350901
10	25000001	25500000	0.00483847389608939
10	25500001	26000000	-0.0549974144051284
10	26000001	26500000	0.0405031941341165
10	26500001	27000000	0.0501591369798518
10	27000001	27500000	0.0279576773148735
10	27500001	28000000	-0.0500184281163392
10	28000001	28500000	-0.036376796099264
10	28500001	29000000	0.0291431885409479
10	29000001	29500000	-0.0350114680331292
10	29500001	30000000	0.04304919286357
10	30000001	30500000	-0.0287038381046406
10	30500001	31000000	0.0126721629599151
10	31000001	31500000	-0.0368228692702761
10	31500001	32000000	0.0116833842275995
10	32000001	32500000	-0.00320535684033777
10	32500001	33000000	-0.0117188771760145
10	33000001	33500000	-0.00812542089774742
10	33500001	34000000	-0.0104912497132813
10	34000001	34500000	-0.0416719264727602
10	34500001	35000000	-0.00514396116072956
10	35000001	35500000	-0.0068400591557542
10	35500001	36000000	0.0179960896900158
10	36000001	36500000	-0.0610534749055143
10	36500001	37000000	-0.0285078599923984
10	37000001	37500000	NA
10	37500001	38000000	0.0100961649709162
10	38000001	38500000	0.0185367285590986
10	43000001	43500000	0.0333756004641402
10	43500001	44000000	-0.0149554862091271
10	44000001	44500000	0.0175826294216643
10	44500001	45000000	0.00855815898033719
10	45000001	45500000	-0.0107639172263774
10	45500001	46000000	0.0169484898881412
10	49500001	50000000	0.0574426900421536
10	50000001	50500000	0.0318272700599887
10	50500001	51000000	-0.0260184438772594
10	52000001	52500000	0.0183954801946494
10	52500001	53000000	-0.0200121731659051
10	53000001	53500000	-0.0383206065278867
10	53500001	54000000	-0.0135915542894851
10	54000001	54500000	0.031266869983857
10	54500001	55000000	NA
10	55000001	55500000	0.0107307501788382
10	55500001	56000000	-0.00988962620525648
10	56000001	56500000	0.0331011869623608
10	56500001	57000000	-0.00894396704805461
10	57000001	57500000	0.0142557544420073
10	57500001	58000000	-0.0121982949033839
10	58000001	58500000	0.012167264971328
10	58500001	59000000	0.0188366115624776
10	59000001	59500000	-0.0745479776917791
10	59500001	60000000	0.00844618165799818
10	60000001	60500000	NA
10	60500001	61000000	-0.0243620110512495
10	61000001	61500000	NA
10	61500001	62000000	0.00631327281847249
10	62000001	62500000	0.0122580407172709
10	62500001	63000000	-0.0352104791794247
10	63000001	63500000	-0.0714536278456571
10	63500001	64000000	0.0879650231494187
10	64000001	64500000	NA
10	64500001	65000000	0.0103648997467761
10	65000001	65500000	-0.021208896980294
10	65500001	66000000	0.015115672104183
10	66000001	66500000	-0.0124448990660764
10	66500001	67000000	0.00655126193004043
10	67000001	67500000	0.0236754435291884
10	67500001	68000000	-0.00906599296866955
10	68000001	68500000	-0.0301427966539083
10	68500001	69000000	-0.0160739080497951
10	69000001	69500000	0.0708903018415085
10	69500001	70000000	0.00466389019579253
10	70000001	70500000	0.00682064709467329
10	70500001	71000000	-0.0162835185881212
10	71000001	71500000	-0.0305066251571077
10	71500001	72000000	0.0173482542049237
10	72000001	72500000	-0.0220372414217559
10	72500001	73000000	-0.0439718001670499
10	73000001	73500000	0.0363988203463759
10	73500001	74000000	0.0139865371162919
10	74000001	74500000	-0.000719696124163822
10	74500001	75000000	-0.0176805202518546
10	75000001	75500000	0.0275669486408602
10	75500001	76000000	0.0411905802010985
10	76000001	76500000	-0.0332947413478553
10	76500001	77000000	0.0565858584138002
10	77000001	77500000	0.0379499475612929
10	77500001	78000000	0.028336406745862
10	78000001	78500000	-0.0546650636730582
10	78500001	79000000	-0.0251418950587234
10	79000001	79500000	0.0385293924173382
10	79500001	80000000	-0.0295183052883798
10	80000001	80500000	0.0146964902981222
10	80500001	81000000	0.0168820051146839
10	81000001	81500000	-0.0182595999169906
10	81500001	82000000	0.0238200932679157
10	82000001	82500000	0.0399794723831151
10	82500001	83000000	0.0599270113752325
10	83000001	83500000	-0.0345475466267237
10	83500001	84000000	-0.0497098549024703
10	84000001	84500000	-0.01537173220048
10	84500001	85000000	-0.0461796793255778
10	85000001	85500000	0.0616353250432148
10	85500001	86000000	0.0074870025486189
10	86000001	86500000	-0.0448792346477621
10	86500001	87000000	0.0337982606717595
10	87000001	87500000	-0.0866171989998949
10	87500001	88000000	-0.0210226440120625
10	88000001	88500000	0.0451385129906142
10	88500001	89000000	0.0848911028186177
10	89500001	90000000	-0.0676927224137467
10	90000001	90500000	0.000698157493016901
10	90500001	91000000	-0.00728997563661587
10	91000001	91500000	0.0616967490166069
10	91500001	92000000	0.0104653571407093
10	92000001	92500000	-0.000638520869629986
10	92500001	93000000	0.0362427002060703
10	93000001	93500000	-0.0115178272915129
10	93500001	94000000	-0.0116291567193156
10	94000001	94500000	-0.0207697533244395
10	94500001	95000000	-0.041000171121905
10	95000001	95500000	-0.0152894236955903
10	95500001	96000000	0.0225429262657909
10	96000001	96500000	0.0121740541405401
10	96500001	97000000	-0.000375668628198997
10	97000001	97500000	-0.00808913505972404
10	97500001	98000000	0.0180794287802406
10	98000001	98500000	-0.0130050325098436
10	98500001	99000000	-0.00738753701783429
10	99000001	99500000	-0.032485362515653
10	99500001	100000000	0.0720352838665581
10	100000001	100500000	0.0290785156621877
10	100500001	101000000	-0.0686912721944149
10	101000001	101500000	0.00192984814570426
10	101500001	102000000	-0.0223585464616788
10	102000001	102500000	-0.0158484913549414
10	102500001	103000000	-0.0395547418602398
10	103000001	103500000	0.0539074351459783
10	103500001	104000000	0.014407558515837
10	104000001	104500000	-0.010949035460948
10	104500001	105000000	0.0241713177604764
10	105000001	105500000	0.0179977332484447
10	105500001	106000000	-0.027507788896281
10	106000001	106500000	0.0266758548677354
10	106500001	107000000	-0.0246171867901437
10	107000001	107500000	-0.0496007803932229
10	107500001	108000000	0.0144900384711832
10	108000001	108500000	-0.0659973953721782
10	108500001	109000000	0.0191626102706679
10	109000001	109500000	0.0285704335116832
10	109500001	110000000	-0.0171178961991397
10	110000001	110500000	0.0752335858598687
10	110500001	111000000	0.00830673670844569
10	111000001	111500000	-0.068903304824016
10	111500001	112000000	-0.044695852560938
10	112000001	112500000	0.0584384734567232
10	112500001	113000000	-0.004057127958269
10	113000001	113500000	0.0391569597021893
10	113500001	114000000	0.00077166743427365
10	114000001	114500000	-0.030602850490226
10	114500001	115000000	-0.0542823801147538
10	115000001	115500000	-0.00698747334888988
10	115500001	116000000	0.0334287039095302
10	116000001	116500000	NA
10	116500001	117000000	0.0154843930727965
10	117000001	117500000	0.00706032654924674
10	117500001	118000000	0.0313238909563094
10	118000001	118500000	0.0173644939892249
10	118500001	119000000	-0.0411306279515515
10	119000001	119500000	-0.00244758086548671
10	119500001	120000000	0.0431340793787845
10	120000001	120500000	-0.00328791008243763
10	120500001	121000000	-0.0537138756678561
10	121000001	121500000	0.031744600706011
10	121500001	122000000	0.000181372115184003
10	122000001	122500000	0.00635589223785953
10	122500001	123000000	-0.0193234847548443
10	123000001	123500000	0.0177480893669171
10	123500001	124000000	0.00131696612421896
10	124000001	124500000	0.0179243303755013
10	124500001	125000000	-0.0184060710433112
10	125000001	125500000	-0.0840949427523958
10	125500001	126000000	NA
10	126000001	126500000	0.0356539047438282
10	126500001	127000000	0.0498329040880333
10	127000001	127500000	-0.0700939141077398
10	127500001	128000000	0.0842995003336601
10	128000001	128500000	-0.00314268026787742
10	129000001	129500000	0.0033307689382703
10	129500001	130000000	0.0240863038406848
10	130000001	130500000	0.0598264354526449
10	130500001	131000000	-0.0233413707587075
10	131000001	131500000	-0.0159874460223772
10	131500001	132000000	-0.0140082984522058
10	132000001	132500000	0.0137174870105587
10	132500001	133000000	0.000182254603173777
10	133000001	133500000	NA
10	133500001	134000000	NA
10	134000001	134500000	0.0221963238744989
10	134500001	135000000	0.0201489190658598
10	135000001	135500000	0.0291145947826174
11	500001	1000000	-0.0143379233903507
11	1000001	1500000	NA
11	1500001	2000000	0.0741388833558355
11	2000001	2500000	-0.000195234464418976
11	2500001	3000000	0.0173158634239328
11	3000001	3500000	-0.149631456668857
11	3500001	4000000	-0.032187474430767
11	4000001	4500000	0.04723608602081
11	4500001	5000000	-0.0586575223440315
11	5000001	5500000	0.0409397680215452
11	5500001	6000000	-0.000600617603776236
11	6000001	6500000	-0.0160957150781503
11	6500001	7000000	0.055096130025445
11	7000001	7500000	0.0131239554601519
11	7500001	8000000	-0.0329130647199694
11	8000001	8500000	0.0143727770938211
11	8500001	9000000	0.0056224213668285
11	9000001	9500000	-0.0421851961720654
11	9500001	10000000	0.000231474893138995
11	10000001	10500000	-0.0137891605907518
11	10500001	11000000	-0.0479477452130043
11	11000001	11500000	0.0974166755580231
11	11500001	12000000	-0.0245049020089323
11	12000001	12500000	-0.0216075623822874
11	12500001	13000000	0.0231105644910177
11	13000001	13500000	0.00723795556640753
11	13500001	14000000	0.0726594159297954
11	14000001	14500000	0.00633642998898675
11	14500001	15000000	-0.0126863338550792
11	15000001	15500000	0.0372079708352725
11	15500001	16000000	-0.0234563379694792
11	16000001	16500000	0.0532282236545216
11	16500001	17000000	-0.0471538057759129
11	17000001	17500000	0.0141961973958122
11	17500001	18000000	0.0712628746984319
11	18000001	18500000	-0.036872749363385
11	18500001	19000000	0.0125571042626993
11	19000001	19500000	-0.014856810232816
11	19500001	20000000	0.0456500355561601
11	20000001	20500000	-0.0132632165013762
11	20500001	21000000	0.00160478734455637
11	21000001	21500000	0.0151122159307181
11	21500001	22000000	0.049265598483571
11	22000001	22500000	-0.00478664172703293
11	22500001	23000000	-0.00827968041669798
11	23000001	23500000	-0.00304893739829976
11	23500001	24000000	-0.0118928691308758
11	24000001	24500000	-0.00357945582673184
11	24500001	25000000	0.0381162329716944
11	25000001	25500000	-0.0178730694814828
11	25500001	26000000	0.0252887253500034
11	26000001	26500000	-0.0167511402836649
11	26500001	27000000	-0.00861080832955535
11	27000001	27500000	-0.0105731920027041
11	27500001	28000000	-0.034234638326297
11	28000001	28500000	0.0105318650841966
11	28500001	29000000	-0.0182257138809059
11	29000001	29500000	-0.0187004696424242
11	29500001	30000000	0.0137892572590612
11	30000001	30500000	0.031863747393581
11	30500001	31000000	-0.0261164695523736
11	31000001	31500000	0.0239994684187976
11	31500001	32000000	0.0306753747831439
11	32000001	32500000	-0.0433193908089912
11	32500001	33000000	0.00218987766137527
11	33000001	33500000	-0.00514077693893238
11	33500001	34000000	0.00347397551845192
11	34000001	34500000	0.0130604154897796
11	34500001	35000000	0.0546588209257923
11	35000001	35500000	-0.0286197900883378
11	35500001	36000000	-0.0166604314954755
11	36000001	36500000	0.00662037131124549
11	36500001	37000000	0.0130817061094179
11	37000001	37500000	-0.0122802268990423
11	37500001	38000000	-0.0513194847040566
11	38000001	38500000	0.00318648000203275
11	38500001	39000000	0.0254046266355329
11	39000001	39500000	-0.0558473079532898
11	39500001	40000000	-0.0387409051326284
11	40000001	40500000	0.0133602009360843
11	40500001	41000000	0.0229212650186958
11	41000001	41500000	-0.0356786120477453
11	41500001	42000000	0.0364964055998855
11	42000001	42500000	0.0106027831816869
11	42500001	43000000	0.0444885845752177
11	43000001	43500000	-0.0199590913227057
11	43500001	44000000	-0.0413289229340266
11	44000001	44500000	0.0209533589042813
11	44500001	45000000	-0.000828708673077444
11	45000001	45500000	-0.0169845123431998
11	45500001	46000000	0.0363641040415814
11	46000001	46500000	0.0280007125815901
11	46500001	47000000	0.0159068728713728
11	47000001	47500000	-0.0290652445682043
11	47500001	48000000	-0.0263777310381823
11	48000001	48500000	0.159585142043503
11	48500001	49000000	0.191790863317853
11	49000001	49500000	0.130297752659776
11	49500001	50000000	0.120389716553591
11	50000001	50500000	-0.0636954068041205
11	55000001	55500000	0.0757316260441175
11	55500001	56000000	0.0715887706874757
11	56000001	56500000	0.0188735835828897
11	56500001	57000000	0.00270258263567785
11	57000001	57500000	-0.0314967336909765
11	57500001	58000000	-0.00985150402658415
11	58000001	58500000	-0.0131328614364654
11	58500001	59000000	0.015923858650688
11	59000001	59500000	0.000703890440197349
11	59500001	60000000	0.0446936166288732
11	60000001	60500000	-0.0125844046085933
11	60500001	61000000	-0.0590645378643379
11	61000001	61500000	-0.0615419280928223
11	61500001	62000000	0.0415404488666151
11	62000001	62500000	-0.0518478768371711
11	62500001	63000000	-0.0152362202270069
11	63000001	63500000	0.0108519735723475
11	63500001	64000000	0.045777317086227
11	64000001	64500000	0.00886844163762165
11	64500001	65000000	0.0429721419226338
11	65000001	65500000	-0.0240529435271976
11	65500001	66000000	-0.0441478329425971
11	66000001	66500000	0.0106977512927569
11	66500001	67000000	-0.0022936828758512
11	67000001	67500000	0.00623677593387987
11	67500001	68000000	0.13889519483254
11	68000001	68500000	-0.0128776973756461
11	68500001	69000000	0.0268910961205904
11	69000001	69500000	NA
11	69500001	70000000	NA
11	70000001	70500000	-0.00715225162428096
11	70500001	71000000	0.00406437660841409
11	71000001	71500000	0.114645981449716
11	71500001	72000000	0.0413610032591725
11	72000001	72500000	0.0113971615324291
11	72500001	73000000	0.0223858832974239
11	73000001	73500000	-0.0197663425249658
11	73500001	74000000	0.035279882842779
11	74000001	74500000	-0.0369721936015759
11	74500001	75000000	0.011581372908191
11	75000001	75500000	0.0148776366290921
11	75500001	76000000	0.0393875444748144
11	76000001	76500000	0.0631395799522782
11	76500001	77000000	-0.0237906579739687
11	77000001	77500000	-0.0121809269874483
11	77500001	78000000	-0.0371056668718162
11	78000001	78500000	0.0381985181009817
11	78500001	79000000	0.0313684342351286
11	79000001	79500000	0.0173366381597592
11	79500001	80000000	0.0166353312439574
11	80000001	80500000	-0.0682024068784127
11	80500001	81000000	0.00635274811450004
11	81000001	81500000	-0.026298993210206
11	81500001	82000000	-0.0332914960294957
11	82000001	82500000	0.0647094689934575
11	82500001	83000000	0.0152789273398898
11	83000001	83500000	-0.0211671327229241
11	83500001	84000000	-0.0209246532579057
11	84000001	84500000	0.0123774051682808
11	84500001	85000000	0.067386477453255
11	85000001	85500000	0.00642248648417541
11	85500001	86000000	0.0498524665682233
11	86000001	86500000	0.00364607800378426
11	86500001	87000000	-0.0582450138661824
11	87000001	87500000	-0.00557353001844942
11	87500001	88000000	NA
11	88000001	88500000	-0.0121794579585265
11	88500001	89000000	0.0440447851562772
11	89000001	89500000	0.0619999504714892
11	90000001	90500000	0.00890425260841637
11	90500001	91000000	0.00131665267504515
11	91000001	91500000	0.00236292236659644
11	91500001	92000000	-0.0176414641827704
11	92000001	92500000	0.0307659194962689
11	92500001	93000000	0.0291837937773592
11	93000001	93500000	-0.0300793175311182
11	93500001	94000000	0.157359052048607
11	94000001	94500000	-0.0269429957662359
11	94500001	95000000	-0.0213288774580112
11	95000001	95500000	-0.010965470627325
11	95500001	96000000	0.026502024335523
11	96500001	97000000	-0.00298362495555461
11	97000001	97500000	0.0108454281914178
11	97500001	98000000	0.0336651880663792
11	98000001	98500000	-0.0253142558675593
11	98500001	99000000	0.0141853062628766
11	99000001	99500000	-0.00438708901174296
11	99500001	100000000	-0.0379188150705166
11	100000001	100500000	0.0223214830735675
11	100500001	101000000	0.00650798429065568
11	101000001	101500000	0.0388752926374902
11	101500001	102000000	-0.0130076313481469
11	102000001	102500000	-0.00249405465803274
11	102500001	103000000	0.0304480153090334
11	103000001	103500000	0.0239473306292741
11	103500001	104000000	-0.0722087392797496
11	104000001	104500000	0.0236056802761347
11	104500001	105000000	-0.0229364522981775
11	105000001	105500000	-0.0105120584432316
11	105500001	106000000	0.0609387053419603
11	106000001	106500000	0.024651588131726
11	106500001	107000000	0.0609417656462604
11	107000001	107500000	0.00224827213218336
11	107500001	108000000	-0.0286128075439673
11	108000001	108500000	-0.0114994037356852
11	108500001	109000000	0.0219211153322557
11	109000001	109500000	-0.0465926537674068
11	109500001	110000000	0.0102758895301992
11	110000001	110500000	-0.0107333324335891
11	110500001	111000000	-0.00880059810260928
11	111000001	111500000	0.0455999132753016
11	111500001	112000000	0.00290880510659028
11	112000001	112500000	-0.00188096721066806
11	112500001	113000000	0.0267223034447107
11	113000001	113500000	-0.0110824476131355
11	113500001	114000000	-0.0160306931411754
11	114000001	114500000	0.0526033769977557
11	114500001	115000000	-0.00643063584530399
11	115000001	115500000	-0.0322131283463659
11	115500001	116000000	0.0509722946774863
11	116000001	116500000	-0.0639406676245532
11	116500001	117000000	0.0398999959909023
11	117000001	117500000	0.00313758747801077
11	117500001	118000000	0.0158054141067355
11	118000001	118500000	-0.0327486341856774
11	118500001	119000000	0.030086651793513
11	119000001	119500000	-0.0850363772112603
11	119500001	120000000	-0.00414163600447354
11	120000001	120500000	0.00691126297020421
11	120500001	121000000	0.0499379778005946
11	121000001	121500000	-0.00417637479326109
11	121500001	122000000	0.0353844700431687
11	122000001	122500000	0.0208553845625767
11	122500001	123000000	-0.057126207625105
11	123000001	123500000	0.00401306494084349
11	123500001	124000000	0.0292647978852532
11	124000001	124500000	0.0481466301107108
11	124500001	125000000	-0.0137489682390498
11	125000001	125500000	0.0444322530483406
11	125500001	126000000	0.0148696074978996
11	126000001	126500000	-0.000823968451955339
11	126500001	127000000	-0.0638454072714732
11	127000001	127500000	-0.00086220924651605
11	127500001	128000000	-0.0199066201065394
11	128000001	128500000	0.0618622644001242
11	128500001	129000000	0.0187768724343099
11	129000001	129500000	0.00704016494789767
11	129500001	130000000	-0.0480521162576428
11	130000001	130500000	0.0346612983920103
11	130500001	131000000	0.0868564457632352
11	131000001	131500000	0.0036756491393781
11	131500001	132000000	-0.0363986042848865
11	132000001	132500000	0.0091339014986896
11	132500001	133000000	-0.00276134689741283
11	133000001	133500000	-0.0240091281234633
11	133500001	134000000	0.0674486344056565
11	134000001	134500000	0.0162511089119779
11	134500001	135000000	NA
12	500001	1000000	0.0369832015384899
12	1000001	1500000	-0.00255526296800832
12	1500001	2000000	-0.00422160090712898
12	2000001	2500000	0.0381571585547609
12	2500001	3000000	-0.00429738049794192
12	3000001	3500000	-0.02632730808623
12	3500001	4000000	-0.0257130362307579
12	4000001	4500000	0.0169597384676824
12	4500001	5000000	0.0280553170118278
12	5000001	5500000	-0.0256291884123428
12	5500001	6000000	0.0224288457594494
12	6000001	6500000	-0.0495642934814029
12	6500001	7000000	NA
12	7000001	7500000	NA
12	7500001	8000000	-0.027183872624237
12	8000001	8500000	0.0141511466130973
12	8500001	9000000	-0.0562413789383285
12	9000001	9500000	-0.00321079205642312
12	9500001	10000000	-0.278628398411837
12	10000001	10500000	0.0174164168985423
12	10500001	11000000	-0.0211987808709926
12	11000001	11500000	0.0272399366528668
12	11500001	12000000	0.0840789767205633
12	12000001	12500000	-0.0377566423575762
12	12500001	13000000	0.0263346827104642
12	13000001	13500000	-0.00518141446513612
12	13500001	14000000	-0.0379920876584478
12	14000001	14500000	0.0335097158753169
12	14500001	15000000	-0.0581279513096549
12	15000001	15500000	0.0158576676568273
12	15500001	16000000	0.0379616698423212
12	16000001	16500000	-0.0186663913889841
12	16500001	17000000	0.000214566988408219
12	17000001	17500000	-0.0119915871382819
12	17500001	18000000	-0.0131716224606367
12	18000001	18500000	0.0786568670109071
12	18500001	19000000	0.000930055186437176
12	19000001	19500000	-0.0418976516878425
12	19500001	20000000	-0.0191514947638693
12	20000001	20500000	0.020038207366934
12	20500001	21000000	-0.0509871800474598
12	21000001	21500000	0.00499517381187513
12	21500001	22000000	0.00630624695783304
12	22000001	22500000	-0.0355947137351699
12	22500001	23000000	-0.0201570945306771
12	23000001	23500000	0.0476809364848567
12	23500001	24000000	-0.0472310513797599
12	24000001	24500000	-0.0197918108681265
12	24500001	25000000	-0.00800380400061628
12	25000001	25500000	-0.00556570393293465
12	25500001	26000000	-0.0490183396457131
12	26000001	26500000	-0.00596077796646934
12	26500001	27000000	0.0163979870273911
12	27000001	27500000	0.0088780229260123
12	27500001	28000000	-0.0101868539804928
12	28000001	28500000	-0.0387961382802869
12	28500001	29000000	0.0581362135346426
12	29000001	29500000	0.0366082030313428
12	29500001	30000000	0.00796821624072989
12	30000001	30500000	0.0393867655062979
12	30500001	31000000	0.0170246996131814
12	31000001	31500000	0.0533106694483687
12	31500001	32000000	-0.0714745929904682
12	32000001	32500000	-0.0331595758623118
12	32500001	33000000	3.30873656810477e-06
12	33000001	33500000	0.00771972471227023
12	33500001	34000000	-0.0453362139274067
12	34000001	34500000	0.096434772495515
12	38000001	38500000	0.334823062438616
12	38500001	39000000	0.0282337705931166
12	39000001	39500000	0.0062271496596475
12	39500001	40000000	-0.0389894211119192
12	40000001	40500000	-0.010266819850342
12	40500001	41000000	0.0276995518759507
12	41000001	41500000	0.0639701292870395
12	41500001	42000000	0.00457339141292725
12	42000001	42500000	-0.0596751429727803
12	42500001	43000000	-0.0218004433024642
12	43000001	43500000	0.0495105252817874
12	43500001	44000000	0.0120181214229157
12	44000001	44500000	-0.0485452022546642
12	44500001	45000000	0.0090631445759596
12	45000001	45500000	-0.0236342657738578
12	45500001	46000000	0.0134708500076584
12	46000001	46500000	0.0484164572046211
12	46500001	47000000	-0.0287085877870348
12	47000001	47500000	-0.0330966120042071
12	47500001	48000000	0.0260373310286261
12	48000001	48500000	0.0105980508035075
12	48500001	49000000	-0.0300079486572026
12	49000001	49500000	0.000769739777836682
12	49500001	50000000	-0.0410316883564243
12	50000001	50500000	0.0415676856551275
12	50500001	51000000	0.0072541317847249
12	51000001	51500000	0.0100025801454636
12	51500001	52000000	0.0469435721806364
12	52000001	52500000	-0.0244843030822493
12	52500001	53000000	-0.0208033772067113
12	53000001	53500000	-0.0190218541003047
12	53500001	54000000	-0.0172419362293605
12	54000001	54500000	0.037004535188554
12	54500001	55000000	-0.0590283264472573
12	55000001	55500000	0.0219781426303261
12	55500001	56000000	-0.0126993992222763
12	56000001	56500000	-0.019021821868013
12	56500001	57000000	-0.00293756255146989
12	57000001	57500000	-0.0435999474309274
12	57500001	58000000	-0.0531595720924743
12	58000001	58500000	0.0480379834027099
12	58500001	59000000	-0.00461595600962401
12	59000001	59500000	0.0371375411665415
12	59500001	60000000	-0.0299916460268527
12	60000001	60500000	0.0418821815993287
12	60500001	61000000	-0.0151080171471475
12	61000001	61500000	0.0559859429087724
12	61500001	62000000	0.0108928704886352
12	62000001	62500000	-0.0239329817493899
12	62500001	63000000	0.0359124337102532
12	63000001	63500000	0.0405993553458823
12	63500001	64000000	0.0197845910510934
12	64000001	64500000	0.00966527662462849
12	64500001	65000000	-0.0342150349368082
12	65000001	65500000	0.0635283607994955
12	65500001	66000000	-0.03946394740856
12	66000001	66500000	-0.0147604615111437
12	66500001	67000000	-0.00510927978599214
12	67000001	67500000	0.011048805858027
12	67500001	68000000	0.0289762085571645
12	68000001	68500000	-0.0042892884644074
12	68500001	69000000	0.00887636853387959
12	69000001	69500000	0.0147985604712363
12	69500001	70000000	0.0223844674608212
12	70000001	70500000	0.00148567259091078
12	70500001	71000000	-0.0497876949170049
12	71000001	71500000	-0.0156587360731492
12	71500001	72000000	0.00172059012615259
12	72000001	72500000	0.023809934184131
12	72500001	73000000	-0.00391798055193409
12	73000001	73500000	-0.00036759737339239
12	73500001	74000000	-0.0518183522082939
12	74000001	74500000	-0.0148796072461691
12	74500001	75000000	0.00655288845827824
12	75000001	75500000	0.0327413380085421
12	75500001	76000000	0.0204824487835552
12	76000001	76500000	-0.0673500756108744
12	76500001	77000000	0.0312847877137167
12	77000001	77500000	0.0377284480776171
12	77500001	78000000	-0.0597534262508526
12	78000001	78500000	-0.0197028872759291
12	78500001	79000000	0.0180268877113941
12	79000001	79500000	-0.0171983896906616
12	79500001	80000000	0.0455770520171196
12	80000001	80500000	-0.0139707596272745
12	80500001	81000000	-0.0104213719687819
12	81000001	81500000	0.0507346574492203
12	81500001	82000000	0.0114313375440069
12	82000001	82500000	0.0169501810294289
12	82500001	83000000	-0.0299870293566525
12	83000001	83500000	0.00872700215261386
12	83500001	84000000	0.0179203716715361
12	84000001	84500000	0.00740544562141571
12	84500001	85000000	-0.0296608863879067
12	85000001	85500000	0.00043939695999962
12	85500001	86000000	0.0341240127237534
12	86000001	86500000	0.0139989694154131
12	86500001	87000000	-0.0445977400449638
12	87000001	87500000	-0.0274896990010908
12	87500001	88000000	-0.0192768828686933
12	88000001	88500000	0.0293659752188068
12	88500001	89000000	-0.0542538286511752
12	89000001	89500000	-0.0179745336937072
12	89500001	90000000	0.0805633129746673
12	90000001	90500000	0.060904362281256
12	90500001	91000000	-0.0362984135617305
12	91000001	91500000	-0.0174247074341181
12	91500001	92000000	0.0382472774279387
12	92000001	92500000	-0.0221520726654106
12	92500001	93000000	0.0313991646134441
12	93000001	93500000	-0.0106803751623467
12	93500001	94000000	-0.0507574777598709
12	94000001	94500000	-0.0156943961047535
12	94500001	95000000	-0.0242784967926164
12	95000001	95500000	0.0273391025329664
12	95500001	96000000	-0.0166965481982077
12	96000001	96500000	-0.0749001726277011
12	96500001	97000000	-0.018125897563066
12	97000001	97500000	0.0968531353571285
12	97500001	98000000	0.0369282188439209
12	98000001	98500000	-0.0595909450989686
12	98500001	99000000	-0.00724854789055924
12	99000001	99500000	0.0111461810167495
12	99500001	100000000	0.000134743694163005
12	100000001	100500000	-0.0201816046793139
12	100500001	101000000	-0.03288066593636
12	101000001	101500000	0.0275200928367024
12	101500001	102000000	0.0316920950893548
12	102000001	102500000	0.0298465251143582
12	102500001	103000000	-0.0248544667315954
12	103000001	103500000	-0.00471871944134261
12	103500001	104000000	-0.00606496654046675
12	104000001	104500000	0.0295567980990028
12	104500001	105000000	0.0192347208336241
12	105000001	105500000	0.0314662850381086
12	105500001	106000000	0.00372745760326574
12	106000001	106500000	-0.0656145731151938
12	106500001	107000000	0.0135791569376123
12	107000001	107500000	0.00881330161265289
12	107500001	108000000	-0.00240641187704237
12	108000001	108500000	0.0201566451187672
12	108500001	109000000	0.0323227365000772
12	109000001	109500000	NA
12	109500001	110000000	-0.0180895737382347
12	110000001	110500000	-0.000418639690365709
12	110500001	111000000	-0.0147875797774842
12	111000001	111500000	0.0288286756094392
12	111500001	112000000	0.00484481541221422
12	112000001	112500000	-0.0454621797564095
12	112500001	113000000	-0.0225904936389424
12	113000001	113500000	0.022938126989958
12	113500001	114000000	-0.0452383377702266
12	114000001	114500000	0.0211122070757875
12	114500001	115000000	-0.0377809221562107
12	115000001	115500000	-0.0332855245321107
12	115500001	116000000	-0.0125484194365566
12	116000001	116500000	0.0371698651900173
12	116500001	117000000	0.0588584501325006
12	117000001	117500000	-0.0372957399496072
12	117500001	118000000	-0.0478691771572606
12	118000001	118500000	-0.0242012954061712
12	118500001	119000000	0.0491799039682443
12	119000001	119500000	-0.0240281539504927
12	119500001	120000000	-0.008826564516889
12	120000001	120500000	-0.00886779599430411
12	120500001	121000000	-0.0678062681070593
12	121000001	121500000	-0.00239654140220439
12	121500001	122000000	NA
12	122000001	122500000	-0.0615814412022055
12	122500001	123000000	NA
12	123000001	123500000	0.0351274310748774
12	123500001	124000000	NA
12	124000001	124500000	-0.0149780318883018
12	124500001	125000000	0.0183667948239519
12	125000001	125500000	0.00633075582359441
12	125500001	126000000	0.00398040553260926
12	126000001	126500000	-0.0138744967227776
12	126500001	127000000	-0.00790831840094874
12	127000001	127500000	-0.0338253574605783
12	127500001	128000000	-0.0415656613943645
12	128000001	128500000	-0.00612127307621229
12	128500001	129000000	-0.0227284738514016
12	129000001	129500000	-0.0595995572576489
12	129500001	130000000	0.000830475859457585
12	130000001	130500000	0.024999533817587
12	130500001	131000000	0.0227755656655332
12	131000001	131500000	-0.00490248076554114
12	131500001	132000000	0.0220778467250347
12	132000001	132500000	-0.0180956721312859
12	132500001	133000000	NA
12	133000001	133500000	-0.0299309949062111
12	133500001	134000000	NA
13	19500001	20000000	0.017404034676432
13	20000001	20500000	0.0238232037196371
13	20500001	21000000	-0.023133647649635
13	21000001	21500000	0.076899657310552
13	21500001	22000000	0.0372299789796667
13	22000001	22500000	-0.0352416024239939
13	22500001	23000000	-0.0153140589380446
13	23000001	23500000	-0.0496285385166398
13	23500001	24000000	-0.0193837967769725
13	24000001	24500000	-0.0774518694048003
13	24500001	25000000	0.041428239121792
13	25000001	25500000	0.035842501497373
13	25500001	26000000	0.00691589094836073
13	26000001	26500000	0.00876887891474983
13	26500001	27000000	0.0100038137609386
13	27000001	27500000	-0.000407652486426961
13	27500001	28000000	0.0206438497425379
13	28000001	28500000	-0.0289408184554093
13	28500001	29000000	-0.0476594206302185
13	29000001	29500000	0.027424741514792
13	29500001	30000000	0.0360425167904749
13	30000001	30500000	-0.0431476100346323
13	30500001	31000000	-0.00780307317809021
13	31000001	31500000	0.0370651215508789
13	31500001	32000000	0.0388106935800576
13	32000001	32500000	-0.0488074758506848
13	32500001	33000000	-0.000458212391597668
13	33000001	33500000	0.026858781229228
13	33500001	34000000	0.0277598279292112
13	34000001	34500000	-0.00421680450197984
13	34500001	35000000	-0.0391354606656088
13	35000001	35500000	-0.00227309720342737
13	35500001	36000000	0.0176928998492905
13	36000001	36500000	0.0178691797697461
13	36500001	37000000	0.00532718552146307
13	37000001	37500000	0.0354780607559144
13	37500001	38000000	0.000481740020861318
13	38000001	38500000	-0.0251574247996049
13	38500001	39000000	0.00402888555690763
13	39000001	39500000	-0.0250974572159547
13	39500001	40000000	0.0516236888410476
13	40000001	40500000	-0.0498163873710528
13	40500001	41000000	0.0173753329757434
13	41000001	41500000	-0.0352297483122528
13	41500001	42000000	0.0392538784336105
13	42000001	42500000	-0.00692289505358269
13	42500001	43000000	-0.00771940640848105
13	43000001	43500000	-0.0206280411943632
13	43500001	44000000	-0.0136611495246623
13	44000001	44500000	0.0448194065323217
13	44500001	45000000	-0.0311791193575689
13	45000001	45500000	-0.0431785488702665
13	45500001	46000000	0.00930208145080225
13	46000001	46500000	0.0202985732258648
13	46500001	47000000	0.0167809673102197
13	47000001	47500000	-0.00946799557578486
13	47500001	48000000	0.0247780974195846
13	48000001	48500000	-0.029781559762638
13	48500001	49000000	-0.00758778553939711
13	49000001	49500000	0.0164713239061945
13	49500001	50000000	0.00746403945397882
13	50000001	50500000	0.0273579888333786
13	50500001	51000000	-0.0451191413552387
13	51000001	51500000	-0.0455137285045614
13	51500001	52000000	0.050270253483858
13	52000001	52500000	0.0152155670762721
13	52500001	53000000	0.0157305422717943
13	53000001	53500000	-0.0137066680245629
13	53500001	54000000	-0.0534840091903236
13	54000001	54500000	0.0127190704565639
13	54500001	55000000	0.014112444929979
13	55000001	55500000	-0.00250449718616661
13	55500001	56000000	0.0531499675407948
13	56000001	56500000	-0.0334824268764626
13	56500001	57000000	-0.0432759476660999
13	57000001	57500000	0.0331457261927443
13	57500001	58000000	-0.118642988682172
13	58000001	58500000	0.0427689281154098
13	58500001	59000000	-0.00425772054495771
13	59000001	59500000	-0.010302006493975
13	59500001	60000000	0.000306369796037626
13	60000001	60500000	0.00650346360970961
13	60500001	61000000	-0.0162025820840423
13	61000001	61500000	-0.104224316697797
13	61500001	62000000	0.043632116548516
13	62000001	62500000	0.0381832919198875
13	62500001	63000000	-0.00966797244586465
13	63000001	63500000	NA
13	63500001	64000000	0.132799141627703
13	64000001	64500000	-0.0862144000983218
13	64500001	65000000	-0.018240882376377
13	65000001	65500000	0.0195267851887789
13	65500001	66000000	-0.0484510378769646
13	66000001	66500000	-0.0141529533268092
13	66500001	67000000	0.0445290332402182
13	67000001	67500000	0.00776036731649446
13	67500001	68000000	0.049334762422774
13	68000001	68500000	0.0007820951025356
13	68500001	69000000	0.00082753164115501
13	69000001	69500000	NA
13	69500001	70000000	NA
13	70000001	70500000	-0.00477556547242608
13	70500001	71000000	-0.0554635382957902
13	71000001	71500000	-0.00301782528293896
13	71500001	72000000	0.0132497442379864
13	72000001	72500000	0.0221883033449927
13	72500001	73000000	0.0166041843746176
13	73000001	73500000	-0.00383939355347036
13	73500001	74000000	0.0148188964186846
13	74000001	74500000	-0.0149594903138473
13	74500001	75000000	-0.00160260706255842
13	75000001	75500000	0.0143828660355436
13	75500001	76000000	-0.0154238406606377
13	76000001	76500000	-0.0470941405393625
13	76500001	77000000	0.0175464664932718
13	77000001	77500000	0.0481569015443615
13	77500001	78000000	-0.0347797025549071
13	78000001	78500000	-0.0153696806104257
13	78500001	79000000	-0.0269945053402915
13	79000001	79500000	0.01814591038406
13	79500001	80000000	0.0438701513288505
13	80000001	80500000	0.0220483077967188
13	80500001	81000000	-0.0521964483511916
13	81000001	81500000	0.0289261058705056
13	81500001	82000000	-0.0226491158561011
13	82000001	82500000	-0.0225881856179531
13	82500001	83000000	0.0282470774937637
13	83000001	83500000	NA
13	83500001	84000000	0.00523812045447596
13	84000001	84500000	0.0293009481647703
13	84500001	85000000	-0.0416847981303581
13	85000001	85500000	-0.0724634630628236
13	85500001	86000000	0.0305002152078953
13	86000001	86500000	0.0815416766869055
13	87000001	87500000	0.0387915258869457
13	87500001	88000000	-0.00168336981773534
13	88000001	88500000	0.00917137554778735
13	88500001	89000000	-0.0245355906511377
13	89000001	89500000	-0.0306269476056794
13	89500001	90000000	0.0125547969566496
13	90000001	90500000	0.0098814340152128
13	90500001	91000000	-0.00710251256668134
13	91000001	91500000	-0.0538717371070112
13	91500001	92000000	-3.91720106945536e-05
13	92000001	92500000	0.0248956795706098
13	92500001	93000000	0.0328618304842426
13	93000001	93500000	0.00273924274403404
13	93500001	94000000	-0.0048223244802383
13	94000001	94500000	-0.0556818546417321
13	94500001	95000000	0.0493707282725927
13	95000001	95500000	-0.0219523942459866
13	95500001	96000000	-0.0438960557629733
13	96000001	96500000	-0.0278721021846234
13	96500001	97000000	0.0100628328941519
13	97000001	97500000	0.0012361072166467
13	97500001	98000000	0.0236996575331374
13	98000001	98500000	-0.0464167756696575
13	98500001	99000000	-0.0108044570760415
13	99000001	99500000	-0.0142572175650543
13	99500001	100000000	0.0598241556398312
13	100000001	100500000	-0.00391754645446132
13	100500001	101000000	-0.0176534161483266
13	101000001	101500000	0.0158560757851061
13	101500001	102000000	-0.00226186570016565
13	102000001	102500000	-0.0268261336754139
13	102500001	103000000	-0.0120853194804823
13	103000001	103500000	-0.00559605025268422
13	103500001	104000000	0.0316337336129432
13	104000001	104500000	0.0372601230005569
13	104500001	105000000	-0.0417585646047656
13	105000001	105500000	-0.0244216775991949
13	105500001	106000000	-0.00173757955734695
13	106000001	106500000	0.013108563833551
13	106500001	107000000	0.0242422169684482
13	107000001	107500000	-0.0638235264886606
13	107500001	108000000	0.0179157910842496
13	108000001	108500000	-0.0470747998943357
13	108500001	109000000	-0.00171494006124579
13	109000001	109500000	-0.0296827999347253
13	109500001	110000000	0.0215734468375692
13	110000001	110500000	0.00176436570415541
13	110500001	111000000	0.0131911395775658
13	111000001	111500000	0.0384004470124421
13	111500001	112000000	0.0282997333230923
13	112500001	113000000	NA
13	113000001	113500000	-0.00220261499513448
13	113500001	114000000	0.0358187111400339
13	114000001	114500000	NA
13	114500001	115000000	NA
14	20500001	21000000	-0.059922354777105
14	21000001	21500000	0.0513264181265565
14	21500001	22000000	-0.00427774923037622
14	22000001	22500000	-0.262982061229076
14	22500001	23000000	-2.23409410090375
14	23000001	23500000	-0.0593365395151289
14	23500001	24000000	0.0242127456701712
14	24000001	24500000	0.0417449711842802
14	24500001	25000000	0.0247658086519145
14	25000001	25500000	0.0713245044087466
14	25500001	26000000	0.00533036995096631
14	26000001	26500000	-5.12864964280608e-05
14	26500001	27000000	-0.0133340859647497
14	27000001	27500000	-0.0236359164780523
14	27500001	28000000	0.0305806207466154
14	28000001	28500000	0.0268943876456456
14	28500001	29000000	0.0249098421470174
14	29000001	29500000	0.0236255967111744
14	29500001	30000000	-0.0275513935787781
14	30000001	30500000	-0.0317504768595614
14	30500001	31000000	-0.0189285989870455
14	31000001	31500000	-0.0201854569035774
14	31500001	32000000	0.066436795027659
14	32000001	32500000	-0.0288912837845298
14	32500001	33000000	0.00585816771385925
14	33000001	33500000	-0.0306586453148617
14	33500001	34000000	0.0454745759421808
14	34000001	34500000	0.00844992503639889
14	34500001	35000000	-0.0274571627408381
14	35000001	35500000	-0.0951787231910426
14	35500001	36000000	-0.0613556930376167
14	36000001	36500000	0.0416908475787441
14	36500001	37000000	-0.00569071842854775
14	37000001	37500000	0.0247135781671245
14	37500001	38000000	-0.0220813303953178
14	38000001	38500000	0.0378689378463267
14	38500001	39000000	-0.00564528987718348
14	39000001	39500000	0.0325755491012937
14	39500001	40000000	-0.0273728114612378
14	40000001	40500000	-0.00691409654068257
14	40500001	41000000	-0.00628337719848058
14	41000001	41500000	-0.0166380396430075
14	41500001	42000000	-0.0636899609847425
14	42000001	42500000	0.0299176059355949
14	42500001	43000000	0.0343086173966996
14	43000001	43500000	-0.0064169220026001
14	43500001	44000000	0.0265849524164172
14	44000001	44500000	-0.0581202898433673
14	44500001	45000000	0.049477189461164
14	45000001	45500000	-0.00152168002191243
14	45500001	46000000	-0.0615492749230417
14	46000001	46500000	-0.00786608698855007
14	46500001	47000000	0.0178226309493701
14	47000001	47500000	-0.0137606251076084
14	47500001	48000000	0.0168679939652091
14	48000001	48500000	-0.00597381905561911
14	48500001	49000000	-0.0267776711834292
14	49000001	49500000	0.0462199286691301
14	49500001	50000000	0.0215724565599125
14	50000001	50500000	0.0079119829227493
14	50500001	51000000	0.0137364448896839
14	51000001	51500000	-0.0242994558671871
14	51500001	52000000	0.0396406502210497
14	52000001	52500000	-0.00526373310613231
14	52500001	53000000	0.0303998684837216
14	53000001	53500000	-0.00520555678154784
14	53500001	54000000	0.0555315033541924
14	54000001	54500000	0.0539465957458257
14	54500001	55000000	-0.0332051543271891
14	55000001	55500000	0.0343162681292097
14	55500001	56000000	0.00422936652094786
14	56000001	56500000	-0.0503087789600892
14	56500001	57000000	0.0166743736872395
14	57000001	57500000	0.0236647827022852
14	57500001	58000000	0.00387719504076098
14	58000001	58500000	-0.000701512440503467
14	58500001	59000000	-0.0639582814113729
14	59000001	59500000	0.0165561583224916
14	59500001	60000000	0.0101968330590024
14	60000001	60500000	0.0242368022040799
14	60500001	61000000	-0.0091681453173224
14	61000001	61500000	-0.027283024019837
14	61500001	62000000	0.0713440132975127
14	62000001	62500000	-0.000375970623350578
14	62500001	63000000	0.0353028719036469
14	63000001	63500000	0.00420763011030447
14	63500001	64000000	-0.0667857100951397
14	64000001	64500000	0.00762522282439667
14	64500001	65000000	-0.0417718622447997
14	65000001	65500000	-0.0240097580261783
14	65500001	66000000	0.0235385278763614
14	66000001	66500000	0.0330133354369583
14	66500001	67000000	0.0430898332805889
14	67000001	67500000	-0.0028193442883639
14	67500001	68000000	-0.016775552729751
14	68000001	68500000	0.068036607548893
14	68500001	69000000	-0.0169774916030909
14	69000001	69500000	0.0036295227614
14	69500001	70000000	-0.0301045624471294
14	70000001	70500000	0.0267810680493455
14	70500001	71000000	0.0288959504138908
14	71000001	71500000	-0.022297128642247
14	71500001	72000000	0.0201491531778134
14	72000001	72500000	0.0277253660060508
14	72500001	73000000	0.000229351703737753
14	73000001	73500000	-0.0350517682152748
14	73500001	74000000	0.00667744504144285
14	74000001	74500000	-0.00323660709765587
14	74500001	75000000	-0.0272785331079591
14	75000001	75500000	0.0258094382324533
14	75500001	76000000	0.0305339079357267
14	76000001	76500000	-0.00623353175231524
14	76500001	77000000	-0.00764441417956088
14	77000001	77500000	-0.0116592014889632
14	77500001	78000000	-0.0588792668760767
14	78000001	78500000	0.0538783947008627
14	78500001	79000000	0.0242436530843166
14	79000001	79500000	0.00113188440878568
14	79500001	80000000	-0.0517237601741984
14	80000001	80500000	-0.0210871996934367
14	80500001	81000000	0.035119783319426
14	81000001	81500000	0.0826878380389712
14	81500001	82000000	-0.015836415450602
14	82000001	82500000	-0.0362963060530664
14	82500001	83000000	0.0175061448425401
14	83000001	83500000	-0.0161340004746002
14	83500001	84000000	-0.0178466799354205
14	84000001	84500000	0.0240928363100991
14	84500001	85000000	-0.0117120199115947
14	85000001	85500000	0.00237917236976986
14	85500001	86000000	-0.0493255488382808
14	86000001	86500000	-0.000736579723631416
14	86500001	87000000	-0.0561077423269462
14	87000001	87500000	0.0267246575383555
14	87500001	88000000	-0.0007873781398951
14	88000001	88500000	0.0473310262888197
14	88500001	89000000	0.0314674535461451
14	89000001	89500000	-0.0153885397296974
14	89500001	90000000	-0.00980443990378507
14	90000001	90500000	-0.00753097249991253
14	90500001	91000000	-0.00711012707346005
14	91000001	91500000	0.0685398810588077
14	91500001	92000000	-0.0472571547273549
14	92000001	92500000	0.0417092885019262
14	92500001	93000000	0.0251265289386748
14	93000001	93500000	-0.00266868574018114
14	93500001	94000000	-0.0436575644927099
14	94000001	94500000	0.0384150593507307
14	94500001	95000000	-0.00759549078744058
14	95000001	95500000	0.0612183360032306
14	95500001	96000000	-0.0242246858646184
14	96000001	96500000	-0.0516011426703448
14	96500001	97000000	0.0443328947439359
14	97000001	97500000	0.0359191385164226
14	97500001	98000000	-0.0171124388590935
14	98000001	98500000	-2.27524462183866e-05
14	98500001	99000000	-0.0578065026782211
14	99000001	99500000	0.0219411538980429
14	99500001	100000000	-0.0168448534874693
14	100000001	100500000	0.0316364255476206
14	100500001	101000000	0.0254608084174115
14	101000001	101500000	0.0200871041718684
14	101500001	102000000	-0.00498387585678123
14	102000001	102500000	-0.0356125674818261
14	102500001	103000000	-0.0430646596623037
14	103000001	103500000	0.0284315558233153
14	103500001	104000000	0.0468215042152256
14	104000001	104500000	0.0114833158274763
14	104500001	105000000	0.0179751359092448
14	105000001	105500000	-0.0272215976928758
14	105500001	106000000	0.00555216363562916
14	106000001	106500000	0.0434958422693361
14	106500001	107000000	0.106379716468447
14	107000001	107500000	NA
15	23500001	24000000	NA
15	24000001	24500000	0.0817654440458945
15	24500001	25000000	0.0367360825676838
15	25000001	25500000	-0.0406593289922145
15	25500001	26000000	0.0681097099149987
15	26000001	26500000	0.00991618764291781
15	26500001	27000000	0.0220614896456845
15	27000001	27500000	-0.0660539549595982
15	27500001	28000000	NA
15	28000001	28500000	0.0370189783004442
15	29000001	29500000	NA
15	29500001	30000000	0.0143742474667362
15	30000001	30500000	-0.177617745570506
15	31000001	31500000	0.0543727788863335
15	31500001	32000000	0.0110925907384888
15	32000001	32500000	-0.0784957738165631
15	33000001	33500000	0.0364979737915998
15	33500001	34000000	-0.00384431462273987
15	34000001	34500000	0.0374453673446297
15	34500001	35000000	-0.111733772026852
15	35000001	35500000	-0.0158790750687589
15	35500001	36000000	-0.00417584298654966
15	36000001	36500000	-0.00696208744521998
15	36500001	37000000	0.0159541396710488
15	37000001	37500000	-0.00601233677815441
15	37500001	38000000	0.0298581266032474
15	38000001	38500000	0.0258164740114515
15	38500001	39000000	-0.0154871153803139
15	39000001	39500000	0.0155504139547189
15	39500001	40000000	0.0362257541035488
15	40000001	40500000	-0.0243481163057062
15	40500001	41000000	0.0241212914538184
15	41000001	41500000	-0.0297172282187273
15	41500001	42000000	-0.0375853820320264
15	42000001	42500000	-0.00346902573802154
15	42500001	43000000	0.0532741878305548
15	43000001	43500000	0.0249853241196023
15	43500001	44000000	-0.170568454111506
15	44000001	44500000	-0.0248847121033912
15	44500001	45000000	-0.0516431955092295
15	45000001	45500000	-0.0143631095636648
15	45500001	46000000	0.019374496330524
15	46000001	46500000	-0.0146565156086876
15	46500001	47000000	-0.0124660088175413
15	47000001	47500000	-0.01003838238436
15	47500001	48000000	0.0209994107891634
15	48000001	48500000	0.0604300639779928
15	48500001	49000000	-0.0155469278275468
15	49000001	49500000	0.0434647095396591
15	49500001	50000000	-0.0260059534758278
15	50000001	50500000	0.0174690342366116
15	50500001	51000000	-0.0362311857628631
15	51000001	51500000	-0.0154702433090003
15	51500001	52000000	0.040651085718929
15	52000001	52500000	-0.0209342868926666
15	52500001	53000000	-0.0260774741499707
15	53000001	53500000	0.0494648849470775
15	53500001	54000000	-0.0920701564814557
15	54000001	54500000	0.00250897591855758
15	54500001	55000000	-0.0117527313206169
15	55000001	55500000	0.0191441145945993
15	55500001	56000000	0.0187929908089104
15	56000001	56500000	-0.0474576273751723
15	56500001	57000000	0.0312484530079227
15	57000001	57500000	-0.00912797320473291
15	57500001	58000000	-0.0251113828631979
15	58000001	58500000	0.0113365199812025
15	58500001	59000000	-0.0288904754144138
15	59000001	59500000	0.0595142556835546
15	59500001	60000000	-0.0401460251390664
15	60000001	60500000	-0.0365366223777594
15	60500001	61000000	-0.0253395208983951
15	61000001	61500000	-0.0109697759439375
15	61500001	62000000	-0.000552122409695062
15	62000001	62500000	0.00514990587214149
15	62500001	63000000	0.0545138217923102
15	63000001	63500000	0.0442470675465738
15	63500001	64000000	-0.0606861299709158
15	64000001	64500000	0.034655736007059
15	64500001	65000000	-0.0762365176958557
15	65000001	65500000	0.0459983658752849
15	65500001	66000000	-0.0125448561713533
15	66000001	66500000	0.0206840534425138
15	66500001	67000000	-0.00472658676235104
15	67000001	67500000	-0.0194597678679826
15	67500001	68000000	-9.9331326772913e-06
15	68000001	68500000	0.0467269895504157
15	68500001	69000000	0.0198027036008311
15	69000001	69500000	0.00141340371593212
15	69500001	70000000	0.041215984969544
15	70000001	70500000	-0.0676445405847617
15	70500001	71000000	0.0226649256273292
15	71000001	71500000	0.0164107554741683
15	71500001	72000000	-0.00956446725135741
15	72000001	72500000	0.0390038514606622
15	72500001	73000000	-0.0568322198163783
15	73000001	73500000	0.048470845760367
15	73500001	74000000	-0.0172965173717901
15	74000001	74500000	-0.03600466668441
15	74500001	75000000	-0.00929473785873649
15	75000001	75500000	0.0302804948147527
15	75500001	76000000	-0.034877517417273
15	76000001	76500000	-0.0222524912291132
15	76500001	77000000	-0.00125163327573293
15	77000001	77500000	-0.0243436426350801
15	77500001	78000000	0.0175370029969128
15	78000001	78500000	0.0202624399593187
15	78500001	79000000	0.0300319160639792
15	79000001	79500000	-0.0434456581215174
15	79500001	80000000	-0.0315011467414164
15	80000001	80500000	0.0240256748056258
15	80500001	81000000	0.0278122057669958
15	81000001	81500000	0.00605309923148474
15	81500001	82000000	-0.00430590387934688
15	82000001	82500000	0.0206923133005228
15	83500001	84000000	-0.0500937254947459
15	84000001	84500000	-0.0755622952844645
15	85000001	85500000	NA
15	85500001	86000000	-0.0853012024030529
15	86000001	86500000	-0.0285631535338599
15	86500001	87000000	0.0222036289225381
15	87000001	87500000	-0.0145128475587815
15	87500001	88000000	-0.0201268544134257
15	88000001	88500000	-0.00697108178614396
15	88500001	89000000	-0.00361514043497294
15	89000001	89500000	0.0103917152352027
15	89500001	90000000	0.0456237139922061
15	90000001	90500000	0.0144528659653092
15	90500001	91000000	-0.00866281212749032
15	91000001	91500000	0.00716093546994762
15	91500001	92000000	-0.0452873130275255
15	92000001	92500000	-0.0100893644754423
15	92500001	93000000	-0.0554550409011242
15	93000001	93500000	0.0425087592681866
15	93500001	94000000	0.0204016027331415
15	94000001	94500000	-0.0198341123290132
15	94500001	95000000	0.0701277597934151
15	95000001	95500000	0.0518393039472368
15	95500001	96000000	-0.00177993489857455
15	96000001	96500000	-0.106344546810273
15	96500001	97000000	-0.00581382887121305
15	97000001	97500000	-0.0446235917185563
15	97500001	98000000	0.0281986937176579
15	98000001	98500000	0.0405142615120006
15	98500001	99000000	0.0436377063179088
15	99000001	99500000	-0.0213389185820917
15	99500001	100000000	0.0217719872643186
15	100000001	100500000	-0.0700861618726906
15	100500001	101000000	0.0791215696127885
15	101000001	101500000	0.0204488985308854
15	101500001	102000000	-0.024586647441602
15	102000001	102500000	0.0885558916074956
16	1	500000	NA
16	500001	1000000	NA
16	1000001	1500000	NA
16	1500001	2000000	0.00620951579286938
16	2000001	2500000	0.0501723104970773
16	2500001	3000000	-0.171789788483029
16	3000001	3500000	-0.0162004420695753
16	3500001	4000000	-0.00272965317507763
16	4000001	4500000	-0.0202190606067437
16	4500001	5000000	0.0417194705219324
16	5000001	5500000	0.0653980955033573
16	5500001	6000000	0.0180796158627663
16	6000001	6500000	-0.00753192011757821
16	6500001	7000000	-0.0253665710026125
16	7000001	7500000	-0.0229378573576097
16	7500001	8000000	0.0178537905001782
16	8000001	8500000	0.0152894390682388
16	8500001	9000000	NA
16	9000001	9500000	-0.0324827794384632
16	9500001	10000000	-0.0283108843809773
16	10000001	10500000	0.0609859748581971
16	10500001	11000000	-0.0645742708526556
16	11000001	11500000	0.0162591513105356
16	11500001	12000000	-0.0587394689700757
16	12000001	12500000	-0.0260460023923102
16	12500001	13000000	0.00874540322654672
16	13000001	13500000	-0.0878393949741892
16	13500001	14000000	0.0182692490774176
16	14000001	14500000	0.0117285452035416
16	15500001	16000000	-0.00106654083098099
16	17000001	17500000	-0.0465748957626226
16	17500001	18000000	-0.00819634911657776
16	19000001	19500000	-0.0337138301290693
16	19500001	20000000	-0.051103758323819
16	20000001	20500000	-0.0761678525949027
16	20500001	21000000	-0.0790470694426723
16	21000001	21500000	-0.261294578772097
16	22000001	22500000	-0.0465496696969122
16	22500001	23000000	0.159648397030641
16	23000001	23500000	0.032782828166696
16	23500001	24000000	-0.0310766461490061
16	24000001	24500000	0.00904477892285566
16	24500001	25000000	-0.0867159354981356
16	25000001	25500000	-0.0131703253397687
16	25500001	26000000	-0.0582146991913596
16	26000001	26500000	0.0158181416708071
16	26500001	27000000	-0.00793130764658188
16	27000001	27500000	0.0254863795111381
16	27500001	28000000	0.0737601002981311
16	28000001	28500000	-0.213150780791501
16	29500001	30000000	-0.186119272738301
16	30000001	30500000	-0.237000384280893
16	30500001	31000000	0.0414119730486798
16	31000001	31500000	-0.0360348716138091
16	31500001	32000000	0.00525722867842834
16	34500001	35000000	0.034525655594455
16	46500001	47000000	0.0659946781800991
16	47000001	47500000	-0.0116382673037759
16	47500001	48000000	0.014985671534334
16	48000001	48500000	-0.0374877895272345
16	48500001	49000000	0.0257527257529139
16	49000001	49500000	-0.00454291252724959
16	49500001	50000000	-0.00222036087937256
16	50000001	50500000	0.001725993768877
16	50500001	51000000	0.068216079478367
16	51000001	51500000	0.0274526141832396
16	51500001	52000000	-0.002599313910983
16	52000001	52500000	-0.0258365574576045
16	52500001	53000000	-0.0115574114877893
16	53000001	53500000	-0.0015349638110775
16	53500001	54000000	0.0474387662409314
16	54000001	54500000	0.016293732255317
16	54500001	55000000	-0.0463895023307023
16	55000001	55500000	-0.00758168926991636
16	55500001	56000000	-0.0428501279426921
16	56000001	56500000	0.000724982543984944
16	56500001	57000000	0.0270685763934126
16	57000001	57500000	0.0164783775896825
16	57500001	58000000	0.0389858123470202
16	58000001	58500000	-0.0335772913209012
16	58500001	59000000	0.0231387919198734
16	59000001	59500000	-0.00321084099104072
16	59500001	60000000	0.015694040663956
16	60000001	60500000	0.00280986908685256
16	60500001	61000000	0.00958913989694774
16	61000001	61500000	0.0139274718514837
16	61500001	62000000	-0.00148599833260346
16	62000001	62500000	-0.019929528585015
16	62500001	63000000	-0.0196384488105221
16	63000001	63500000	-0.0109628957755863
16	63500001	64000000	0.0114007653082177
16	64000001	64500000	0.0111492441376889
16	64500001	65000000	0.0152916564413721
16	65000001	65500000	-0.0334248615055123
16	65500001	66000000	0.0173767616027289
16	66000001	66500000	-0.00346817734903725
16	66500001	67000000	-0.0592694123513785
16	67000001	67500000	0.0353373119664411
16	67500001	68000000	-0.0168920652489023
16	68000001	68500000	0.053874890431746
16	68500001	69000000	-0.0609708436393531
16	69000001	69500000	-0.00473030872623036
16	69500001	70000000	-0.0597037322265209
16	70500001	71000000	-0.0338831545507613
16	71000001	71500000	-0.17015469478334
16	71500001	72000000	-0.033781337696387
16	72000001	72500000	0.0120557153556606
16	72500001	73000000	0.0326948007588929
16	73000001	73500000	-0.0976210035711831
16	73500001	74000000	-0.00910088489981786
16	74000001	74500000	0.0632446737581836
16	74500001	75000000	-0.0431397593858718
16	75000001	75500000	0.0321200849577854
16	75500001	76000000	-0.0721283435635466
16	76000001	76500000	0.035849978654114
16	76500001	77000000	-0.0248733355028506
16	77000001	77500000	0.00282790794685172
16	77500001	78000000	0.0104573142765392
16	78000001	78500000	-0.0597511150685873
16	78500001	79000000	-0.0192103617834697
16	79000001	79500000	-0.0194262961372012
16	79500001	80000000	-0.000252755677200225
16	80000001	80500000	-0.00751080367436997
16	80500001	81000000	-0.0254058344065823
16	81000001	81500000	-0.02152888610412
16	81500001	82000000	-0.00491792390014508
16	82000001	82500000	0.00309641523895024
16	82500001	83000000	0.0373084631766407
16	83000001	83500000	-0.0245923325693707
16	83500001	84000000	0.00153291450763924
16	84000001	84500000	0.0108121357012683
16	84500001	85000000	-0.0158183215373137
16	85000001	85500000	-0.0425070790932996
16	85500001	86000000	0.00348239679717455
16	86000001	86500000	-0.0206186636481328
16	86500001	87000000	-0.0495527501544458
16	87000001	87500000	0.0203771902651512
16	87500001	88000000	0.0172098451351336
16	88000001	88500000	NA
16	88500001	89000000	NA
16	89000001	89500000	0.0561819501723356
16	89500001	90000000	-0.0341639304072924
17	500001	1000000	-0.0230392631927573
17	1000001	1500000	-0.0588540634972887
17	1500001	2000000	0.0183604903032888
17	2000001	2500000	0.024661253794636
17	2500001	3000000	-0.0503831708818274
17	3000001	3500000	0.0120528339137019
17	3500001	4000000	0.0236687608017931
17	4000001	4500000	-0.0124981226348932
17	4500001	5000000	0.0135949510983379
17	5000001	5500000	-0.102342999353973
17	5500001	6000000	0.0296324502184526
17	6000001	6500000	0.0211349614013749
17	6500001	7000000	-0.0109448167829645
17	7000001	7500000	0.0172624418325629
17	7500001	8000000	-0.026356357242044
17	8000001	8500000	-0.0325568139019958
17	8500001	9000000	0.00835726964562497
17	9000001	9500000	-0.0412466496819383
17	9500001	10000000	-0.0375979431451796
17	10000001	10500000	0.01993642418527
17	10500001	11000000	-0.0316340197000353
17	11000001	11500000	0.0437871845919702
17	11500001	12000000	-0.0344343951792092
17	12000001	12500000	-0.0322181013681198
17	12500001	13000000	-0.0627968631643442
17	13000001	13500000	0.00621215018621631
17	13500001	14000000	0.0117251187040935
17	14000001	14500000	0.0140277711860131
17	14500001	15000000	0.0118243834564459
17	15000001	15500000	0.0152599329547287
17	15500001	16000000	-0.0230931956976116
17	16000001	16500000	0.0471367099384574
17	16500001	17000000	0.206230694207887
17	17000001	17500000	0.00970027955612209
17	17500001	18000000	0.00411342086992872
17	18000001	18500000	-0.115427258638566
17	19000001	19500000	-0.294145132691305
17	19500001	20000000	-0.00887173201231958
17	20500001	21000000	0.109145720917247
17	21000001	21500000	0.419835282334143
17	25500001	26000000	-0.0264670698346017
17	26000001	26500000	0.0403691307672633
17	26500001	27000000	0.0100696736544082
17	27000001	27500000	-0.0277204722090948
17	27500001	28000000	0.0240856081205303
17	28000001	28500000	-0.00884213755452107
17	28500001	29000000	-0.0138475784856526
17	29000001	29500000	-0.0240192114079089
17	29500001	30000000	0.034156643651036
17	30000001	30500000	0.00370298707625205
17	30500001	31000000	-0.0247574439392988
17	31000001	31500000	-0.0453455562860342
17	31500001	32000000	-0.0360428060255904
17	32000001	32500000	-0.0396131219028594
17	32500001	33000000	0.0447163502332418
17	33000001	33500000	0.0395698860498508
17	33500001	34000000	0.048217815956983
17	34000001	34500000	-0.0273657742314407
17	35000001	35500000	-0.0193719561287229
17	35500001	36000000	-0.0807982894560799
17	36000001	36500000	0.214027488399026
17	36500001	37000000	0.0398248048442351
17	37000001	37500000	-0.0284394693409626
17	37500001	38000000	0.00859859782387743
17	38000001	38500000	-0.0606916396199951
17	38500001	39000000	0.0225438372796484
17	39000001	39500000	-0.0703689133549299
17	39500001	40000000	-0.0188650682195312
17	40000001	40500000	0.0342193479204196
17	40500001	41000000	-0.0161897951453526
17	41000001	41500000	0.124583295657592
17	41500001	42000000	0.0109057196885768
17	42000001	42500000	0.0138134209893178
17	42500001	43000000	-0.00861625723145556
17	43000001	43500000	0.019412440857074
17	43500001	44000000	-0.0124512905197943
17	44000001	44500000	-0.2383075832584
17	45000001	45500000	0.00321101542718929
17	45500001	46000000	0.0494181513684973
17	46000001	46500000	-0.0606357231599647
17	46500001	47000000	-0.0351025638282829
17	47000001	47500000	0.0642521455765519
17	47500001	48000000	-0.0268610446169839
17	48000001	48500000	-0.00311680378603952
17	48500001	49000000	0.00307138426004499
17	49000001	49500000	-0.0427463573206984
17	49500001	50000000	0.0581828455712355
17	50000001	50500000	0.0403592441405361
17	50500001	51000000	-0.0177787023145289
17	51000001	51500000	-0.0948279644900623
17	51500001	52000000	0.00306796109360816
17	52000001	52500000	0.0174839065504012
17	52500001	53000000	0.0724468874699634
17	53000001	53500000	-0.0345052778243331
17	53500001	54000000	-0.0246882150692991
17	54000001	54500000	0.0191741768263732
17	54500001	55000000	-0.021417816326993
17	55000001	55500000	-0.00481884812356913
17	55500001	56000000	-0.0659987336126578
17	56000001	56500000	-0.0181315277533135
17	56500001	57000000	0.0487240425173539
17	57000001	57500000	-0.0129722080655826
17	57500001	58000000	-0.0124992699831072
17	58000001	58500000	-0.154312736307751
17	58500001	59000000	0.0261619451157015
17	59000001	59500000	0.00824884559632231
17	59500001	60000000	-0.00770867782665246
17	60000001	60500000	-0.0369453323140239
17	60500001	61000000	0.0272685528344409
17	61000001	61500000	-0.000671029086701973
17	61500001	62000000	0.00846419099510346
17	62000001	62500000	NA
17	62500001	63000000	0.0296348625500943
17	63000001	63500000	0.00301084333923003
17	63500001	64000000	0.0271811476972841
17	64000001	64500000	-0.037651313166615
17	64500001	65000000	-0.0106561217689576
17	65000001	65500000	0.0171506860087087
17	65500001	66000000	-0.0686694361686834
17	66000001	66500000	-0.00804905554712138
17	66500001	67000000	-0.00177077616699043
17	67000001	67500000	0.0131520277120575
17	67500001	68000000	-0.000591994455668286
17	68000001	68500000	-0.0212359417903769
17	68500001	69000000	-0.0910223810371713
17	69000001	69500000	0.050740820559043
17	69500001	70000000	0.0566597288951313
17	70000001	70500000	-0.00768497543689162
17	70500001	71000000	-0.0690551996583705
17	71000001	71500000	-0.0273278231928924
17	71500001	72000000	0.0243953501523861
17	72000001	72500000	0.00661718006860346
17	72500001	73000000	-0.0266489284494143
17	73000001	73500000	0.00632894260684774
17	73500001	74000000	0.0349253794592323
17	74000001	74500000	0.0165970768627435
17	74500001	75000000	-0.0648915654975502
17	75000001	75500000	-0.00300053477748045
17	75500001	76000000	-0.00530207380803232
17	76000001	76500000	0.062308709580445
17	76500001	77000000	-0.00162990712007156
17	77000001	77500000	-0.141037007771284
17	77500001	78000000	NA
17	78000001	78500000	-0.0291093590032475
17	78500001	79000000	-0.00116446826504624
17	79000001	79500000	0.0184800016814046
17	79500001	80000000	NA
17	80000001	80500000	0.0455823777360291
17	80500001	81000000	0.0488259281517408
17	81000001	81500000	-1.64894150211796
18	1	500000	NA
18	500001	1000000	0.00527472668485461
18	1000001	1500000	-0.0533190788651731
18	1500001	2000000	0.00794896765737839
18	2000001	2500000	0.00430177726149489
18	2500001	3000000	0.0499853030081402
18	3000001	3500000	0.0534218148904914
18	3500001	4000000	-0.0102024442072102
18	4000001	4500000	-0.0169062463059443
18	4500001	5000000	-0.0589892267757106
18	5000001	5500000	-0.0234083328894419
18	5500001	6000000	0.0195856264940275
18	6000001	6500000	0.0192108889393439
18	6500001	7000000	0.0146953111167695
18	7000001	7500000	-0.0326216669252041
18	7500001	8000000	0.0147682521771668
18	8000001	8500000	-0.0275871281876219
18	8500001	9000000	-0.0134642616668112
18	9000001	9500000	0.0311713859573358
18	9500001	10000000	0.0135659316368087
18	10000001	10500000	0.0439819052129265
18	10500001	11000000	0.0191393443762268
18	11000001	11500000	0.0143297346293313
18	11500001	12000000	-0.0800223254129754
18	12000001	12500000	-0.0364445191000552
18	12500001	13000000	0.0106473582077515
18	13000001	13500000	-0.00582090390564775
18	13500001	14000000	0.0210611418165953
18	19000001	19500000	-0.0543416218162561
18	19500001	20000000	0.0312872104683799
18	20000001	20500000	0.00280949112481344
18	20500001	21000000	0.00479932210295187
18	21000001	21500000	-0.0416490888597083
18	21500001	22000000	0.0246113809089019
18	22000001	22500000	0.0092058577386837
18	22500001	23000000	0.0374921680402174
18	23000001	23500000	-0.0453707681816098
18	23500001	24000000	-0.0305133364529836
18	24000001	24500000	-0.0324598451296387
18	24500001	25000000	0.0259540231122107
18	25000001	25500000	-0.0115083681722595
18	25500001	26000000	0.0452718772452582
18	26000001	26500000	-0.0769666293649744
18	26500001	27000000	0.0233847240774712
18	27000001	27500000	-0.0263508949134229
18	27500001	28000000	0.0153395134390949
18	28000001	28500000	0.0333446374022478
18	28500001	29000000	-0.022186957453113
18	29000001	29500000	0.0233822224707957
18	29500001	30000000	-0.00669150063665193
18	30000001	30500000	0.0167021215694625
18	30500001	31000000	-0.0197106797287311
18	31000001	31500000	0.0324549601897815
18	31500001	32000000	0.0274545475172127
18	32000001	32500000	0.0350663802675818
18	32500001	33000000	-0.037882319718683
18	33000001	33500000	0.0247491936683159
18	33500001	34000000	0.0353496680594822
18	34000001	34500000	-0.00146091074542798
18	34500001	35000000	-0.0124185453229367
18	35000001	35500000	0.00905162468304972
18	35500001	36000000	-5.74453126218154e-05
18	36000001	36500000	-0.0271955359917934
18	36500001	37000000	0.0440550026435654
18	37000001	37500000	-0.0331125693859971
18	37500001	38000000	0.00222992616283972
18	38000001	38500000	-0.0688955155541854
18	38500001	39000000	-0.0107392581993378
18	39000001	39500000	-0.000689868772949324
18	39500001	40000000	-0.00274467341448939
18	40000001	40500000	-0.0504055067152989
18	40500001	41000000	0.0712081135568104
18	41000001	41500000	0.0667559957557385
18	41500001	42000000	0.028672848413048
18	42000001	42500000	0.00858343227896462
18	42500001	43000000	-0.0929938842737983
18	43000001	43500000	0.00561207812761048
18	43500001	44000000	-0.0466269522596189
18	44000001	44500000	0.0423236953633679
18	44500001	45000000	0.0597867302820491
18	45000001	45500000	-0.0206993022186615
18	45500001	46000000	0.00731128605080606
18	46000001	46500000	0.0188546390961784
18	46500001	47000000	0.0831535537002711
18	47000001	47500000	-0.0248241818557254
18	47500001	48000000	-0.0364766298466914
18	48000001	48500000	0.0177425726236396
18	48500001	49000000	0.0113113634679727
18	49000001	49500000	-0.0399840459720455
18	49500001	50000000	0.00800138401497114
18	50000001	50500000	0.0147614496274327
18	50500001	51000000	0.0946823464416047
18	51000001	51500000	-0.0143299021533204
18	51500001	52000000	-0.00112410877401206
18	52500001	53000000	0.0305484548157432
18	53000001	53500000	0.0221851900208943
18	53500001	54000000	-0.0136295883826434
18	54000001	54500000	0.0397814461128714
18	54500001	55000000	-0.0288183930415961
18	55000001	55500000	-0.0394820370291383
18	55500001	56000000	-0.0029383986503625
18	56000001	56500000	0.000348227086225193
18	56500001	57000000	0.0131767495948189
18	57000001	57500000	-0.0315828850413874
18	57500001	58000000	-0.0315365086085712
18	58000001	58500000	-0.00724083516937337
18	58500001	59000000	0.0341316473430237
18	59000001	59500000	-0.0377214773132258
18	59500001	60000000	0.0491330370659523
18	60000001	60500000	-0.0114635339034558
18	60500001	61000000	-0.024544550552991
18	61000001	61500000	-0.0399674960923042
18	61500001	62000000	0.0332065662395124
18	62000001	62500000	-0.0149234955330386
18	62500001	63000000	-0.0103571790287818
18	63000001	63500000	-0.0030353326862913
18	63500001	64000000	-0.0518686200236744
18	64000001	64500000	-0.0225986979013539
18	64500001	65000000	0.0377228697237594
18	65000001	65500000	-0.0103155729149072
18	65500001	66000000	-0.0165827738226071
18	66000001	66500000	-0.0639173875565533
18	66500001	67000000	0.0160357475056808
18	67000001	67500000	-0.0382769995241763
18	67500001	68000000	0.0919134498518345
18	68000001	68500000	0.0445937045087477
18	68500001	69000000	-0.0509398393633323
18	69000001	69500000	0.0652863795372643
18	69500001	70000000	-0.0060641586655373
18	70000001	70500000	-0.0488384657437048
18	70500001	71000000	0.00520524407705397
18	71000001	71500000	0.0323452697333354
18	71500001	72000000	0.00566791652479964
18	72000001	72500000	NA
18	72500001	73000000	-0.02284680485473
18	73000001	73500000	-0.00121302835718952
18	73500001	74000000	0.0212932016559138
18	74000001	74500000	-0.0667730835774407
18	74500001	75000000	-0.0112997678906648
18	75000001	75500000	0.0513907621880009
18	75500001	76000000	NA
18	76000001	76500000	-0.0507714440607957
18	76500001	77000000	0.0113416738841038
18	77000001	77500000	0.0047120687664666
18	77500001	78000000	0.0611533001414083
19	500001	1000000	NA
19	1000001	1500000	NA
19	1500001	2000000	-0.0293849436067746
19	2000001	2500000	-0.021182134170772
19	2500001	3000000	-0.0340539869963699
19	3000001	3500000	-0.0546624932594287
19	3500001	4000000	-0.0510493125402769
19	4000001	4500000	-0.00965853135338635
19	4500001	5000000	-0.00187684708280421
19	5000001	5500000	0.00847801016098291
19	5500001	6000000	-0.0226080699748709
19	6000001	6500000	0.00369669683614775
19	6500001	7000000	0.00561069066610998
19	7000001	7500000	NA
19	7500001	8000000	-0.0438357755696101
19	8000001	8500000	-0.155100649931795
19	8500001	9000000	NA
19	9000001	9500000	-0.0159244525229057
19	9500001	10000000	0.0409768027336152
19	10000001	10500000	-0.0616572995945261
19	10500001	11000000	0.00184643282148067
19	11000001	11500000	-0.0382780734542082
19	11500001	12000000	-0.00112850128163743
19	12000001	12500000	-0.0362780374159515
19	12500001	13000000	0.0410974928017905
19	13000001	13500000	-0.0519501051122122
19	13500001	14000000	-0.025550106533868
19	14000001	14500000	-0.00451594742009528
19	14500001	15000000	-0.0150772644734367
19	15000001	15500000	-0.0170618006262232
19	15500001	16000000	-0.0239937125920322
19	16000001	16500000	-0.0137725880319794
19	16500001	17000000	-0.022826683563325
19	17000001	17500000	-0.0352370553728881
19	17500001	18000000	0.0212462155403087
19	18000001	18500000	-0.0615020013051051
19	18500001	19000000	-0.0286735653816368
19	19000001	19500000	-0.0117928015845263
19	19500001	20000000	0.0620262444578292
19	20000001	20500000	-0.845850929310925
19	20500001	21000000	NA
19	21000001	21500000	-0.0201722935869114
19	21500001	22000000	0.0797185538797672
19	22000001	22500000	0.000144542942276683
19	22500001	23000000	0.0694511272225806
19	23000001	23500000	-0.00602702349628161
19	23500001	24000000	-0.020810689142525
19	24000001	24500000	-0.0414669530455461
19	28000001	28500000	0.0356534490243452
19	28500001	29000000	-0.0122492399068865
19	29000001	29500000	0.021501712671387
19	29500001	30000000	-0.0294171798386563
19	30000001	30500000	-0.0044195422179457
19	30500001	31000000	-0.0165880179755463
19	31000001	31500000	-0.00712517733419816
19	31500001	32000000	0.0293103359712646
19	32000001	32500000	0.0258926079721514
19	32500001	33000000	-0.0258010788610707
19	33000001	33500000	-0.0143753039975571
19	33500001	34000000	-0.00918131955191911
19	34000001	34500000	-0.0356572021715594
19	34500001	35000000	0.00591240138548902
19	35000001	35500000	-0.0352162660895225
19	35500001	36000000	0.0322714074088606
19	36000001	36500000	0.00986207754155181
19	36500001	37000000	-0.0225811201270918
19	37000001	37500000	0.0340358376029537
19	37500001	38000000	-0.0131837369921955
19	38000001	38500000	-0.0181081873825291
19	38500001	39000000	-0.0244686300814064
19	39000001	39500000	-0.125745359802315
19	39500001	40000000	0.00684149468021383
19	40000001	40500000	-0.00724753799642181
19	40500001	41000000	-0.0272788921795079
19	41000001	41500000	0.0133670252287181
19	41500001	42000000	-0.00628026424653473
19	42000001	42500000	0.0353910548273337
19	42500001	43000000	-0.0710503709625136
19	43000001	43500000	0.112286305855155
19	43500001	44000000	0.0612350032828914
19	44000001	44500000	-0.022107382894642
19	44500001	45000000	0.0145574481410818
19	45000001	45500000	-0.109577236096653
19	45500001	46000000	-0.0069807867619168
19	46000001	46500000	0.0104486574221442
19	46500001	47000000	0.0263892058076274
19	47000001	47500000	-0.0674021955449697
19	47500001	48000000	-0.0201802637668857
19	48000001	48500000	-0.0466121015551337
19	48500001	49000000	-0.0408338989930344
19	49000001	49500000	-0.0680237920192208
19	49500001	50000000	-0.0394758996354214
19	50000001	50500000	0.00263263402371582
19	50500001	51000000	-0.0536855770740444
19	51000001	51500000	-0.0705761411630914
19	51500001	52000000	-0.00503865428605974
19	52000001	52500000	-0.00582377914059122
19	52500001	53000000	-0.0801146337086308
19	53000001	53500000	-0.00123924827894014
19	53500001	54000000	0.0508284588398868
19	54000001	54500000	0.0165947635887642
19	54500001	55000000	-0.0256538254008589
19	55000001	55500000	-0.313206241806137
19	55500001	56000000	-0.111449159430787
19	56000001	56500000	-0.00552804394406163
19	56500001	57000000	0.0164867577949906
19	57000001	57500000	0.0238407385251536
19	57500001	58000000	-0.0489701994555543
19	58000001	58500000	0.0248713977237925
19	58500001	59000000	-0.0117751858031098
19	59000001	59500000	NA
20	1	500000	NA
20	500001	1000000	-0.0162112405851448
20	1000001	1500000	-0.0190217826165053
20	1500001	2000000	-0.134158774325233
20	2000001	2500000	0.041953236229636
20	2500001	3000000	0.0548889754578379
20	3000001	3500000	0.0201175130375498
20	3500001	4000000	-0.00148656476968534
20	4000001	4500000	0.0016031648984885
20	4500001	5000000	0.0559529373584341
20	5000001	5500000	0.00626288646415746
20	5500001	6000000	-0.0326544457416146
20	6000001	6500000	0.0105910111304922
20	6500001	7000000	0.0429428834957799
20	7000001	7500000	-0.0488857104310704
20	7500001	8000000	0.017201332232549
20	8000001	8500000	-0.020059595713797
20	8500001	9000000	-0.0675907052267829
20	9000001	9500000	-0.0366185254991511
20	9500001	10000000	0.02413395612158
20	10000001	10500000	0.039111334982081
20	10500001	11000000	0.000173813712486733
20	11000001	11500000	0.0389142121262783
20	11500001	12000000	-0.000515768170097431
20	12000001	12500000	-0.00998353785563938
20	12500001	13000000	-0.010292274976361
20	13000001	13500000	-0.0341354263116897
20	13500001	14000000	0.0252072825959076
20	14000001	14500000	0.0512555144065424
20	14500001	15000000	-0.0224632124362255
20	15000001	15500000	0.00553857718643361
20	15500001	16000000	-0.0265017198298205
20	16000001	16500000	0.011487793657572
20	16500001	17000000	0.00453209903093609
20	17000001	17500000	-0.0470781417296191
20	17500001	18000000	0.00971666025086227
20	18000001	18500000	0.0173150399507006
20	18500001	19000000	-0.0149836762595477
20	19000001	19500000	0.00997779133611516
20	19500001	20000000	0.00149037350954533
20	20000001	20500000	0.0342086376272075
20	20500001	21000000	0.0243768499230373
20	21000001	21500000	-0.00789523544411625
20	21500001	22000000	-0.0217102101203966
20	22000001	22500000	0.0359523767150915
20	22500001	23000000	-0.00312429921643845
20	23000001	23500000	0.0102648314683869
20	23500001	24000000	0.0401609224997005
20	24000001	24500000	-0.063773769004637
20	24500001	25000000	0.0551875386992817
20	25000001	25500000	0.0358527010186702
20	25500001	26000000	0.125000546262685
20	30000001	30500000	-0.0228578934155195
20	30500001	31000000	0.0417335926892494
20	31000001	31500000	0.0417416543194209
20	31500001	32000000	-0.0599873237912034
20	32000001	32500000	0.0301158440377712
20	32500001	33000000	-0.00766861786762079
20	33000001	33500000	-0.0385371095097278
20	33500001	34000000	0.00751496752160662
20	34000001	34500000	-0.0749495341713879
20	34500001	35000000	NA
20	35000001	35500000	0.0457900239960602
20	35500001	36000000	-0.0918448853308767
20	36000001	36500000	-0.0392414297159203
20	36500001	37000000	0.0693508742371242
20	37000001	37500000	0.0671368958533375
20	37500001	38000000	-0.0311179185514889
20	38000001	38500000	0.02100903917042
20	38500001	39000000	0.0156547144925991
20	39000001	39500000	-0.0270244758945513
20	39500001	40000000	0.0466490567826085
20	40000001	40500000	0.0183918156550104
20	40500001	41000000	-0.00505198161802022
20	41000001	41500000	-0.0183572729797914
20	41500001	42000000	0.00605838999501684
20	42000001	42500000	-0.0380182759677862
20	42500001	43000000	0.0331932559435983
20	43000001	43500000	0.0589625725438059
20	43500001	44000000	-0.0498035134832214
20	44000001	44500000	0.0649015524383936
20	44500001	45000000	-0.0185909131296066
20	45000001	45500000	-0.0611929209647307
20	45500001	46000000	0.0123175874727246
20	46000001	46500000	-0.0625271569572641
20	46500001	47000000	-0.0346269955012357
20	47000001	47500000	-0.00893506273956478
20	47500001	48000000	0.01380975724622
20	48000001	48500000	-0.0749787628723529
20	48500001	49000000	0.00440633958223116
20	49000001	49500000	0.020637901194752
20	49500001	50000000	-0.00831959098823007
20	50000001	50500000	0.00201728813108853
20	50500001	51000000	-0.00660161479307389
20	51000001	51500000	-0.0155921037710772
20	51500001	52000000	-0.00977851598298691
20	52000001	52500000	-0.0130868818892667
20	52500001	53000000	0.0301476662583908
20	53000001	53500000	0.0541160926760284
20	53500001	54000000	0.0290078408834823
20	54000001	54500000	-0.00736845486311282
20	54500001	55000000	-0.0103834454560144
20	55000001	55500000	-0.0574361881622517
20	55500001	56000000	0.0333886993914376
20	56000001	56500000	-0.0237996162514677
20	56500001	57000000	0.00730767751662416
20	57000001	57500000	-0.0119736633545591
20	57500001	58000000	0.035507631020427
20	58000001	58500000	0.0389210793773786
20	58500001	59000000	0.0187737959434796
20	59000001	59500000	0.0158401691961046
20	59500001	60000000	-0.00287679498596762
20	60000001	60500000	0.0215463716166957
20	60500001	61000000	-0.0168812998642671
20	61000001	61500000	NA
20	61500001	62000000	0.0496398054145911
20	62000001	62500000	-0.0231049207090191
20	62500001	63000000	NA
21	15500001	16000000	0.0237159416408961
21	16000001	16500000	-0.0367354699567681
21	16500001	17000000	-0.00553387979786507
21	17000001	17500000	-0.00120623509073655
21	17500001	18000000	0.0533908587703542
21	18000001	18500000	-0.0214827562367315
21	18500001	19000000	0.0148711549646254
21	19000001	19500000	0.0144643971160479
21	19500001	20000000	-0.0159384411263796
21	20000001	20500000	0.0761611121419357
21	20500001	21000000	-0.0229127578751079
21	21000001	21500000	0.00821884653904983
21	21500001	22000000	-0.0233621950391676
21	22000001	22500000	0.0535319703812573
21	22500001	23000000	-0.08508699819584
21	23000001	23500000	-0.00978624459537942
21	23500001	24000000	-0.0237132126572688
21	24000001	24500000	-0.00980261305434404
21	24500001	25000000	0.0292864315644006
21	25000001	25500000	-0.0276754356760903
21	25500001	26000000	0.0302571097514917
21	26000001	26500000	-0.0305097923953742
21	26500001	27000000	-0.0274341656354818
21	27000001	27500000	-0.0472899687529241
21	27500001	28000000	0.00744361758178678
21	28000001	28500000	0.00495492444621638
21	28500001	29000000	0.0261338501590954
21	29000001	29500000	0.0778168358806032
21	29500001	30000000	0.0318683184672689
21	30000001	30500000	-0.0224660505260398
21	30500001	31000000	-0.00473074311842946
21	31000001	31500000	0.0136705443993462
21	31500001	32000000	-0.0530292834002459
21	32000001	32500000	0.0153632768337553
21	32500001	33000000	0.0117406906680472
21	33000001	33500000	NA
21	33500001	34000000	0.0435452576878352
21	34000001	34500000	0.0186126417394992
21	34500001	35000000	-0.0107508694516705
21	35000001	35500000	-0.0263801409430981
21	35500001	36000000	-0.000557473960533801
21	36000001	36500000	0.0472027021679145
21	36500001	37000000	-0.0437393929888881
21	37000001	37500000	0.00926810219560278
21	37500001	38000000	0.0121383419325286
21	38000001	38500000	0.0219342283277763
21	38500001	39000000	-0.00917560120697472
21	39000001	39500000	-0.0339400552116773
21	39500001	40000000	-0.0214424133611304
21	40000001	40500000	NA
21	40500001	41000000	-0.0422846174952253
21	41000001	41500000	0.0021213008384967
21	41500001	42000000	-0.0191000817287199
21	42000001	42500000	0.0417398936286078
21	42500001	43000000	NA
21	43000001	43500000	NA
21	43500001	44000000	0.0170557498448319
21	44000001	44500000	NA
21	44500001	45000000	NA
21	45000001	45500000	-0.0522539775564231
21	45500001	46000000	0.0714926910608123
21	46000001	46500000	-0.0120365058654372
21	46500001	47000000	0.0285610388663311
21	47000001	47500000	0.0206825145294451
21	47500001	48000000	0.0817805571669501
21	48000001	48500000	NA
22	17000001	17500000	0.0567508830608953
22	17500001	18000000	0.0190114518201145
22	18000001	18500000	-0.0306782853735388
22	19000001	19500000	NA
22	19500001	20000000	0.0407896269447641
22	21000001	21500000	-0.0138739026934596
22	22000001	22500000	0.0202440182412872
22	22500001	23000000	0.00881592611054973
22	23000001	23500000	0.0132854337337554
22	23500001	24000000	0.011349781636329
22	24000001	24500000	-0.0420282965653591
22	24500001	25000000	-0.0291036832197336
22	25000001	25500000	-0.109806786530613
22	25500001	26000000	0.0312631632372063
22	26000001	26500000	-0.00682920657283578
22	26500001	27000000	0.0327599463205307
22	27000001	27500000	-0.0185172309722225
22	27500001	28000000	-0.0338482545272236
22	28000001	28500000	-0.111972707069157
22	28500001	29000000	-0.0287575663892455
22	29000001	29500000	-0.0325011958908345
22	29500001	30000000	0.0515774684102396
22	30000001	30500000	0.0499056728965807
22	30500001	31000000	0.00722705927214964
22	31000001	31500000	-0.0259352509321413
22	31500001	32000000	0.0262616476754601
22	32000001	32500000	-0.00537512908528441
22	32500001	33000000	0.0067985164770429
22	33000001	33500000	-0.108361803797736
22	33500001	34000000	-0.0340310552457321
22	34000001	34500000	0.0111876779471553
22	34500001	35000000	-0.0249522705694284
22	35000001	35500000	0.00998785498562176
22	35500001	36000000	-0.0433678992739326
22	36000001	36500000	0.016171884251784
22	36500001	37000000	0.0246268132425711
22	37000001	37500000	-0.0414016557036025
22	37500001	38000000	-0.0173777238632032
22	38000001	38500000	-0.00410719167163357
22	38500001	39000000	0.0330327997835099
22	39000001	39500000	-0.00290592350289929
22	39500001	40000000	0.00799263224143084
22	40000001	40500000	-0.0500188245403664
22	40500001	41000000	-0.00263154044746126
22	41000001	41500000	-0.0282172405456996
22	41500001	42000000	0.0307043697611257
22	42000001	42500000	-0.0517767446198115
22	42500001	43000000	0.00981542011425825
22	43000001	43500000	-0.0278726196326196
22	43500001	44000000	0.0276714149674397
22	44000001	44500000	0.059060739022763
22	44500001	45000000	-0.00515346795475308
22	45000001	45500000	-0.0183148891163858
22	45500001	46000000	0.0178641832286038
22	46000001	46500000	0.0243221137280809
22	46500001	47000000	0.0498428961292561
22	47000001	47500000	0.0285146249820029
22	47500001	48000000	-0.0203044447046576
22	48000001	48500000	0.0221999271083687
22	48500001	49000000	0.026301710662574
22	49000001	49500000	0.0144657029815408
22	49500001	50000000	0.0606639672064519
22	50000001	50500000	NA
22	50500001	51000000	0.0248801082705627
