chr	start	end	log2_TNratio_corrected
1	1000001	1500000	NA
1	1500001	2000000	0.00720634033697668
1	2000001	2500000	NA
1	2500001	3000000	NA
1	3000001	3500000	0.0106119994681095
1	4000001	4500000	-0.0409419917887723
1	4500001	5000000	-0.0430239402455939
1	5000001	5500000	0.084654358754664
1	5500001	6000000	0.00190919609838747
1	6000001	6500000	-0.0346307786525306
1	6500001	7000000	0.00612983352168137
1	7000001	7500000	0.029351702030444
1	7500001	8000000	0.0175304160832747
1	8000001	8500000	-0.0259278489179206
1	8500001	9000000	0.0269201714447432
1	9000001	9500000	0.00919105246146079
1	9500001	10000000	-0.00147916037547584
1	10000001	10500000	-0.040382734517431
1	10500001	11000000	-0.0107097613260476
1	11000001	11500000	0.00490222915830229
1	11500001	12000000	-0.0542430941120933
1	12000001	12500000	0.00882795782312873
1	12500001	13000000	0.065024355002013
1	14000001	14500000	-0.0110503575950312
1	14500001	15000000	-0.0384424127015769
1	15000001	15500000	0.0109366522057516
1	15500001	16000000	-0.0488591160071909
1	16000001	16500000	0.0390426267125498
1	16500001	17000000	0.54246295075513
1	17000001	17500000	NA
1	17500001	18000000	-0.0480749145562153
1	18000001	18500000	-0.0225255687529359
1	18500001	19000000	0.0176803974702441
1	19000001	19500000	0.00215380876221662
1	19500001	20000000	-0.000459305826107247
1	20000001	20500000	-0.0130572116220205
1	20500001	21000000	-0.0219562560798003
1	21000001	21500000	0.0426260005367158
1	21500001	22000000	0.0126823553720811
1	22000001	22500000	-0.0294183796395572
1	22500001	23000000	-0.027692289701126
1	23000001	23500000	0.0541388767969309
1	23500001	24000000	-0.0417810835662636
1	24000001	24500000	-0.336968973839435
1	24500001	25000000	-0.0115640859559441
1	25000001	25500000	-0.00698708581432751
1	25500001	26000000	-0.0940127363936408
1	26000001	26500000	-0.00128715100725736
1	26500001	27000000	-0.0122215838822753
1	27000001	27500000	-0.00864141462901744
1	27500001	28000000	0.0240528745755069
1	28000001	28500000	0.0172461428717006
1	28500001	29000000	-0.0104073102136115
1	29000001	29500000	-0.00532172289623704
1	30000001	30500000	NA
1	30500001	31000000	-0.000942362622237701
1	31000001	31500000	-0.00137977845391776
1	31500001	32000000	-0.0248061128297519
1	32000001	32500000	0.0190596777060478
1	32500001	33000000	-0.0636391997057968
1	33000001	33500000	0.0118243945819896
1	33500001	34000000	0.0576191269779571
1	34000001	34500000	0.00883463508852276
1	34500001	35000000	0.0355037393493466
1	35000001	35500000	-0.0486257558235262
1	35500001	36000000	-0.0142072600649201
1	36000001	36500000	-0.00349509293000909
1	36500001	37000000	-0.0186816556544938
1	37000001	37500000	-0.0204223665804354
1	37500001	38000000	0.0563035064744542
1	38000001	38500000	0.0188172390631133
1	38500001	39000000	0.0203080166822684
1	39000001	39500000	0.0932099705589916
1	39500001	40000000	-0.070752408767283
1	40000001	40500000	-0.0267511078038363
1	40500001	41000000	-0.016981042496344
1	41000001	41500000	-0.0214933572068423
1	41500001	42000000	0.0717052829191249
1	42000001	42500000	0.0303394628658613
1	42500001	43000000	-0.0042078694013464
1	43000001	43500000	0.00956994056006715
1	43500001	44000000	-0.0672061792808248
1	44000001	44500000	0.0574580375279442
1	44500001	45000000	-0.0513301721068975
1	45000001	45500000	-0.0297771211955979
1	45500001	46000000	0.0112087159297035
1	46000001	46500000	-0.0237202422117429
1	46500001	47000000	0.0211684889158454
1	47000001	47500000	0.00882959890113307
1	47500001	48000000	-0.0225296707520865
1	48000001	48500000	0.0459280201058653
1	48500001	49000000	-0.00278999989547371
1	49000001	49500000	0.0256744553383953
1	49500001	50000000	0.0634847518364661
1	50000001	50500000	0.00275900098023225
1	50500001	51000000	-0.0323982100037394
1	51000001	51500000	0.0112849621771409
1	51500001	52000000	-0.0812905391116664
1	52000001	52500000	0.0520209678119161
1	52500001	53000000	0.00305839621052149
1	53000001	53500000	-0.00974837225110101
1	53500001	54000000	0.00592754778098266
1	54000001	54500000	-0.0206692186210281
1	54500001	55000000	0.00360510560504666
1	55000001	55500000	0.0191911671582865
1	55500001	56000000	0.0264788911136985
1	56000001	56500000	-0.00335324985461736
1	56500001	57000000	-0.0190369326054571
1	57000001	57500000	0.0173387000568089
1	57500001	58000000	-0.0306561940014356
1	58000001	58500000	-0.0239803554291294
1	58500001	59000000	-0.00844461620987599
1	59000001	59500000	-0.00998628475424639
1	59500001	60000000	0.00437538851834565
1	60000001	60500000	0.0650154543468138
1	60500001	61000000	0.030605869683219
1	61000001	61500000	-0.0441646539417711
1	61500001	62000000	-0.00170532134819983
1	62000001	62500000	0.0262144766899154
1	62500001	63000000	-0.0390559637065478
1	63000001	63500000	-0.0342938447527608
1	63500001	64000000	0.0222233122196894
1	64000001	64500000	0.00848091748153113
1	64500001	65000000	-0.0279718657728298
1	65000001	65500000	0.0187059249955512
1	65500001	66000000	-0.0415457392387456
1	66000001	66500000	0.0266688983019828
1	66500001	67000000	0.00990240486432294
1	67000001	67500000	0.0532696305083852
1	67500001	68000000	0.0206564464746003
1	68000001	68500000	-0.08017993669035
1	68500001	69000000	-0.0261363934788574
1	69000001	69500000	0.0132804328791477
1	69500001	70000000	0.0328326492774208
1	70000001	70500000	-0.0212779857487545
1	70500001	71000000	0.00804529469088454
1	71000001	71500000	0.0310874924725915
1	71500001	72000000	-0.0561959192244844
1	72000001	72500000	-0.045143408865267
1	72500001	73000000	-0.0220280490514087
1	73000001	73500000	-0.00964765547807444
1	73500001	74000000	0.028650698647841
1	74000001	74500000	-0.0226446391228472
1	74500001	75000000	-0.00902022113536898
1	75000001	75500000	0.0357701136116026
1	75500001	76000000	-0.0459948250846869
1	76000001	76500000	0.013385523839825
1	76500001	77000000	0.0684066352072045
1	77000001	77500000	-0.0205857386852352
1	77500001	78000000	-0.0214644327738635
1	78000001	78500000	0.0111587621272298
1	78500001	79000000	-0.0127673951880003
1	79000001	79500000	-0.0482378754922132
1	79500001	80000000	0.0265823223358272
1	80000001	80500000	-0.012267028708476
1	80500001	81000000	0.0472524338515005
1	81000001	81500000	0.0515457949268698
1	81500001	82000000	-0.0645292809024151
1	82000001	82500000	-0.00878931694202639
1	82500001	83000000	-0.0157398146179263
1	83000001	83500000	-0.0211513238571727
1	84000001	84500000	0.0401172696523065
1	84500001	85000000	0.0332955615814431
1	85000001	85500000	0.0258204525942426
1	85500001	86000000	0.0485789288120615
1	86000001	86500000	-0.0406461696413933
1	86500001	87000000	0.0274431216337
1	87000001	87500000	0.021860346012614
1	87500001	88000000	-0.0252059662814036
1	88000001	88500000	0.0109225443029547
1	88500001	89000000	0.018909113923364
1	89000001	89500000	0.00386670743383101
1	89500001	90000000	0.00321162527259619
1	90000001	90500000	0.0214854679790063
1	90500001	91000000	-7.89261112345376e-05
1	91000001	91500000	-0.0252418185459855
1	91500001	92000000	-0.0234958110312488
1	92000001	92500000	-0.0084436790397775
1	92500001	93000000	-0.0182027974285013
1	93000001	93500000	-0.0363659227169152
1	93500001	94000000	0.0241058353020857
1	94000001	94500000	-0.0209097724755539
1	94500001	95000000	0.0115414482205946
1	95000001	95500000	0.0208143865228596
1	95500001	96000000	0.0254830495776332
1	96000001	96500000	-0.00275447705738533
1	96500001	97000000	-0.0738095613166921
1	97000001	97500000	0.0223044050636917
1	97500001	98000000	0.0573624267023783
1	98000001	98500000	-0.0307675219706513
1	98500001	99000000	-0.0271551312295749
1	99000001	99500000	0.0275969013875239
1	99500001	100000000	0.0376702549635067
1	100000001	100500000	0.0196943561343328
1	100500001	101000000	0.00773962799916533
1	101000001	101500000	-0.0122175713093353
1	101500001	102000000	-0.00952213191780594
1	102000001	102500000	0.0242055263102912
1	102500001	103000000	-0.0641414547696397
1	103000001	103500000	0.00895221687590483
1	104000001	104500000	-0.341397175850788
1	104500001	105000000	0.038301849745361
1	105000001	105500000	0.00983883615714281
1	105500001	106000000	-0.00928558934560274
1	106000001	106500000	-0.0466011681852156
1	106500001	107000000	0.00673674593726539
1	107000001	107500000	-0.021281466871229
1	107500001	108000000	0.050863220772137
1	108000001	108500000	0.00838648182105405
1	108500001	109000000	-0.325570757300241
1	109000001	109500000	-0.0262832066760977
1	109500001	110000000	0.0346434157684215
1	110000001	110500000	-0.0346351214924381
1	110500001	111000000	-0.0142152724237332
1	111000001	111500000	0.0448780739391904
1	111500001	112000000	-0.0344262835085724
1	112000001	112500000	0.0334703286941467
1	112500001	113000000	-0.0738692190875477
1	113000001	113500000	-0.0199541044079696
1	113500001	114000000	-0.0073352770047421
1	114000001	114500000	-0.000125199943804422
1	114500001	115000000	0.00727567736780447
1	115000001	115500000	0.0260148055199997
1	115500001	116000000	0.0124380770876855
1	116000001	116500000	-0.00415760753009916
1	116500001	117000000	0.0213442822076468
1	117000001	117500000	0.0139733928652994
1	117500001	118000000	-0.0423475976837816
1	118000001	118500000	0.0476194199444318
1	118500001	119000000	0.0564379737467945
1	119000001	119500000	-0.0169791903864826
1	119500001	120000000	-0.0368823591769187
1	120000001	120500000	0.04103807722298
1	146500001	147000000	0.0576665321481423
1	147000001	147500000	-0.245188321182377
1	150000001	150500000	-0.032819288435076
1	150500001	151000000	-0.0052693758501309
1	151000001	151500000	-0.0180301309063098
1	151500001	152000000	-0.0240425252131065
1	152000001	152500000	0.0548374810435327
1	152500001	153000000	-0.0728860507838513
1	153000001	153500000	0.0488869316908845
1	153500001	154000000	0.0129392530899809
1	154000001	154500000	-0.00364943570987856
1	154500001	155000000	-0.0251232146023872
1	155000001	155500000	-0.0460774577274309
1	155500001	156000000	-0.0103308076323796
1	156000001	156500000	-0.00421559676157521
1	156500001	157000000	-0.028408241401908
1	157000001	157500000	0.0326313826839919
1	157500001	158000000	0.0704041558530391
1	158000001	158500000	0.0194039806165199
1	158500001	159000000	0.0080783133247985
1	159000001	159500000	0.000713798275720506
1	159500001	160000000	-0.0482260511047291
1	160000001	160500000	0.0143476282548222
1	160500001	161000000	-0.0302616841659697
1	161000001	161500000	-0.031343705452143
1	161500001	162000000	0.0154041421692745
1	162000001	162500000	-0.00109685275882473
1	162500001	163000000	0.00945418422874979
1	163000001	163500000	0.0079018281783044
1	163500001	164000000	0.0235457778778797
1	164000001	164500000	0.0157796711630092
1	164500001	165000000	-0.00902496934468329
1	165000001	165500000	-0.0765166016967459
1	165500001	166000000	0.0080532159016553
1	166000001	166500000	0.0304674623070369
1	166500001	167000000	0.0247047330490335
1	167000001	167500000	-0.0297977252662928
1	167500001	168000000	0.0312991455165884
1	168000001	168500000	0.00995751656220356
1	168500001	169000000	-0.0192280636226226
1	169000001	169500000	0.0163198988856846
1	169500001	170000000	-0.0399719216449259
1	170000001	170500000	0.0270991899819384
1	170500001	171000000	0.0033239183991696
1	171000001	171500000	0.00451540170075071
1	171500001	172000000	0.0209566650366488
1	172000001	172500000	-0.0202837386075642
1	172500001	173000000	0.0436977161456787
1	173000001	173500000	0.0160165029973068
1	173500001	174000000	0.00348927224338556
1	174000001	174500000	-0.0381365218451987
1	174500001	175000000	-0.0242748938685924
1	175000001	175500000	0.0361377493657555
1	175500001	176000000	-0.00683049863132332
1	176000001	176500000	-0.00194211641752284
1	176500001	177000000	-0.0373639082614507
1	177000001	177500000	-0.02735696627766
1	177500001	178000000	0.00582874559405389
1	178000001	178500000	0.0219510708871419
1	178500001	179000000	-0.00907271254715186
1	179000001	179500000	0.0148222688227648
1	179500001	180000000	0.00395934385667285
1	180000001	180500000	-0.00361641042057735
1	180500001	181000000	0.0548537518379483
1	181000001	181500000	-0.03671820784759
1	181500001	182000000	-0.0275815582880452
1	182000001	182500000	-0.0190003475874097
1	182500001	183000000	-0.0131024738634736
1	183000001	183500000	0.050673051038119
1	183500001	184000000	0.0196764698167558
1	184000001	184500000	-0.022919977969283
1	184500001	185000000	-0.01730501129015
1	185000001	185500000	0.00587408170359754
1	185500001	186000000	0.0478906665981193
1	186000001	186500000	0.013889285528831
1	186500001	187000000	-0.0123737078116317
1	187000001	187500000	-0.0672281323663102
1	187500001	188000000	-0.0317189880452014
1	188000001	188500000	0.0300536601980352
1	188500001	189000000	0.0473330621701066
1	189000001	189500000	0.029801706940973
1	189500001	190000000	0.0464470726078405
1	190000001	190500000	NA
1	190500001	191000000	0.00186594686946557
1	191000001	191500000	0.0281746339980655
1	191500001	192000000	0.0237538221305583
1	192000001	192500000	0.0332704954459462
1	192500001	193000000	-0.0420577126449253
1	193000001	193500000	-0.0303134901874907
1	193500001	194000000	-0.0436767434399514
1	194000001	194500000	0.0200054001172027
1	194500001	195000000	0.0330828764789319
1	195000001	195500000	0.00302729177278098
1	195500001	196000000	-0.05940893024029
1	196000001	196500000	-0.0594759145267772
1	196500001	197000000	-0.0177184366544862
1	197000001	197500000	0.0250385642801015
1	197500001	198000000	0.0130834610935838
1	198000001	198500000	0.0491294110316219
1	198500001	199000000	0.0356037063380211
1	199000001	199500000	0.0555403408181553
1	199500001	200000000	-0.0447936782468072
1	200000001	200500000	-0.00537387998650238
1	200500001	201000000	0.022193003358795
1	201000001	201500000	0.0228151439340641
1	201500001	202000000	-0.0586920595933727
1	202000001	202500000	-0.0321615033406918
1	202500001	203000000	0.0748681479453861
1	203000001	203500000	0.00471608611156153
1	203500001	204000000	0.0232054562971469
1	204000001	204500000	-0.0860048362301892
1	204500001	205000000	-0.0309820029259111
1	205000001	205500000	0.0142810118397456
1	205500001	206000000	NA
1	206500001	207000000	-0.0429295165937071
1	207000001	207500000	0.0236966144385086
1	207500001	208000000	-0.0622146602227341
1	208000001	208500000	0.0322483547817928
1	208500001	209000000	-0.00867072873063186
1	209000001	209500000	0.0659915578116347
1	209500001	210000000	-0.0215400982047495
1	210000001	210500000	-0.0654165368130454
1	210500001	211000000	-0.0314047261338071
1	211000001	211500000	-0.014369324963265
1	211500001	212000000	0.00975760819091155
1	212000001	212500000	0.00899104880386034
1	212500001	213000000	-0.00318810866308075
1	213000001	213500000	-0.00139489831279955
1	213500001	214000000	-0.0144458352502475
1	214000001	214500000	-0.000308044247365101
1	214500001	215000000	0.0211503882704786
1	215000001	215500000	0.0640872444886472
1	215500001	216000000	0.0196711005822766
1	216000001	216500000	-0.0220913209181696
1	216500001	217000000	0.0306403435893627
1	217000001	217500000	-0.0469297797836695
1	217500001	218000000	0.00857714958991335
1	218000001	218500000	0.041658736523424
1	218500001	219000000	0.0414808520589101
1	219000001	219500000	-0.0140782299580175
1	219500001	220000000	-0.0590281553303649
1	220000001	220500000	-0.0431583916749827
1	220500001	221000000	0.0718007168681805
1	221000001	221500000	0.0155674642462327
1	221500001	222000000	-0.0057432388008157
1	222000001	222500000	-0.0470665488132463
1	222500001	223000000	-0.0057111616381468
1	223000001	223500000	0.0791977480384616
1	223500001	224000000	NA
1	224000001	224500000	0.0520683941227995
1	224500001	225000000	0.0424007650500017
1	225000001	225500000	0.0228988773343163
1	225500001	226000000	-0.0359152503855897
1	226000001	226500000	-0.0154419331520158
1	226500001	227000000	0.0153768710002964
1	227000001	227500000	0.00203278821219808
1	227500001	228000000	0.062411654552554
1	228000001	228500000	0.0165337886775231
1	228500001	229000000	-0.103354354020041
1	229000001	229500000	0.0058349224560509
1	229500001	230000000	0.0137566282107155
1	230000001	230500000	0.0165274194852723
1	230500001	231000000	0.0452489804729434
1	231000001	231500000	0.0358005988911347
1	231500001	232000000	-0.0204264481077698
1	232000001	232500000	-0.00618804101139799
1	232500001	233000000	-0.0147688379972708
1	233000001	233500000	0.00387056044933367
1	233500001	234000000	-0.025784761990409
1	234000001	234500000	0.0658592903095395
1	234500001	235000000	0.0597611279750811
1	235000001	235500000	NA
1	235500001	236000000	0.0461330122729241
1	236000001	236500000	-0.00450081958449606
1	236500001	237000000	-0.00903839713894577
1	237000001	237500000	-0.00517730902322174
1	237500001	238000000	-0.0460779788939836
1	238000001	238500000	-0.0227264072070973
1	238500001	239000000	0.0154919628784993
1	239000001	239500000	-0.0354909000522547
1	239500001	240000000	0.0219702347865048
1	240000001	240500000	-0.0183636698291093
1	240500001	241000000	-0.0223931594841106
1	241000001	241500000	-0.0247544155097353
1	241500001	242000000	-0.0133691190039898
1	242000001	242500000	-0.0184853499470773
1	242500001	243000000	0.0419946202775916
1	243500001	244000000	-0.00949485332390601
1	244000001	244500000	-0.115166211374625
1	244500001	245000000	0.00241407472720088
1	245000001	245500000	0.0366995102239712
1	245500001	246000000	-0.0052154161460084
1	246000001	246500000	0.01196023726154
1	246500001	247000000	0.00103571197114453
1	247000001	247500000	0.0157040467582741
1	247500001	248000000	-0.0245386782582724
1	248000001	248500000	0.0440088629990548
2	1	500000	NA
2	500001	1000000	-0.000620047701198065
2	1000001	1500000	-0.0524638417008713
2	1500001	2000000	0.05807713547921
2	2000001	2500000	-0.0399482489350404
2	2500001	3000000	0.00193098085639398
2	3000001	3500000	0.00661485418125991
2	3500001	4000000	NA
2	4000001	4500000	0.04480076387374
2	4500001	5000000	-0.0203715188198639
2	5000001	5500000	NA
2	5500001	6000000	0.0255550769968313
2	6000001	6500000	-0.0427784299269798
2	6500001	7000000	0.0238895026066726
2	7000001	7500000	0.0396906615724274
2	7500001	8000000	-0.0262114747134054
2	8000001	8500000	0.00398422565907853
2	8500001	9000000	-0.0436814791609429
2	9000001	9500000	0.0433910274371647
2	9500001	10000000	0.0100309165774599
2	10000001	10500000	-0.0193215310538901
2	10500001	11000000	0.0212661213647959
2	11000001	11500000	0.00180482128855395
2	11500001	12000000	0.0206191097815093
2	12000001	12500000	-0.0293375495394516
2	12500001	13000000	0.00131936877593013
2	13000001	13500000	-0.0339378841384309
2	13500001	14000000	-0.0172116533677649
2	14000001	14500000	0.00945831747010162
2	14500001	15000000	0.0193662073912472
2	15000001	15500000	-0.0112453465066266
2	15500001	16000000	-0.026877019106871
2	16000001	16500000	NA
2	16500001	17000000	0.0848997246882638
2	17000001	17500000	-0.0620850418673451
2	17500001	18000000	-0.0391013643989642
2	18000001	18500000	-0.019481037518255
2	18500001	19000000	0.0465831571805876
2	19000001	19500000	-0.0907998756830512
2	19500001	20000000	0.0283917540950136
2	20000001	20500000	0.000576902132370647
2	20500001	21000000	0.00814754609488148
2	21000001	21500000	NA
2	21500001	22000000	-0.0480659581419741
2	22000001	22500000	-0.00800791135303037
2	22500001	23000000	0.0148938175430723
2	23000001	23500000	0.00213576061112515
2	23500001	24000000	0.00396779752748795
2	24000001	24500000	0.0010933780096126
2	24500001	25000000	-0.00301639455011732
2	25000001	25500000	-0.0333217688980339
2	25500001	26000000	-0.0224700433917122
2	26000001	26500000	-0.00625331873817278
2	26500001	27000000	0.0629411490331991
2	27000001	27500000	-0.0326156819885511
2	27500001	28000000	0.0105626752100766
2	28000001	28500000	-0.000740538151277213
2	28500001	29000000	0.0393007672061361
2	29000001	29500000	0.0380272984852435
2	29500001	30000000	-0.0181786583561442
2	30000001	30500000	-0.0115544960135239
2	30500001	31000000	-0.0175587500235042
2	31000001	31500000	-0.0320296132630441
2	31500001	32000000	NA
2	32000001	32500000	0.0134965113923893
2	32500001	33000000	-0.0148176099604994
2	33000001	33500000	NA
2	33500001	34000000	-0.0507717851282183
2	34000001	34500000	0.0170391020615506
2	34500001	35000000	-0.0872173199387306
2	35000001	35500000	-0.0377281706933626
2	35500001	36000000	0.0237316788459707
2	36000001	36500000	-0.0154123620202718
2	36500001	37000000	0.0257713596195689
2	37000001	37500000	-0.0356444669490365
2	37500001	38000000	0.127209830328175
2	38000001	38500000	0.0252705998603596
2	38500001	39000000	0.054315510056859
2	39000001	39500000	-0.0479488752339996
2	39500001	40000000	-0.0271356097710585
2	40000001	40500000	0.0282200519495482
2	40500001	41000000	-0.0115399793675067
2	41000001	41500000	0.0211668506394935
2	41500001	42000000	0.00162662837400383
2	42000001	42500000	-0.0153583445827557
2	42500001	43000000	-0.0390688264638164
2	43000001	43500000	-0.0443609189541294
2	43500001	44000000	0.0098398915150067
2	44000001	44500000	0.0403319278015837
2	44500001	45000000	0.0145646205275906
2	45000001	45500000	-0.00461704398659607
2	45500001	46000000	0.0271601677066737
2	46000001	46500000	-0.0515678942367408
2	46500001	47000000	0.0105638355412952
2	47000001	47500000	-0.00424489050606148
2	47500001	48000000	-0.0589147611314192
2	48000001	48500000	0.0220938102366185
2	48500001	49000000	-0.0275618700129322
2	49000001	49500000	-0.000759687163300445
2	49500001	50000000	-0.000203645604050348
2	50000001	50500000	-0.00188518559802467
2	50500001	51000000	-0.00457734871078086
2	51000001	51500000	0.0233224966793664
2	51500001	52000000	0.0309073801805689
2	52000001	52500000	0.0192295381090979
2	52500001	53000000	0.0121953678960336
2	53000001	53500000	-0.0396345043600571
2	53500001	54000000	0.00103603570014197
2	54000001	54500000	-0.007955692899025
2	54500001	55000000	-0.0248660506830178
2	55000001	55500000	0.0225147640341935
2	55500001	56000000	0.00926968634142704
2	56000001	56500000	0.0367966120802188
2	56500001	57000000	-0.0437408322483916
2	57000001	57500000	0.0514700790803311
2	57500001	58000000	-0.0364907894029752
2	58000001	58500000	0.013897142998046
2	58500001	59000000	-0.0053577812088223
2	59000001	59500000	-0.0159888829821724
2	59500001	60000000	0.0456604358945646
2	60000001	60500000	-0.0420928663066026
2	60500001	61000000	0.00195626739615087
2	61000001	61500000	0.0395543536092487
2	61500001	62000000	0.0402968735357342
2	62000001	62500000	-0.0883089000961641
2	62500001	63000000	0.0140188111865587
2	63000001	63500000	-0.00193377563000767
2	63500001	64000000	0.0227526087035498
2	64000001	64500000	-0.00822277313335086
2	64500001	65000000	-0.013902784992537
2	65000001	65500000	0.0515524542097427
2	65500001	66000000	0.018522789225176
2	66000001	66500000	-0.0181505726303581
2	66500001	67000000	0.0249363397237558
2	67000001	67500000	0.0302841159924317
2	67500001	68000000	0.0191798766641509
2	68000001	68500000	0.00245397909678702
2	68500001	69000000	-0.0302911460477982
2	69000001	69500000	-0.0168041755365333
2	69500001	70000000	0.0336581404020284
2	70000001	70500000	0.0264278879020975
2	70500001	71000000	-0.0117885376413223
2	71000001	71500000	0.0351476968149562
2	71500001	72000000	0.00412507698787245
2	72000001	72500000	-0.00835682247505365
2	72500001	73000000	0.027880401265853
2	73000001	73500000	-0.0272860108509305
2	73500001	74000000	0.049940463044893
2	74000001	74500000	-0.0272882226221574
2	74500001	75000000	-0.0416053590878421
2	75000001	75500000	0.049305479481721
2	75500001	76000000	-0.04474403977039
2	76000001	76500000	-0.0184313962334794
2	76500001	77000000	-0.0545848411422589
2	77000001	77500000	0.0214394388367549
2	77500001	78000000	-0.031101957092003
2	78000001	78500000	0.0827294375785746
2	78500001	79000000	-0.00579462459785939
2	79000001	79500000	-0.0847764764318814
2	79500001	80000000	-0.00167975933562377
2	80000001	80500000	0.0140916767131057
2	80500001	81000000	-0.00928780681621265
2	81000001	81500000	-0.00877420300605825
2	81500001	82000000	0.0240904018449292
2	82000001	82500000	-0.0226093421720749
2	82500001	83000000	0.0184537957858654
2	83000001	83500000	-0.00989190747976799
2	83500001	84000000	0.0162339226210087
2	84000001	84500000	0.0565644046392029
2	84500001	85000000	0.0156341448743342
2	85000001	85500000	-0.0745348072599144
2	85500001	86000000	0.0497050960545075
2	86000001	86500000	-0.0216348327422414
2	86500001	87000000	-0.0498550250284154
2	88500001	89000000	-0.017962377023299
2	89000001	89500000	0.10089751255651
2	95500001	96000000	0.0803544851251923
2	96500001	97000000	0.200431870395603
2	97000001	97500000	-0.0165412297103601
2	98500001	99000000	0.0396758589017858
2	99000001	99500000	0.0797707553042903
2	99500001	100000000	0.00728650800295115
2	100000001	100500000	-0.0429936606811374
2	100500001	101000000	-0.00434797292545424
2	101000001	101500000	0.00696680532818872
2	101500001	102000000	-0.0085810204309051
2	102000001	102500000	0.00131596303061754
2	102500001	103000000	-0.0475627595916241
2	103000001	103500000	-0.00587199182335969
2	103500001	104000000	0.0213185274391817
2	104000001	104500000	0.0114071526737319
2	104500001	105000000	-0.0103324775233036
2	105000001	105500000	-0.0128919830100961
2	105500001	106000000	0.0234193916118235
2	106000001	106500000	-0.0172910213365444
2	106500001	107000000	0.00617933664667019
2	107000001	107500000	0.00375223816899197
2	107500001	108000000	0.0206840717245713
2	108000001	108500000	-0.0469970345405017
2	108500001	109000000	-0.0397115102294316
2	109000001	109500000	-0.00966175190825493
2	109500001	110000000	0.0914083302989282
2	111500001	112000000	-0.0757599921367055
2	112500001	113000000	-0.0483702054661233
2	113000001	113500000	0.00985118887183301
2	113500001	114000000	0.0496102129098887
2	114500001	115000000	-0.0155483505465523
2	115000001	115500000	-0.0149432976649848
2	115500001	116000000	-0.0492436438603837
2	116000001	116500000	0.0605972212956486
2	116500001	117000000	0.0202856863210162
2	117000001	117500000	-0.0363884556279162
2	117500001	118000000	-0.00973541401835551
2	118000001	118500000	0.00895315346373206
2	118500001	119000000	0.0597638448030918
2	119000001	119500000	-0.00323175840642196
2	119500001	120000000	0.00131581217701628
2	120000001	120500000	-0.0560667316241492
2	120500001	121000000	0.0225070039804638
2	121000001	121500000	0.063210003151405
2	121500001	122000000	0.0221242295192123
2	122000001	122500000	0.0253515462570268
2	122500001	123000000	-0.0143931759359144
2	123000001	123500000	0.00315356976899942
2	123500001	124000000	-0.00248231191500585
2	124000001	124500000	-0.0538516944647209
2	124500001	125000000	-0.0200553568675268
2	125000001	125500000	0.00398351742399621
2	125500001	126000000	0.0356511734571248
2	126000001	126500000	-0.00391176729260785
2	126500001	127000000	-0.0239218287470298
2	127000001	127500000	0.0749301424000946
2	127500001	128000000	0.0106417252079025
2	128000001	128500000	-0.0613073633789114
2	128500001	129000000	0.0324695657743764
2	129000001	129500000	0.0376409402953472
2	129500001	130000000	0.00145999172128808
2	130000001	130500000	-0.0234319742530341
2	130500001	131000000	0.000868980949977367
2	131500001	132000000	0.0389770020580972
2	133000001	133500000	0.48782245314915
2	133500001	134000000	0.0273997417882002
2	134000001	134500000	0.0169752384057926
2	134500001	135000000	-0.0858875951511459
2	135000001	135500000	-0.0353779186132206
2	135500001	136000000	-0.0174446954627032
2	136000001	136500000	0.0208485557151754
2	136500001	137000000	-0.0208734192818375
2	137000001	137500000	-0.0141486692727127
2	137500001	138000000	0.0153265110729016
2	138000001	138500000	0.0285622420504699
2	138500001	139000000	0.0305354708270732
2	139000001	139500000	0.00826959832585477
2	139500001	140000000	-0.0405888889994469
2	140000001	140500000	-0.0450720216047773
2	140500001	141000000	-0.0113971000900301
2	141000001	141500000	0.0083405720387676
2	141500001	142000000	-0.0518496590379216
2	142000001	142500000	0.0567645667181516
2	142500001	143000000	-0.00279475626367417
2	143000001	143500000	0.0380352641008797
2	143500001	144000000	-0.00166715476539688
2	144000001	144500000	-0.0408186583530857
2	144500001	145000000	0.0164020546605289
2	145000001	145500000	-0.00791673096192261
2	145500001	146000000	0.0604787032535687
2	146000001	146500000	-0.0229686634268459
2	146500001	147000000	-0.0354764355410267
2	147000001	147500000	-0.00220025536769763
2	147500001	148000000	0.0317942021990032
2	148000001	148500000	0.0835926256888559
2	148500001	149000000	-0.0174445727284434
2	149000001	149500000	0.0564119410746517
2	149500001	150000000	NA
2	150000001	150500000	-0.000339792579781184
2	150500001	151000000	0.0447985549232994
2	151000001	151500000	0.00207687834631766
2	151500001	152000000	-0.0150312373158711
2	152000001	152500000	-0.0949938552836686
2	152500001	153000000	0.0123554914653525
2	153000001	153500000	-0.0566827526349817
2	153500001	154000000	0.0494369034436045
2	154000001	154500000	-0.00629613422839505
2	154500001	155000000	0.00843972083700262
2	155000001	155500000	0.0153419793647344
2	155500001	156000000	-0.0585939736213692
2	156000001	156500000	0.0118924901593556
2	156500001	157000000	-0.00533093495935808
2	157000001	157500000	0.0748135588138146
2	157500001	158000000	0.0120031831786129
2	158000001	158500000	-0.00557327294852958
2	158500001	159000000	-0.0248066097116822
2	159000001	159500000	0.00564758450392764
2	159500001	160000000	0.0400685754068982
2	160000001	160500000	0.0732127491171995
2	160500001	161000000	-0.00984500137028258
2	161000001	161500000	-0.0121848752292402
2	161500001	162000000	0.00942084996700464
2	162000001	162500000	0.289495857647688
2	162500001	163000000	0.0359877091278875
2	163000001	163500000	0.000986125564381343
2	163500001	164000000	0.0481137819466074
2	164000001	164500000	-0.0370721993076783
2	164500001	165000000	0.0443299156101191
2	165000001	165500000	0.0202890447003318
2	165500001	166000000	-0.0116616672483735
2	166000001	166500000	-0.0393880039838142
2	166500001	167000000	-0.00135200356286508
2	167000001	167500000	-0.0330457537107786
2	167500001	168000000	-0.000574154162695489
2	168000001	168500000	0.0138269780932268
2	168500001	169000000	0.0361728620786488
2	169000001	169500000	-0.0512894976153458
2	169500001	170000000	0.00190278007083194
2	170000001	170500000	-0.0116217388562495
2	170500001	171000000	0.0124098571838777
2	171000001	171500000	0.0438450741200949
2	171500001	172000000	-0.0191620609232408
2	172000001	172500000	-0.0596779750310794
2	172500001	173000000	0.0784189725736181
2	173000001	173500000	-0.00526829227600699
2	173500001	174000000	-0.024781634861678
2	174000001	174500000	-0.0191679848786595
2	174500001	175000000	-0.0586560677206259
2	175000001	175500000	0.00252145223226057
2	175500001	176000000	0.0226042854220673
2	176000001	176500000	-0.0225680254668731
2	176500001	177000000	-0.00915974810532223
2	177000001	177500000	-0.0332702380394943
2	177500001	178000000	-0.00764569582159196
2	178000001	178500000	0.0673625153477453
2	178500001	179000000	-0.0158325830984942
2	179000001	179500000	-0.0203700888345196
2	179500001	180000000	-0.0316033474964309
2	180000001	180500000	-0.0716708575517361
2	180500001	181000000	0.0494567551444951
2	181000001	181500000	0.052113680425412
2	181500001	182000000	0.0425559590020133
2	182000001	182500000	-0.0468918297670249
2	182500001	183000000	0.00167780675033758
2	183000001	183500000	-0.0228563103446728
2	183500001	184000000	-0.00913612377047757
2	184000001	184500000	0.00594511159810363
2	184500001	185000000	0.000521601302231357
2	185000001	185500000	0.012122917054483
2	185500001	186000000	0.0558170916637796
2	186000001	186500000	0.0109610238694119
2	186500001	187000000	-0.00171318737385018
2	187000001	187500000	-0.0105986330125364
2	187500001	188000000	-0.00718687673602268
2	188000001	188500000	0.0100522806933007
2	188500001	189000000	0.00581824048457098
2	189000001	189500000	-0.040233893905327
2	189500001	190000000	-0.0318547743137902
2	190000001	190500000	0.0171454728030119
2	190500001	191000000	0.0177591197449067
2	191000001	191500000	0.0395131171931995
2	191500001	192000000	0.0152214467482473
2	192000001	192500000	-0.00259396317990481
2	192500001	193000000	0.0201165358795925
2	193000001	193500000	0.00528723708067059
2	193500001	194000000	0.0277316732800898
2	194000001	194500000	-0.00660676576648882
2	194500001	195000000	-0.0277869717456597
2	195000001	195500000	-0.0223296791200016
2	195500001	196000000	0.0513770155523631
2	196000001	196500000	-0.0265246053948352
2	196500001	197000000	0.0465496546410796
2	197000001	197500000	0.013174971279963
2	197500001	198000000	-0.047478501924895
2	198000001	198500000	0.0077075892971983
2	198500001	199000000	0.0133901626042485
2	199000001	199500000	0.0452231702941215
2	199500001	200000000	-0.00676251083560363
2	200000001	200500000	0.00421097921848178
2	200500001	201000000	0.0211092334775153
2	201000001	201500000	-0.00894531385841513
2	201500001	202000000	0.0110297980428939
2	202000001	202500000	0.0110657059248415
2	202500001	203000000	0.0290276595269628
2	203000001	203500000	-0.0630258868441912
2	203500001	204000000	0.0355416105040742
2	204000001	204500000	0.0313886321726572
2	204500001	205000000	0.0151872829340973
2	205000001	205500000	-0.0192433256938549
2	205500001	206000000	0.00196056360793617
2	206000001	206500000	0.017277977961918
2	206500001	207000000	0.00644793212797819
2	207000001	207500000	0.00705902726336206
2	207500001	208000000	-0.0408982302421419
2	208000001	208500000	-0.00955813354147242
2	208500001	209000000	0.0478615273653313
2	209000001	209500000	0.0109965330916594
2	209500001	210000000	-0.016007048486666
2	210000001	210500000	-0.0989677401850821
2	210500001	211000000	0.0749427401339167
2	211000001	211500000	0.0466678083629918
2	211500001	212000000	-0.0449243601572035
2	212000001	212500000	-0.0323587383006672
2	212500001	213000000	-0.0137568622531163
2	213000001	213500000	0.0494577785099155
2	213500001	214000000	0.0198444018445065
2	214000001	214500000	0.0344947344624513
2	214500001	215000000	-0.0589484281612858
2	215000001	215500000	0.00633669127190307
2	215500001	216000000	-0.0565735199252642
2	216000001	216500000	0.00967161587927676
2	216500001	217000000	-0.0116085601976328
2	217000001	217500000	0.0167079666992292
2	217500001	218000000	-0.0318841796841123
2	218000001	218500000	0.013999073778304
2	218500001	219000000	0.0647812381702362
2	219000001	219500000	0.015641924172929
2	219500001	220000000	-0.0224469658521791
2	220000001	220500000	0.0194067790388521
2	220500001	221000000	-0.0653262617017477
2	221000001	221500000	0.00564132903861354
2	221500001	222000000	0.0186577767856487
2	222000001	222500000	-0.00536631643816737
2	222500001	223000000	-0.0425484710660454
2	223000001	223500000	0.0280420128311651
2	223500001	224000000	-0.0600219076648612
2	224000001	224500000	-0.00125568431706296
2	224500001	225000000	0.0126703117717752
2	225000001	225500000	-0.00108871049454473
2	225500001	226000000	-0.0302833183165934
2	226000001	226500000	0.0235283016500501
2	226500001	227000000	0.030088183913906
2	227000001	227500000	-0.0443248027243171
2	227500001	228000000	0.0205954772040845
2	228000001	228500000	0.0173086829321914
2	228500001	229000000	0.0238865334948155
2	229000001	229500000	-0.0211392848734611
2	229500001	230000000	0.000361531663047832
2	230000001	230500000	0.0629062876140443
2	230500001	231000000	-0.0180527922587405
2	231000001	231500000	-0.0333948548637104
2	231500001	232000000	-0.0120059176603169
2	232000001	232500000	0.0703777864626316
2	232500001	233000000	-0.0287431959821129
2	233000001	233500000	0.0319662619999693
2	233500001	234000000	0.00365413831733122
2	234000001	234500000	NA
2	234500001	235000000	0.0111259802897043
2	235000001	235500000	-0.0172437367670478
2	235500001	236000000	-0.0318513434566681
2	236000001	236500000	-0.00709160826577279
2	236500001	237000000	0.01737341267001
2	237000001	237500000	0.0109354906205953
2	237500001	238000000	-0.029061486757313
2	238000001	238500000	-0.00762549785818124
2	238500001	239000000	0.0326539634687964
2	239000001	239500000	0.0403228801724129
2	239500001	240000000	NA
2	240000001	240500000	0.0363278135053423
2	240500001	241000000	NA
2	241000001	241500000	0.0118959287253189
2	241500001	242000000	-0.0284895741568555
2	242000001	242500000	0.0492063680207817
2	242500001	243000000	-0.0143597967402835
3	1	500000	NA
3	500001	1000000	0.0473603980782454
3	1000001	1500000	-0.00762224923192805
3	1500001	2000000	0.0219621133684342
3	2000001	2500000	-0.00544970839243825
3	2500001	3000000	-0.0677935025417261
3	3000001	3500000	0.00173004392263616
3	3500001	4000000	0.00808291094453211
3	4000001	4500000	0.018000962962834
3	4500001	5000000	-0.0325097086309653
3	5000001	5500000	-0.00654313466063866
3	5500001	6000000	0.0139595566301366
3	6000001	6500000	0.0155039137164265
3	6500001	7000000	-0.00511705040566045
3	7000001	7500000	0.0432466286533836
3	7500001	8000000	-0.0597922980572117
3	8000001	8500000	0.0495782079086808
3	8500001	9000000	-0.0210877425203929
3	9000001	9500000	0.0269328460328531
3	9500001	10000000	0.0445904207392517
3	10000001	10500000	-0.0140418195548734
3	10500001	11000000	-0.00937030979283792
3	11000001	11500000	-0.0342053020876553
3	11500001	12000000	-0.0210202212750222
3	12000001	12500000	-0.0110428809198561
3	12500001	13000000	-0.0382100674760647
3	13000001	13500000	0.0498570027351426
3	13500001	14000000	0.0513827322854738
3	14000001	14500000	0.00341014829470838
3	14500001	15000000	0.0215834045472658
3	15000001	15500000	0.0335544580135184
3	15500001	16000000	0.00981667167373567
3	16000001	16500000	-0.0169539507193793
3	16500001	17000000	0.0171897688449945
3	17000001	17500000	-0.010344165753579
3	17500001	18000000	-0.0330481682240009
3	18000001	18500000	0.0156302628842413
3	18500001	19000000	-0.0153607513455832
3	19000001	19500000	0.0296539761147092
3	19500001	20000000	0.00507247336800675
3	20000001	20500000	0.0167626938202749
3	20500001	21000000	-0.0113241884248132
3	21000001	21500000	0.00331893902251164
3	21500001	22000000	0.0101215419545584
3	22000001	22500000	-0.0141341256131313
3	22500001	23000000	-0.0302233572652196
3	23000001	23500000	0.00139202915592028
3	23500001	24000000	0.0581131138888854
3	24000001	24500000	-0.0476588126431374
3	24500001	25000000	0.0255878425395389
3	25000001	25500000	0.0129117979628406
3	25500001	26000000	-0.0255933692482216
3	26000001	26500000	0.0612323868926917
3	26500001	27000000	-0.00384644881362639
3	27000001	27500000	0.00278477187512345
3	27500001	28000000	-0.0195944913266583
3	28000001	28500000	0.0750425744464059
3	28500001	29000000	-0.0259518899108672
3	29000001	29500000	-0.0466524686290724
3	29500001	30000000	0.0235244876264641
3	30000001	30500000	0.0424369150607381
3	30500001	31000000	-0.0216653505150707
3	31000001	31500000	0.00604270571549096
3	31500001	32000000	0.0315064939348248
3	32000001	32500000	0.0462046967692029
3	32500001	33000000	-0.0171664281666775
3	33000001	33500000	-0.0768604632945267
3	33500001	34000000	0.00386866912154517
3	34000001	34500000	-0.0137855260193447
3	34500001	35000000	-0.036613138875309
3	35000001	35500000	0.0228752202218622
3	35500001	36000000	0.0398379389988777
3	36000001	36500000	0.0341494340430721
3	36500001	37000000	-0.00452626480294533
3	37000001	37500000	-0.0323266131752171
3	37500001	38000000	0.00618014845988697
3	38000001	38500000	0.0708311510161983
3	38500001	39000000	0.0365860975750583
3	39000001	39500000	0.0247256709246378
3	39500001	40000000	-0.0118778224086855
3	40000001	40500000	-0.00349648380175656
3	40500001	41000000	0.0493573700943077
3	41000001	41500000	0.000474911922131962
3	41500001	42000000	-0.0115135130694851
3	42000001	42500000	0.00996667914684295
3	42500001	43000000	0.0356665354879499
3	43000001	43500000	-0.00248172501126981
3	43500001	44000000	0.0185673443530257
3	44000001	44500000	0.0404010203174785
3	44500001	45000000	-0.0336736082517172
3	45000001	45500000	-0.0256599039940856
3	45500001	46000000	0.0218290778199565
3	46000001	46500000	0.0710325871909244
3	46500001	47000000	0.0221653030822985
3	47000001	47500000	-0.0174060190954414
3	47500001	48000000	-0.0341720116619603
3	48000001	48500000	0.0121150098106109
3	48500001	49000000	-0.00133763726809433
3	49000001	49500000	-0.00998838828742778
3	49500001	50000000	0.0260486388905622
3	50000001	50500000	0.000523787630423051
3	50500001	51000000	0.0318449465646678
3	51000001	51500000	0.0296939439743772
3	51500001	52000000	0.0114101905393606
3	52000001	52500000	0.00170684909968982
3	52500001	53000000	0.0638906827387257
3	53000001	53500000	0.0229556155036231
3	53500001	54000000	-0.0387029132836433
3	54000001	54500000	0.0979927585904696
3	54500001	55000000	-0.028788898353476
3	55000001	55500000	-0.0700922456856405
3	55500001	56000000	-0.0418730672179348
3	56000001	56500000	-0.035508614309109
3	56500001	57000000	-0.00578545470989002
3	57000001	57500000	0.0508716397536161
3	57500001	58000000	-0.0810062147994403
3	58000001	58500000	0.00137127348179977
3	58500001	59000000	0.0101123393467255
3	59000001	59500000	-0.00181329182918578
3	59500001	60000000	0.0420997764769035
3	60000001	60500000	NA
3	60500001	61000000	NA
3	61000001	61500000	-0.0430585401328895
3	61500001	62000000	-0.0539524257834597
3	62000001	62500000	0.0796186077845966
3	62500001	63000000	-0.0504903716959792
3	63000001	63500000	-0.0497708889835421
3	63500001	64000000	0.00480716761476368
3	64000001	64500000	-0.00465455008194211
3	64500001	65000000	-0.0431064916451235
3	65000001	65500000	0.0300876745096057
3	65500001	66000000	0.00243165444640411
3	66000001	66500000	NA
3	66500001	67000000	0.0248317596135748
3	67000001	67500000	-0.039873065426324
3	67500001	68000000	0.00319183585693419
3	68000001	68500000	-0.0549482871851161
3	68500001	69000000	0.0124572020427371
3	69000001	69500000	0.0205939694612139
3	69500001	70000000	0.0261669089396307
3	70000001	70500000	-0.00632395541301636
3	70500001	71000000	-0.00924401963124959
3	71000001	71500000	-0.0262779795394901
3	71500001	72000000	0.023193366509528
3	72000001	72500000	0.00492264508037293
3	72500001	73000000	0.021492509675058
3	73000001	73500000	-0.0024804801042692
3	73500001	74000000	-0.000925643005267384
3	74000001	74500000	-0.0316301478403037
3	74500001	75000000	-0.00861602195086859
3	75000001	75500000	0.0690511061402542
3	75500001	76000000	-0.172155801325645
3	76000001	76500000	0.00843236804087774
3	76500001	77000000	-0.0219406582027961
3	77000001	77500000	0.0652937601017951
3	77500001	78000000	-0.0450101536649584
3	78000001	78500000	0.0191448387049394
3	78500001	79000000	-0.020843261391589
3	79000001	79500000	-0.0261958218453869
3	79500001	80000000	0.0552533469295497
3	80000001	80500000	-0.00686106130429934
3	80500001	81000000	-0.0180018804505072
3	81000001	81500000	-0.0261561819862115
3	81500001	82000000	0.0192375917321248
3	82000001	82500000	-0.0601563740204085
3	82500001	83000000	0.0206781210133086
3	83000001	83500000	NA
3	83500001	84000000	0.0215033866472172
3	84000001	84500000	-0.0826230650625072
3	84500001	85000000	-0.0132862927651692
3	85000001	85500000	-0.00288127839864243
3	85500001	86000000	0.0428714100399517
3	86000001	86500000	-0.00734548269087188
3	86500001	87000000	0.00944761713779995
3	87000001	87500000	-0.0494757985024224
3	87500001	88000000	-0.0226865096050987
3	88000001	88500000	0.011033755618364
3	88500001	89000000	-0.016189268571682
3	89000001	89500000	-0.0152741060846447
3	89500001	90000000	-0.0131014420460566
3	94000001	94500000	0.0340396033176544
3	94500001	95000000	0.00276983480276884
3	95000001	95500000	-0.0222839959089075
3	95500001	96000000	0.0318117751411619
3	96000001	96500000	0.0307252874490732
3	96500001	97000000	-0.0134204141700442
3	97000001	97500000	0.0224267964987811
3	97500001	98000000	0.0370144426838414
3	98000001	98500000	0.0323395836438678
3	98500001	99000000	-0.0325509336706034
3	99000001	99500000	0.0641439279489755
3	99500001	100000000	-0.0841206345512735
3	100000001	100500000	0.0377994247869883
3	100500001	101000000	-0.00958557122097464
3	101000001	101500000	0.0406275044838059
3	101500001	102000000	-0.0350811722662959
3	102000001	102500000	0.0118278031365275
3	102500001	103000000	0.0101801314263417
3	103000001	103500000	-0.0283848464105429
3	103500001	104000000	-0.0271705895038742
3	104000001	104500000	-0.0080270766402384
3	104500001	105000000	-0.0193400311099806
3	105000001	105500000	0.0100296476167361
3	105500001	106000000	0.0227316220354381
3	106000001	106500000	-0.0349146169641269
3	106500001	107000000	-0.0256704364733463
3	107000001	107500000	-0.0114212973060245
3	107500001	108000000	0.0254123100856965
3	108000001	108500000	-0.0360996326449815
3	108500001	109000000	0.0134957318055301
3	109000001	109500000	0.00193399510132687
3	109500001	110000000	-0.0196109732541051
3	110000001	110500000	0.0231346811143859
3	110500001	111000000	-0.0282999548637414
3	111000001	111500000	0.0137407002424674
3	111500001	112000000	0.000687273800907503
3	112000001	112500000	0.0180394660828596
3	112500001	113000000	-0.016358483962711
3	113000001	113500000	0.00675008465220359
3	113500001	114000000	0.0109860010021595
3	114000001	114500000	-0.00620937926712423
3	114500001	115000000	0.040958611895451
3	115000001	115500000	-0.0280048814339873
3	115500001	116000000	0.0278762889898779
3	116000001	116500000	-0.0122665085273447
3	116500001	117000000	-0.0436079822755753
3	117000001	117500000	-0.0337617215648291
3	117500001	118000000	-0.0116951593299491
3	118000001	118500000	0.036452965375274
3	118500001	119000000	0.0249724823609748
3	119000001	119500000	0.0177278288127073
3	119500001	120000000	0.0409667071722366
3	120000001	120500000	-0.0149234298117867
3	120500001	121000000	0.0173109651707625
3	121000001	121500000	-0.00644384017427235
3	121500001	122000000	0.0145660209869239
3	122000001	122500000	0.0322613411783517
3	122500001	123000000	-0.0602142834702581
3	123000001	123500000	0.0200848612996734
3	123500001	124000000	-0.00944067319839387
3	124000001	124500000	0.0104466694027346
3	124500001	125000000	0.0181659923203321
3	125000001	125500000	-0.0102579942401637
3	125500001	126000000	0.0403403549524214
3	126000001	126500000	0.00869437799330704
3	126500001	127000000	-0.0013335089913526
3	127000001	127500000	-0.0566778537727136
3	127500001	128000000	0.0175326954076148
3	128000001	128500000	0.0313768967562108
3	128500001	129000000	0.0123752392180049
3	129000001	129500000	0.0704376537637363
3	129500001	130000000	-0.0579132252815459
3	130000001	130500000	0.01920044751463
3	130500001	131000000	-0.0297245465998308
3	131000001	131500000	-0.0491798557087671
3	131500001	132000000	0.019631006802459
3	132000001	132500000	-0.0352239631673617
3	132500001	133000000	-0.0476362530475811
3	133000001	133500000	0.0618468352816357
3	133500001	134000000	0.00166287417788804
3	134000001	134500000	0.0447300195073872
3	134500001	135000000	-0.0460838449970729
3	135000001	135500000	-0.0370884656057693
3	135500001	136000000	0.0626357883033411
3	136000001	136500000	-0.00628893726926518
3	136500001	137000000	0.0177789640926221
3	137000001	137500000	0.00369640861615153
3	137500001	138000000	-0.0142410711437578
3	138000001	138500000	-0.02651433412611
3	138500001	139000000	-0.00536067942175803
3	139000001	139500000	0.0237684880379999
3	139500001	140000000	0.00122829100115131
3	140000001	140500000	0.0171471518697051
3	140500001	141000000	0.0408076827414097
3	141000001	141500000	0.00119735489802503
3	141500001	142000000	-0.0780516685329915
3	142000001	142500000	0.0542336195427712
3	142500001	143000000	-0.00540392144386114
3	143000001	143500000	0.00885740995810507
3	143500001	144000000	0.0484468762655626
3	144000001	144500000	0.0118109182824199
3	144500001	145000000	-0.0854059823521999
3	145000001	145500000	0.0627730111453284
3	145500001	146000000	0.0464006458829464
3	146000001	146500000	0.0355387054529398
3	146500001	147000000	-0.0180646494940899
3	147000001	147500000	-4.44162188955763e-05
3	147500001	148000000	-0.0499457875166483
3	148000001	148500000	0.0510757503572668
3	148500001	149000000	-0.00479785865317982
3	149000001	149500000	-0.0206415502780239
3	149500001	150000000	-0.0173670953304322
3	150000001	150500000	-0.00726123410186179
3	150500001	151000000	0.0114307987689277
3	151000001	151500000	-0.0119009058016022
3	151500001	152000000	0.034758223560649
3	152000001	152500000	-0.0242742805068559
3	152500001	153000000	-0.0436334191890498
3	153000001	153500000	0.0200491771716175
3	153500001	154000000	0.0304011196990351
3	154000001	154500000	-0.0376913085701733
3	154500001	155000000	0.0123202960801144
3	155000001	155500000	0.00924702315648235
3	155500001	156000000	-0.010668074589506
3	156000001	156500000	0.0140932147447954
3	156500001	157000000	-0.0391125713613333
3	157000001	157500000	-0.00258307759263966
3	157500001	158000000	0.00420353116853836
3	158000001	158500000	0.0118193626252767
3	158500001	159000000	0.02803474110115
3	159000001	159500000	0.0487648503747919
3	159500001	160000000	-0.0312090150344277
3	160000001	160500000	-0.0531365324368597
3	160500001	161000000	-0.0322506498696614
3	161000001	161500000	-0.0307675218806491
3	161500001	162000000	-0.0595726842348226
3	162000001	162500000	-0.00682337479546522
3	162500001	163000000	-0.0150985066871245
3	163000001	163500000	0.0438338372215813
3	163500001	164000000	-0.0794523023337466
3	164000001	164500000	0.0195114029119683
3	164500001	165000000	-0.0064827689066173
3	165000001	165500000	-0.0504396659130628
3	165500001	166000000	0.0518083913216597
3	166000001	166500000	-0.0738221746144885
3	166500001	167000000	0.0454455690003676
3	167000001	167500000	-0.000980672108646964
3	167500001	168000000	0.023087358894196
3	168000001	168500000	-0.0303020936057254
3	168500001	169000000	-0.00690103306944077
3	169000001	169500000	0.0187112870592221
3	169500001	170000000	-0.00882645575876618
3	170000001	170500000	-0.0113580848176566
3	170500001	171000000	0.00578543035439239
3	171000001	171500000	-0.0182368014995216
3	171500001	172000000	0.0175612659624684
3	172000001	172500000	0.0505236132516848
3	172500001	173000000	-0.037230050015549
3	173000001	173500000	-0.0293932897741865
3	173500001	174000000	0.0436624457933787
3	174000001	174500000	0.0250803335403651
3	174500001	175000000	-0.0566104051785934
3	175000001	175500000	-0.0104555985292398
3	175500001	176000000	0.0587171937591699
3	176000001	176500000	-0.00775092378860781
3	176500001	177000000	0.0329768658425182
3	177000001	177500000	-0.0647196741916601
3	177500001	178000000	0.0340311182596066
3	178000001	178500000	-0.0355821927089664
3	178500001	179000000	-0.00790869476070123
3	179000001	179500000	-0.00792916356372381
3	179500001	180000000	0.0498656040524382
3	180000001	180500000	-0.0473503084138457
3	180500001	181000000	0.0319399794920818
3	181000001	181500000	0.0248529636966397
3	181500001	182000000	-0.0640426428875118
3	182000001	182500000	-0.0307140507800444
3	182500001	183000000	-0.0175447591743362
3	183000001	183500000	-0.0219459129013008
3	183500001	184000000	-0.0344821288662785
3	184000001	184500000	0.028498894590491
3	184500001	185000000	-0.0308043158775631
3	185000001	185500000	-0.028855753421052
3	185500001	186000000	0.00567274874046215
3	186000001	186500000	0.0112278178633782
3	186500001	187000000	-0.0138836478395765
3	187000001	187500000	-0.0271490909265316
3	187500001	188000000	-0.0687952618115286
3	188000001	188500000	-0.00252695267764276
3	188500001	189000000	-0.0281950900700991
3	189000001	189500000	0.037958527557662
3	189500001	190000000	-0.0168048457737823
3	190000001	190500000	-0.00812373735417727
3	190500001	191000000	0.00878034280174626
3	191000001	191500000	0.00831579938087735
3	191500001	192000000	0.000847480594818704
3	192000001	192500000	-0.0020279630703626
3	192500001	193000000	-0.010148449941645
3	193000001	193500000	0.0711399932387276
3	193500001	194000000	-0.0324498873364133
3	194000001	194500000	NA
3	194500001	195000000	-0.0034921127988567
3	195000001	195500000	0.203834957589893
3	195500001	196000000	0.0240386408313968
3	196000001	196500000	-0.0639268080902883
3	196500001	197000000	0.113737019884231
3	197000001	197500000	0.0160159939312471
4	1	500000	NA
4	500001	1000000	0.025575143038715
4	1000001	1500000	NA
4	1500001	2000000	0.0299202231461055
4	2000001	2500000	0.0155582734029653
4	2500001	3000000	0.0264503770848502
4	3000001	3500000	-0.0291009178559776
4	3500001	4000000	0.17978695261056
4	4000001	4500000	0.131762810361028
4	4500001	5000000	-0.00323741520952373
4	5000001	5500000	0.0323103780099164
4	5500001	6000000	-0.0375873837870551
4	6000001	6500000	-0.0369874061256111
4	6500001	7000000	0.0113044719891341
4	7000001	7500000	0.0323745924466102
4	7500001	8000000	0.00318512998917442
4	8000001	8500000	-0.0062993925487032
4	8500001	9000000	NA
4	9500001	10000000	0.0635501060049891
4	10000001	10500000	-0.0937589455525605
4	10500001	11000000	-0.0241143758973089
4	11000001	11500000	-0.0473119756967408
4	11500001	12000000	0.0247349145293625
4	12000001	12500000	0.00477025700181685
4	12500001	13000000	-0.0273864665738855
4	13000001	13500000	0.0150836467882758
4	13500001	14000000	-0.0174371939990333
4	14000001	14500000	-0.0290384958533939
4	14500001	15000000	-0.0544266278468826
4	15000001	15500000	0.0383127561424462
4	15500001	16000000	-0.00743689343062939
4	16000001	16500000	0.0057447941662601
4	16500001	17000000	-0.0354508598885733
4	17000001	17500000	0.0737717976436079
4	17500001	18000000	-0.0335501040637603
4	18000001	18500000	-0.0269625855958757
4	18500001	19000000	-0.00817046499341902
4	19000001	19500000	-0.048551224522245
4	19500001	20000000	-0.0410818732359698
4	20000001	20500000	0.00617071261134905
4	20500001	21000000	0.0574934128074957
4	21000001	21500000	0.0380583202368497
4	21500001	22000000	-0.0564828012700801
4	22000001	22500000	0.0332549221878265
4	22500001	23000000	-0.00451630356391121
4	23000001	23500000	-0.055736967440104
4	23500001	24000000	0.0350125102979285
4	24000001	24500000	0.00488211944060244
4	24500001	25000000	-0.0177788255278872
4	25000001	25500000	0.0172440065374786
4	25500001	26000000	0.0129837718916396
4	26000001	26500000	-0.0408766181469501
4	26500001	27000000	0.0540465274322097
4	27000001	27500000	-0.0311360136111353
4	27500001	28000000	-0.0619391701996999
4	28000001	28500000	0.00394571819029289
4	28500001	29000000	-0.00384212842877701
4	29000001	29500000	-0.0549767546761355
4	29500001	30000000	0.00206263925163559
4	30000001	30500000	-0.0161399677922778
4	30500001	31000000	-0.0196332140766144
4	31000001	31500000	0.0393837479660692
4	31500001	32000000	NA
4	32000001	32500000	-0.0123010713875019
4	32500001	33000000	NA
4	33000001	33500000	0.00763172956521086
4	33500001	34000000	0.0138740090599874
4	34000001	34500000	-0.00230410192517546
4	34500001	35000000	0.0157913441143273
4	35000001	35500000	-0.00543778625046376
4	35500001	36000000	0.0315800266745575
4	36000001	36500000	0.0076915633285681
4	36500001	37000000	0.0314833984523214
4	37000001	37500000	-0.00920593154976002
4	37500001	38000000	0.0184767474390759
4	38000001	38500000	-0.0266223297592512
4	38500001	39000000	0.0134217412436717
4	39000001	39500000	0.0150835603914438
4	39500001	40000000	-0.0438796705763688
4	40000001	40500000	NA
4	40500001	41000000	-0.0609196658770356
4	41000001	41500000	0.0196449592212421
4	41500001	42000000	0.00757730698860177
4	42000001	42500000	-0.017915006115931
4	42500001	43000000	-0.0133237181208992
4	43000001	43500000	-0.0158180470083907
4	43500001	44000000	0.0378464906711204
4	44000001	44500000	-0.0169008747129656
4	44500001	45000000	-0.0317119161456433
4	45000001	45500000	0.0195126487147256
4	45500001	46000000	-0.00687165999594894
4	46000001	46500000	0.0235988103788956
4	46500001	47000000	0.000887564983761673
4	47000001	47500000	0.00175298596040127
4	47500001	48000000	-0.0297896651803097
4	48000001	48500000	-0.102787975888054
4	48500001	49000000	0.00973901963954758
4	53000001	53500000	0.0893640646402335
4	53500001	54000000	-0.00332002881117564
4	54000001	54500000	0.0471323264108932
4	54500001	55000000	0.00624700052280154
4	55000001	55500000	0.000222913407607107
4	55500001	56000000	-0.0237540017010675
4	56000001	56500000	-0.0183528045023462
4	56500001	57000000	0.0411848407941072
4	57000001	57500000	0.0336583548315633
4	57500001	58000000	-0.0508323926158582
4	58000001	58500000	0.0174616699036533
4	58500001	59000000	-0.0253914934263208
4	59000001	59500000	-0.0257847476664833
4	59500001	60000000	NA
4	60000001	60500000	0.0260636427560835
4	60500001	61000000	-0.0196969326989041
4	61000001	61500000	-0.0384788865840293
4	61500001	62000000	-0.0228667727807471
4	62000001	62500000	0.0389561878636208
4	62500001	63000000	-0.0224802857262151
4	63000001	63500000	0.0159854354846459
4	63500001	64000000	-0.0332376294810892
4	64000001	64500000	0.0203091173977852
4	64500001	65000000	NA
4	65000001	65500000	-0.0307780745233295
4	65500001	66000000	-0.00985371662004302
4	66000001	66500000	-0.0192200284696428
4	66500001	67000000	0.00858755611931812
4	67000001	67500000	0.0233573528134591
4	67500001	68000000	-0.0172148110882374
4	68000001	68500000	0.512574505682876
4	68500001	69000000	-0.0375684545861252
4	69000001	69500000	0.0153054394935186
4	69500001	70000000	-0.0311373551001561
4	70000001	70500000	-0.12223606666916
4	70500001	71000000	-0.00672301004580333
4	71000001	71500000	0.0319685523077257
4	71500001	72000000	-0.0487885282191123
4	72000001	72500000	-0.00581733459819659
4	72500001	73000000	-0.0567083010555
4	73000001	73500000	0.017257502468959
4	73500001	74000000	0.0243314853667358
4	74000001	74500000	0.0333770311298692
4	74500001	75000000	-0.00756042887730005
4	75000001	75500000	NA
4	75500001	76000000	-0.0352431297170747
4	76000001	76500000	0.0202148968844147
4	76500001	77000000	-0.0352620952152946
4	77000001	77500000	0.0407869349745412
4	77500001	78000000	-0.063874358564295
4	78000001	78500000	0.00270049904342779
4	78500001	79000000	0.0194617475672435
4	79000001	79500000	0.018118291278398
4	79500001	80000000	0.00327987046262023
4	80000001	80500000	0.0264414211005363
4	80500001	81000000	-0.0636042181795046
4	81000001	81500000	0.0388576533101901
4	81500001	82000000	-0.0234350683909552
4	82000001	82500000	0.00607260800096891
4	82500001	83000000	-0.031133946131958
4	83000001	83500000	-0.011674727950633
4	83500001	84000000	-0.0431671106475125
4	84000001	84500000	0.0173475485856882
4	84500001	85000000	-0.0298559674815123
4	85000001	85500000	0.0211032832458243
4	85500001	86000000	0.00947477774449889
4	86000001	86500000	-0.00831448900141859
4	86500001	87000000	0.0169830660239688
4	87000001	87500000	-0.0503920644053088
4	87500001	88000000	-0.0223413321329928
4	88000001	88500000	-0.0208517307682439
4	88500001	89000000	0.0603547438360127
4	89000001	89500000	-0.0242686134328935
4	89500001	90000000	0.00458476117474386
4	90000001	90500000	0.0290277567797172
4	90500001	91000000	-0.021170386997579
4	91000001	91500000	0.0315169587193638
4	91500001	92000000	0.0137785297550383
4	92000001	92500000	0.021709396848258
4	92500001	93000000	0.0120884283619494
4	93000001	93500000	0.0213494902797175
4	93500001	94000000	-0.00487465154399423
4	94000001	94500000	-0.0425070960208775
4	94500001	95000000	0.0538291745994708
4	95000001	95500000	0.00891778536690886
4	95500001	96000000	-0.039818419953722
4	96000001	96500000	-0.0313310467947377
4	96500001	97000000	0.0171657446266853
4	97000001	97500000	0.0352374542228798
4	97500001	98000000	-0.0638045701661388
4	98000001	98500000	-0.0125652916101793
4	98500001	99000000	0.0336713906417496
4	99000001	99500000	0.035667441545883
4	99500001	100000000	8.31393403155845e-05
4	100000001	100500000	-0.0202296415136485
4	100500001	101000000	0.00445700387507396
4	101000001	101500000	-0.0213094125166752
4	101500001	102000000	0.00650684222829129
4	102000001	102500000	-0.0224183406985836
4	102500001	103000000	0.0182968410272209
4	103000001	103500000	0.0119057705105048
4	103500001	104000000	0.00851478458687352
4	104000001	104500000	0.0536551044469672
4	104500001	105000000	0.00270602903983865
4	105000001	105500000	-0.0310622015549228
4	105500001	106000000	-0.00856623468716567
4	106000001	106500000	-0.000810249676367684
4	106500001	107000000	-0.0352645759176787
4	107000001	107500000	0.0576236053176513
4	107500001	108000000	-0.0106151866490513
4	108000001	108500000	0.00296749934437027
4	108500001	109000000	-0.0472492120088178
4	109000001	109500000	0.0325973244293126
4	109500001	110000000	-0.000566442043689322
4	110000001	110500000	0.0314945626740134
4	110500001	111000000	0.0494340213843313
4	111000001	111500000	0.0092026715529361
4	111500001	112000000	-0.0519561699738123
4	112000001	112500000	0.0204131903562333
4	112500001	113000000	0.0188536420582962
4	113000001	113500000	0.0412752264009118
4	113500001	114000000	0.00950742901271607
4	114000001	114500000	0.0183070024625878
4	114500001	115000000	0.0017829241713057
4	115000001	115500000	-0.00881863496884739
4	115500001	116000000	0.0184941142042613
4	116000001	116500000	0.00216977435289619
4	116500001	117000000	-0.00806690899530246
4	117000001	117500000	-0.0230309220573895
4	117500001	118000000	0.0340991247252502
4	118000001	118500000	-0.0211679417085634
4	118500001	119000000	0.00291861260801762
4	119000001	119500000	0.0692152204885229
4	119500001	120000000	0.000214941601622119
4	120000001	120500000	-0.00571736459706308
4	120500001	121000000	-0.0235710261323879
4	121000001	121500000	0.0312487158273712
4	121500001	122000000	-0.024182215163286
4	122000001	122500000	-0.00404595741931305
4	122500001	123000000	0.0245259407011542
4	123000001	123500000	0.0517626611998523
4	123500001	124000000	-0.0827695978905234
4	124000001	124500000	0.037644732328029
4	124500001	125000000	0.0152968067080763
4	125000001	125500000	-0.0829538528643301
4	125500001	126000000	0.00868651525947063
4	126000001	126500000	-0.0212960158130083
4	126500001	127000000	0.0149793574483696
4	127000001	127500000	-0.0114926455133939
4	127500001	128000000	0.0617650873991249
4	128000001	128500000	0.0267275800631637
4	128500001	129000000	-0.0432152105712504
4	129000001	129500000	0.00364188728764084
4	129500001	130000000	-0.00323207424648884
4	130000001	130500000	0.000377170517867742
4	130500001	131000000	-0.0272582034422455
4	131000001	131500000	-0.0187673781267769
4	131500001	132000000	0.0152184767267226
4	132000001	132500000	0.00391055489155458
4	133000001	133500000	0.0240913115135643
4	133500001	134000000	0.0170870385362154
4	134000001	134500000	-0.0180747306384306
4	134500001	135000000	-0.0484098950750089
4	135000001	135500000	0.0388231074023917
4	135500001	136000000	-0.00428684953855239
4	136000001	136500000	-0.0304416670705389
4	136500001	137000000	0.0342792860885463
4	137000001	137500000	-0.0240699008890298
4	137500001	138000000	-0.00507581220074668
4	138000001	138500000	-0.0372117902396534
4	138500001	139000000	0.03920994721076
4	139000001	139500000	0.00539151553002038
4	139500001	140000000	0.0457746881372008
4	140000001	140500000	-0.0475524535750854
4	140500001	141000000	0.0389152927236235
4	141000001	141500000	0.00911972425705921
4	141500001	142000000	-0.0677308288623602
4	142000001	142500000	-0.0222169511499811
4	142500001	143000000	-0.0125611194345233
4	143000001	143500000	0.0820253065072838
4	143500001	144000000	0.00102533068118872
4	144000001	144500000	-0.0326876980809364
4	144500001	145000000	0.0319464722660061
4	145000001	145500000	0.0419774974605857
4	145500001	146000000	0.070040121317413
4	146000001	146500000	-0.0188207304916398
4	146500001	147000000	-0.0127702563475639
4	147000001	147500000	-0.026782684488545
4	147500001	148000000	-0.00880107554335722
4	148000001	148500000	0.0288626277779207
4	148500001	149000000	0.0186973865319864
4	149000001	149500000	-0.0180264091506101
4	149500001	150000000	-0.023827342411107
4	150000001	150500000	0.0308125110548422
4	150500001	151000000	0.0207517222570911
4	151000001	151500000	0.152254416591718
4	151500001	152000000	-0.0443004900238083
4	152000001	152500000	-0.0200492763913782
4	152500001	153000000	-0.0245883042884837
4	153000001	153500000	0.0177489366744776
4	153500001	154000000	0.00710792615507862
4	154000001	154500000	0.0366528417355479
4	154500001	155000000	0.000509917505654142
4	155000001	155500000	-0.000867991796129289
4	155500001	156000000	0.00250937741877124
4	156000001	156500000	-0.0212410569610053
4	156500001	157000000	-0.0480462454240324
4	157000001	157500000	0.0273650602067707
4	157500001	158000000	-0.0326728186408375
4	158000001	158500000	-0.00963620724352715
4	158500001	159000000	0.0468904937032632
4	159000001	159500000	-0.0436034282087145
4	159500001	160000000	-0.0244089242873931
4	160000001	160500000	-0.020363072049291
4	160500001	161000000	0.0348736329680463
4	161000001	161500000	0.0223554188028258
4	161500001	162000000	0.00158743467499058
4	162000001	162500000	-0.0154433833994825
4	162500001	163000000	-0.00653759030925519
4	163000001	163500000	0.0325713069142018
4	163500001	164000000	0.00682927774377021
4	164000001	164500000	0.0443399073635913
4	164500001	165000000	-0.0153908172239653
4	165000001	165500000	-0.0366761289754968
4	165500001	166000000	0.0153914270585837
4	166000001	166500000	0.0115798665079315
4	166500001	167000000	0.038109157901545
4	167000001	167500000	-0.0775194828725353
4	167500001	168000000	0.0552505658200544
4	168000001	168500000	-0.0344356026816963
4	168500001	169000000	-0.0441325578726001
4	169000001	169500000	0.0377006997180124
4	169500001	170000000	-0.0336168979081327
4	170000001	170500000	0.0402678033479262
4	170500001	171000000	0.00866019359642731
4	171000001	171500000	0.00161425566122732
4	171500001	172000000	-0.0528668694927628
4	172000001	172500000	0.0183363181859803
4	172500001	173000000	-0.0334933204047389
4	173000001	173500000	-0.0236700550231351
4	173500001	174000000	-0.0308888833663259
4	174000001	174500000	-0.002119817616219
4	174500001	175000000	0.027992856156697
4	175000001	175500000	0.0268794134052317
4	175500001	176000000	0.0148911665563386
4	176000001	176500000	-0.00440513907338891
4	176500001	177000000	0.0154613115250672
4	177000001	177500000	0.00208601316936414
4	177500001	178000000	0.0443607752034265
4	178000001	178500000	-0.108319511171018
4	178500001	179000000	0.0689764200722725
4	179000001	179500000	0.0267171799529244
4	179500001	180000000	0.0422904020397529
4	180000001	180500000	-0.0546541998514876
4	180500001	181000000	-0.00572857083354872
4	181000001	181500000	-0.0030452658127595
4	181500001	182000000	-0.076125816657563
4	182000001	182500000	0.0164226947041713
4	182500001	183000000	0.0599726630918276
4	183000001	183500000	0.0198204038768357
4	183500001	184000000	-0.0220893859510828
4	184000001	184500000	0.00263667724422389
4	184500001	185000000	-0.0441210695544515
4	185000001	185500000	-0.0360393884991311
4	185500001	186000000	-0.0378158987541462
4	186000001	186500000	0.00877606279836535
4	186500001	187000000	0.0228402230156992
4	187000001	187500000	-0.00780289392398621
4	187500001	188000000	-0.0205464271336613
4	188000001	188500000	0.0432145860041831
4	188500001	189000000	-0.0269284253211661
4	189000001	189500000	-0.0232574568976315
4	189500001	190000000	-0.0341791036855864
4	190000001	190500000	-0.0319410263929588
4	190500001	191000000	0.763008086794008
5	1	500000	NA
5	500001	1000000	-0.0329568914022675
5	1000001	1500000	-0.029117790533958
5	1500001	2000000	0.0110652991686009
5	2000001	2500000	0.0554082229928783
5	2500001	3000000	0.0145131712018499
5	3000001	3500000	-0.00279889535393594
5	3500001	4000000	0.0288646401102044
5	4000001	4500000	-0.0206755566124229
5	4500001	5000000	-0.0370307304822153
5	5000001	5500000	0.00505118737440661
5	5500001	6000000	0.0304086551399356
5	6000001	6500000	-0.0232764847322323
5	6500001	7000000	-0.054134908114077
5	7000001	7500000	0.0491444789047234
5	7500001	8000000	0.0520013601680339
5	8000001	8500000	-0.00177929738445968
5	8500001	9000000	-0.0288936039089162
5	9000001	9500000	0.00074035767680102
5	9500001	10000000	0.0498522297377556
5	10000001	10500000	-0.0010074894178098
5	10500001	11000000	0.0168576593185169
5	11000001	11500000	0.0418691650809974
5	11500001	12000000	0.0414462057012589
5	12000001	12500000	-0.038103535786329
5	12500001	13000000	-0.0265302988708265
5	13000001	13500000	-0.0533411456869205
5	13500001	14000000	-0.0201876939452444
5	14000001	14500000	-0.022737498190039
5	14500001	15000000	0.0347135489816289
5	15000001	15500000	0.01481401138118
5	15500001	16000000	-0.0660867839253858
5	16000001	16500000	0.055581430644386
5	16500001	17000000	-0.0320920525264673
5	17000001	17500000	-0.0392228786650775
5	17500001	18000000	NA
5	18000001	18500000	0.012769495471675
5	18500001	19000000	-0.0238401573094462
5	19000001	19500000	-0.0334053520518013
5	19500001	20000000	-0.0337586692043885
5	20000001	20500000	0.0139676877260076
5	20500001	21000000	0.0564824407062346
5	21000001	21500000	0.188071929231345
5	21500001	22000000	0.189967972033324
5	22000001	22500000	0.0138295065901314
5	22500001	23000000	-0.055692992027734
5	23000001	23500000	0.00132019144208182
5	23500001	24000000	-0.0317596548292525
5	24000001	24500000	-0.0100393517903518
5	24500001	25000000	0.0404117258760048
5	25000001	25500000	-0.00546733452354382
5	25500001	26000000	0.0168653965819424
5	26000001	26500000	-0.0235441971886365
5	26500001	27000000	0.0132173626922645
5	27000001	27500000	-0.000817651521766605
5	27500001	28000000	-0.0344148718901169
5	28000001	28500000	0.0256137440807351
5	28500001	29000000	0.0327811388555438
5	29000001	29500000	0.0660273439002329
5	29500001	30000000	-0.0142437277183827
5	30000001	30500000	0.0240750214090899
5	30500001	31000000	0.0179189306883788
5	31000001	31500000	-0.00314564808041675
5	31500001	32000000	-0.0777683941286331
5	32000001	32500000	0.00119754013995392
5	32500001	33000000	-0.0676981206300974
5	33000001	33500000	0.0530995463164406
5	33500001	34000000	0.0221936864150709
5	34500001	35000000	-0.0227901367707364
5	35000001	35500000	0.0147148332162989
5	35500001	36000000	-0.013217559066617
5	36000001	36500000	0.0179760703446074
5	36500001	37000000	0.0240917643965143
5	37000001	37500000	-0.0193615960405374
5	37500001	38000000	0.0125531829123989
5	38000001	38500000	0.0115665397448302
5	38500001	39000000	0.0103589920441105
5	39000001	39500000	0.00184511963862871
5	39500001	40000000	-0.0213089271718734
5	40000001	40500000	0.0694777323284523
5	40500001	41000000	0.0489940362130059
5	41000001	41500000	-0.00140792618182125
5	41500001	42000000	-0.0644016823275009
5	42000001	42500000	0.0245996416355811
5	42500001	43000000	0.029103617133337
5	43000001	43500000	-0.0179576557688856
5	43500001	44000000	-0.0103517423056386
5	44000001	44500000	0.0530488316789208
5	44500001	45000000	0.00570128402566948
5	45000001	45500000	0.0295279378282438
5	45500001	46000000	0.041081972393195
5	50000001	50500000	0.0545783086049902
5	50500001	51000000	0.0125149076049156
5	51000001	51500000	-0.024334191496785
5	51500001	52000000	0.0448524409168351
5	52000001	52500000	0.0681505472510123
5	52500001	53000000	-0.0161151084703889
5	53000001	53500000	-0.0342839870085651
5	53500001	54000000	0.0730122884371552
5	54000001	54500000	0.00944816452849313
5	54500001	55000000	-0.036186910701595
5	55000001	55500000	0.0442173120403001
5	55500001	56000000	-0.0391518785744964
5	56000001	56500000	0.0668013636620834
5	56500001	57000000	-0.0202000600423368
5	57000001	57500000	0.0149196624374004
5	57500001	58000000	-0.0142147771494725
5	58000001	58500000	0.00162315190791487
5	58500001	59000000	0.0126346998170383
5	59000001	59500000	-0.0222471697002484
5	59500001	60000000	0.00961411184660496
5	60000001	60500000	0.0270431175808706
5	60500001	61000000	0.0198656615321573
5	61000001	61500000	-0.00453999489214447
5	61500001	62000000	0.0080949646364415
5	62000001	62500000	-0.0127052782640967
5	62500001	63000000	-0.0240820004191184
5	63000001	63500000	0.00986602458687017
5	63500001	64000000	0.0581421400903498
5	64000001	64500000	0.0482563294191511
5	64500001	65000000	-0.0649294478510712
5	65000001	65500000	-0.0302385628017251
5	65500001	66000000	0.0511713941140767
5	66000001	66500000	-0.0555680501480216
5	66500001	67000000	0.0226664870365269
5	67000001	67500000	-0.0325188448720545
5	67500001	68000000	0.0639382856714315
5	68000001	68500000	-0.00599588281076907
5	71000001	71500000	0.0359149399389995
5	71500001	72000000	0.0506608915889759
5	72000001	72500000	-0.00931649526812901
5	72500001	73000000	-0.0198888438774936
5	73000001	73500000	-0.0079147232707038
5	73500001	74000000	0.0137317882623853
5	74000001	74500000	0.00633384440793402
5	74500001	75000000	-0.0429013510098879
5	75000001	75500000	-0.0395113833822897
5	75500001	76000000	0.0250247727630137
5	76000001	76500000	0.00793863385149015
5	76500001	77000000	0.0443341236146209
5	77000001	77500000	0.00270487237283307
5	77500001	78000000	0.0139806509974053
5	78000001	78500000	0.0367526155181561
5	78500001	79000000	0.0302359345456099
5	79000001	79500000	-0.0490503129432376
5	79500001	80000000	-0.00161864660236797
5	80000001	80500000	-0.00800371307963083
5	80500001	81000000	-0.0134215481211338
5	81000001	81500000	0.0149512614895198
5	81500001	82000000	-0.0291082730610383
5	82000001	82500000	0.00540146483732319
5	82500001	83000000	-0.0248176957323321
5	83000001	83500000	0.029795557704161
5	83500001	84000000	-0.0330592893815865
5	84000001	84500000	0.0106216175234522
5	84500001	85000000	-0.0474408526890999
5	85000001	85500000	-0.0293497679025956
5	85500001	86000000	0.0503473426022005
5	86000001	86500000	-0.0287108861373908
5	86500001	87000000	0.029990561728174
5	87000001	87500000	-0.000739632815981488
5	87500001	88000000	-0.0261087131777085
5	88000001	88500000	0.0319634415508786
5	88500001	89000000	0.0358114100386062
5	89000001	89500000	0.0328668274623578
5	89500001	90000000	-0.0461449665599136
5	90000001	90500000	0.0227131195383528
5	90500001	91000000	0.0492829041293391
5	91000001	91500000	0.04979898945272
5	91500001	92000000	NA
5	92000001	92500000	-0.0839841953733611
5	92500001	93000000	0.00790146834787257
5	93000001	93500000	-0.04768318950517
5	93500001	94000000	-0.0263085049011802
5	94000001	94500000	0.030538707226765
5	94500001	95000000	0.0832990335461242
5	95000001	95500000	0.0139253196875923
5	95500001	96000000	0.0273684624616184
5	96000001	96500000	-0.00787641294037596
5	96500001	97000000	0.0253916085124512
5	97000001	97500000	0.0325535374546466
5	97500001	98000000	0.00205414834097189
5	98000001	98500000	-0.0429788986372541
5	98500001	99000000	-0.00787703503435704
5	99000001	99500000	-0.0222682360621377
5	99500001	100000000	-0.0146220351279942
5	100000001	100500000	0.0383768378206769
5	100500001	101000000	-0.0111609535495612
5	101000001	101500000	0.0330845447103483
5	101500001	102000000	-0.0222727533077054
5	102000001	102500000	0.0250654897655979
5	102500001	103000000	-0.00497986846830939
5	103000001	103500000	-0.0177192779929243
5	103500001	104000000	-0.0216091521161074
5	104000001	104500000	0.00979840625085163
5	104500001	105000000	NA
5	105000001	105500000	0.019660330017155
5	105500001	106000000	-0.0573499497855733
5	106000001	106500000	0.0348897950464108
5	106500001	107000000	-0.0693117503202689
5	107000001	107500000	0.00814611393093023
5	107500001	108000000	0.0198020943771263
5	108000001	108500000	2.67158402689492e-05
5	108500001	109000000	0.00877895587470958
5	109000001	109500000	0.0103027230471708
5	109500001	110000000	0.00560107127107964
5	110000001	110500000	0.0334287126028029
5	110500001	111000000	0.0128940005999235
5	111000001	111500000	-0.00181840989290277
5	111500001	112000000	-0.00496302635602614
5	112000001	112500000	-0.0153052449763219
5	112500001	113000000	-0.0415571421331454
5	113000001	113500000	-0.0494390989493688
5	113500001	114000000	0.0627291659889791
5	114000001	114500000	0.0205793939370759
5	114500001	115000000	-0.0566380234318176
5	115000001	115500000	0.00139305389487978
5	115500001	116000000	0.0398446126149589
5	116000001	116500000	-0.0347745889323013
5	116500001	117000000	-0.00744061791078566
5	117000001	117500000	-0.0131390863777928
5	117500001	118000000	-0.0214979102885392
5	118000001	118500000	0.0680187604655901
5	118500001	119000000	-0.0525957737106731
5	119000001	119500000	0.0179177483655818
5	119500001	120000000	0.0449456135551673
5	120000001	120500000	-0.0132950889701198
5	120500001	121000000	-0.0319036801443708
5	121000001	121500000	0.00596171179121196
5	121500001	122000000	0.0127023845096788
5	122000001	122500000	-0.025177332248939
5	122500001	123000000	0.0131039394176334
5	123000001	123500000	-0.00295070000121454
5	123500001	124000000	0.00535393282100362
5	124000001	124500000	-0.0404192799552135
5	124500001	125000000	0.0341047558671974
5	125000001	125500000	0.0410503069999146
5	125500001	126000000	0.036565302225058
5	126000001	126500000	-0.032165911641516
5	126500001	127000000	0.00936773102284579
5	127000001	127500000	0.0107037230386801
5	127500001	128000000	0.00396846463813286
5	128000001	128500000	-0.00196371516555247
5	128500001	129000000	0.0285982910121913
5	129000001	129500000	0.00292893551360088
5	129500001	130000000	0.0295871200964633
5	130000001	130500000	0.0482375283202914
5	130500001	131000000	-0.0168154183132003
5	131000001	131500000	-0.0416188062296685
5	131500001	132000000	0.0166206684608478
5	132000001	132500000	0.0194169668683444
5	132500001	133000000	0.0145232789890857
5	133000001	133500000	-0.017325332425081
5	133500001	134000000	0.00481249354573334
5	134000001	134500000	-0.0156589422599368
5	134500001	135000000	0.0390312634247111
5	135000001	135500000	0.0032311293803936
5	135500001	136000000	0.0361539458901155
5	136000001	136500000	-0.0374276208472153
5	136500001	137000000	0.0510556696072413
5	137000001	137500000	0.00864513317700603
5	137500001	138000000	-0.0491478545782152
5	138000001	138500000	-0.0101342590633087
5	138500001	139000000	NA
5	139000001	139500000	0.072981499892833
5	139500001	140000000	-0.0409548994627483
5	140000001	140500000	0.019772261649592
5	140500001	141000000	-0.0014792615481657
5	141000001	141500000	0.0362154406700642
5	141500001	142000000	-0.0578423713329779
5	142000001	142500000	0.014380514860718
5	142500001	143000000	0.023120061880228
5	143000001	143500000	0.042765731713034
5	143500001	144000000	-0.0111775812656385
5	144000001	144500000	0.00545924030752718
5	144500001	145000000	0.0517770792255874
5	145000001	145500000	-0.0259076562255055
5	145500001	146000000	-0.021991414091246
5	146000001	146500000	0.0471386991831908
5	146500001	147000000	-0.00611505883635639
5	147000001	147500000	-0.0472473115568329
5	147500001	148000000	0.0141089451773288
5	148000001	148500000	0.0235143291475992
5	148500001	149000000	0.00834842312989787
5	149000001	149500000	0.0209743419055131
5	149500001	150000000	-0.054751855775085
5	150000001	150500000	0.00644406320212669
5	150500001	151000000	-0.0175969522940402
5	151000001	151500000	0.017703686937092
5	151500001	152000000	-0.0184011433662473
5	152000001	152500000	-0.0188535082257537
5	152500001	153000000	0.0055672716513499
5	153000001	153500000	-0.0476243674377464
5	153500001	154000000	0.0461077969592141
5	154000001	154500000	-0.0131906845528595
5	154500001	155000000	-0.00350206215510883
5	155000001	155500000	NA
5	155500001	156000000	0.0297515901294624
5	156000001	156500000	0.0216677292833096
5	156500001	157000000	0.0123599368789314
5	157000001	157500000	-0.0149214865504364
5	157500001	158000000	-0.0490677254274291
5	158000001	158500000	0.0344787022368328
5	158500001	159000000	-0.0220707920601664
5	159000001	159500000	0.0236668339419465
5	159500001	160000000	-0.0388416081442459
5	160000001	160500000	0.00778574555320314
5	160500001	161000000	-0.0277590770492009
5	161000001	161500000	-0.0263463687795238
5	161500001	162000000	-0.0328575067627907
5	162000001	162500000	0.00909498453454057
5	162500001	163000000	0.024817305481808
5	163000001	163500000	-0.000251636222864071
5	163500001	164000000	-0.0170165507558291
5	164000001	164500000	0.0513297989476578
5	164500001	165000000	-0.00585454698291754
5	165000001	165500000	-0.0373373773088401
5	165500001	166000000	0.00251388152761146
5	166000001	166500000	-0.077206477564501
5	166500001	167000000	-0.0497699739934142
5	167000001	167500000	0.0139472393217986
5	167500001	168000000	0.0013955584541093
5	168000001	168500000	0.0178343481794502
5	168500001	169000000	0.06914905973838
5	169000001	169500000	-0.00460139498085942
5	169500001	170000000	0.0287572703560039
5	170000001	170500000	0.0175683310663705
5	170500001	171000000	-0.0302873193573568
5	171000001	171500000	0.0358286827179483
5	171500001	172000000	0.0172485833873657
5	172000001	172500000	-0.0853242831757693
5	172500001	173000000	-0.0354691559736469
5	173000001	173500000	-0.00803560420107613
5	173500001	174000000	0.00267161059091653
5	174000001	174500000	0.0446950330268606
5	174500001	175000000	-0.0387822812553685
5	175000001	175500000	0.0107947387676134
5	175500001	176000000	-0.0561494131960812
5	176000001	176500000	-0.000954911141342866
5	176500001	177000000	0.0540068223856786
5	177500001	178000000	0.0232737459561782
5	178000001	178500000	-0.0319808565236608
5	178500001	179000000	-0.0393444975946545
5	179000001	179500000	0.00546761787037381
5	179500001	180000000	0.0327421216403271
5	180000001	180500000	-0.015026432672147
6	500001	1000000	0.0528067660279227
6	1000001	1500000	-0.0247128548121189
6	1500001	2000000	-0.028725457121356
6	2000001	2500000	-0.032171524446109
6	2500001	3000000	0.0421927083717148
6	3000001	3500000	0.0294694272810358
6	3500001	4000000	-0.0160490727262272
6	4000001	4500000	-0.0697641989565768
6	4500001	5000000	-0.00181582461142673
6	5000001	5500000	0.0243322832964114
6	5500001	6000000	0.000285971511633284
6	6000001	6500000	0.00842294534921756
6	6500001	7000000	-0.0274364164000984
6	7000001	7500000	-0.0441083814766521
6	7500001	8000000	0.0388832954544935
6	8000001	8500000	0.00409849764468852
6	8500001	9000000	-0.0776168782598519
6	9000001	9500000	0.0373641793726689
6	9500001	10000000	-0.0220761926904082
6	10000001	10500000	0.038249799434812
6	10500001	11000000	-0.0271756883033403
6	11000001	11500000	-0.0208743450917539
6	11500001	12000000	0.0381569370202374
6	12000001	12500000	0.0349553253215123
6	12500001	13000000	-0.0104069540462117
6	13000001	13500000	0.0391997026295095
6	13500001	14000000	0.0108205166587037
6	14000001	14500000	-0.0263220490333995
6	14500001	15000000	-0.0124211650854088
6	15000001	15500000	-0.0330302784191813
6	15500001	16000000	0.013040571586604
6	16000001	16500000	-0.0146896640208289
6	16500001	17000000	-0.0386498810582846
6	17000001	17500000	0.0135850200724991
6	17500001	18000000	0.0375099739054884
6	18000001	18500000	-0.00910874704695574
6	18500001	19000000	0.0171558672072486
6	19000001	19500000	-0.0194092241459716
6	19500001	20000000	0.0429704172532886
6	20000001	20500000	-0.0694954293823972
6	20500001	21000000	-0.00293577848626594
6	21000001	21500000	-0.0145925264036381
6	21500001	22000000	-0.024990935942225
6	22000001	22500000	0.0401180922868875
6	22500001	23000000	-0.0391218680929708
6	23000001	23500000	0.0117054541239984
6	23500001	24000000	-0.00914221774368181
6	24000001	24500000	-0.0537067844081227
6	24500001	25000000	0.0224147675970266
6	25000001	25500000	0.0314498604771752
6	25500001	26000000	0.0156056443491598
6	26000001	26500000	-0.0161988851895294
6	27000001	27500000	0.0218052008189316
6	27500001	28000000	0.0324468840843905
6	28000001	28500000	0.0127305798666056
6	28500001	29000000	0.0336407743739533
6	29000001	29500000	-0.0395524159248978
6	29500001	30000000	-0.0880848959735133
6	30000001	30500000	0.0298232366164839
6	30500001	31000000	-0.0153575113117101
6	31000001	31500000	0.0363903083562077
6	31500001	32000000	-0.124728340609325
6	32000001	32500000	-0.110593299835053
6	32500001	33000000	0.0123073477748851
6	33000001	33500000	0.0318712574125514
6	33500001	34000000	-0.000640603785767115
6	34000001	34500000	-0.0155248245013708
6	34500001	35000000	-0.0311817243609985
6	35000001	35500000	0.0202493563466817
6	35500001	36000000	-0.0431545321867952
6	36000001	36500000	0.0118316438719893
6	36500001	37000000	-0.0211019593945997
6	37000001	37500000	-0.00985827973609793
6	37500001	38000000	0.0484812698762095
6	38000001	38500000	0.0187702505678149
6	38500001	39000000	-0.0109070812937949
6	39000001	39500000	-0.00942807434865478
6	39500001	40000000	0.028090609860878
6	40000001	40500000	-0.00166811125700941
6	40500001	41000000	0.0630234771056839
6	41000001	41500000	0.0326280491790578
6	41500001	42000000	0.00181781778062942
6	42000001	42500000	-0.0657321470021278
6	42500001	43000000	-0.00112549767111344
6	43000001	43500000	-0.00496540605577277
6	43500001	44000000	-0.0115651638714159
6	44000001	44500000	0.012539808594398
6	44500001	45000000	0.0195900645642542
6	45000001	45500000	0.018211535269812
6	45500001	46000000	-0.056184411147601
6	46000001	46500000	-0.00313976944328369
6	46500001	47000000	0.00847355538189183
6	47000001	47500000	0.00591295645554325
6	47500001	48000000	0.00170809684010323
6	48000001	48500000	-0.0268844093317391
6	48500001	49000000	0.0358698881234602
6	49000001	49500000	0.0220986157355026
6	49500001	50000000	-0.0634936050391655
6	50000001	50500000	-0.0298562754246654
6	50500001	51000000	0.0344315476404129
6	51000001	51500000	-0.00398076480270705
6	51500001	52000000	-0.00872233536803737
6	52000001	52500000	-0.0167002099876073
6	52500001	53000000	0.0387650727673579
6	53000001	53500000	-0.0159177121546562
6	53500001	54000000	0.0013570221173262
6	54000001	54500000	-0.000560150464395426
6	54500001	55000000	-0.0185920779826703
6	55000001	55500000	0.0229723004533544
6	55500001	56000000	-0.00736658319238314
6	56000001	56500000	0.0120189500330041
6	56500001	57000000	0.0238271864983633
6	57000001	57500000	0.835303380872691
6	57500001	58000000	0.438018190074731
6	62000001	62500000	NA
6	62500001	63000000	-0.0483949782222163
6	63000001	63500000	0.0375935292608562
6	63500001	64000000	-0.00330013717778779
6	64000001	64500000	0.00382759056399604
6	64500001	65000000	0.0192548468432599
6	65000001	65500000	0.0571572316424748
6	65500001	66000000	-0.0225261767056155
6	66000001	66500000	-0.045898593048643
6	66500001	67000000	0.0055283125648995
6	67000001	67500000	0.00709957481572211
6	67500001	68000000	0.0292109957730558
6	68000001	68500000	0.0262325610249374
6	68500001	69000000	-0.0312064696084232
6	69000001	69500000	-0.0199814553433974
6	69500001	70000000	-0.013424514694405
6	70000001	70500000	-0.0282958457147488
6	70500001	71000000	0.0367906407323162
6	71000001	71500000	0.0205889397474039
6	71500001	72000000	-0.0258664328285808
6	72000001	72500000	0.0476277259788294
6	72500001	73000000	-0.0248817386473615
6	73000001	73500000	-0.00869579375920573
6	73500001	74000000	-0.0471906416397208
6	74000001	74500000	-0.001475785705777
6	74500001	75000000	0.0598072954986983
6	75000001	75500000	0.0665635523305198
6	75500001	76000000	0.0192807130855841
6	76000001	76500000	-0.0114007933757229
6	76500001	77000000	-0.0477561329768334
6	77000001	77500000	-0.0319961270318589
6	77500001	78000000	0.0479573804075003
6	78000001	78500000	-0.085194594799524
6	78500001	79000000	-0.0254367799261753
6	79000001	79500000	-0.105383163750122
6	79500001	80000000	-0.0761296221203649
6	80000001	80500000	0.0523118165214148
6	80500001	81000000	-0.00468525644072339
6	81000001	81500000	0.0547505099916954
6	81500001	82000000	0.047374709724313
6	82000001	82500000	0.0279949826592624
6	82500001	83000000	-0.0103448570464646
6	83000001	83500000	0.0541761074908323
6	83500001	84000000	-0.0607514511376387
6	84000001	84500000	-0.0083667148591756
6	84500001	85000000	0.0478829146819185
6	85000001	85500000	-0.0385517828848805
6	85500001	86000000	0.0525760111832895
6	86000001	86500000	0.00703178276816775
6	86500001	87000000	-0.0515671164453609
6	87000001	87500000	0.041985330185699
6	87500001	88000000	0.0342034990386531
6	88000001	88500000	0.00763015997264361
6	88500001	89000000	-0.00346810405972269
6	89000001	89500000	0.00601961523279013
6	89500001	90000000	0.0352828439987458
6	90000001	90500000	0.0220395163410038
6	90500001	91000000	-0.040320843545232
6	91000001	91500000	-0.0553925730285972
6	91500001	92000000	-0.00368931321766986
6	92000001	92500000	0.0454208316648695
6	92500001	93000000	0.00043448787232093
6	93000001	93500000	0.0474004105697558
6	93500001	94000000	0.0428179070499048
6	94000001	94500000	-0.0297576690526121
6	94500001	95000000	-0.027439431932818
6	95000001	95500000	0.0258016187669579
6	96000001	96500000	-0.0403058225583358
6	96500001	97000000	-0.018662738893967
6	97000001	97500000	-0.0269945279303984
6	97500001	98000000	-0.00964397307111386
6	98000001	98500000	0.074172206403547
6	98500001	99000000	-0.0250416933131681
6	99000001	99500000	0.0412036098150243
6	99500001	100000000	0.0113715386169161
6	100000001	100500000	-0.0310338805463152
6	100500001	101000000	0.0463815425332352
6	101000001	101500000	-0.0177103736833633
6	101500001	102000000	0.0247570641516173
6	102000001	102500000	NA
6	102500001	103000000	-0.0542071935598633
6	103000001	103500000	0.00889408328059801
6	103500001	104000000	-0.0785220579563333
6	104000001	104500000	-6.64754950975272e-05
6	104500001	105000000	0.0230184893772745
6	105000001	105500000	0.0299366449651676
6	105500001	106000000	-0.0128903665001562
6	106000001	106500000	-0.0135101079114517
6	106500001	107000000	0.00892845198464693
6	107000001	107500000	-0.0510333380272717
6	107500001	108000000	0.0536423532775506
6	108000001	108500000	0.0124966968944012
6	108500001	109000000	-0.0113721085273491
6	109000001	109500000	0.0320492197057799
6	109500001	110000000	0.0180960811319692
6	110000001	110500000	-0.0337079041783784
6	110500001	111000000	0.000545445847219513
6	111000001	111500000	0.0048110056308074
6	111500001	112000000	-0.0243122534094029
6	112000001	112500000	-0.0487621130163383
6	112500001	113000000	0.0347525410941388
6	113000001	113500000	0.0145844281920388
6	113500001	114000000	-0.0452525716380531
6	114000001	114500000	0.0125863386623024
6	114500001	115000000	0.0021392058481362
6	115000001	115500000	-0.0311134608656342
6	115500001	116000000	NA
6	116000001	116500000	-0.0273460863794827
6	116500001	117000000	0.034679156321668
6	117000001	117500000	0.0162319526894779
6	117500001	118000000	-0.0263740798596852
6	118000001	118500000	-0.0407008736137998
6	118500001	119000000	0.00897421203256576
6	119000001	119500000	0.0454629261471651
6	119500001	120000000	0.0155410842641058
6	120000001	120500000	0.0277800679353435
6	120500001	121000000	-0.0197582002661781
6	121000001	121500000	-0.0195289628524364
6	121500001	122000000	0.00641796271117724
6	122000001	122500000	0.0326487943581678
6	122500001	123000000	0.000847808532620186
6	123000001	123500000	0.018077094236292
6	123500001	124000000	0.003224075659281
6	124000001	124500000	0.00368962308540523
6	124500001	125000000	0.0161751602022109
6	125000001	125500000	-0.0579126682875408
6	125500001	126000000	0.014527319907643
6	126000001	126500000	0.030744233992953
6	126500001	127000000	0.0270406182718386
6	127000001	127500000	-0.0184979518958003
6	127500001	128000000	-0.00423485046602879
6	128000001	128500000	0.018980031506751
6	128500001	129000000	0.0285429756261329
6	129000001	129500000	-0.0448994954213715
6	129500001	130000000	0.0107096050634489
6	130000001	130500000	-0.035312298512965
6	130500001	131000000	-0.00439909967045208
6	131000001	131500000	0.000431275550179443
6	131500001	132000000	0.0335911921717501
6	132000001	132500000	0.00456621487131544
6	132500001	133000000	0.0285216737252806
6	133000001	133500000	0.0174954778299701
6	133500001	134000000	-0.0543824541792207
6	134000001	134500000	0.0352388082833132
6	134500001	135000000	-0.0236795986891554
6	135000001	135500000	-0.0376737479054191
6	135500001	136000000	0.045794246378668
6	136000001	136500000	0.0443982654803286
6	136500001	137000000	0.0288090065628343
6	137000001	137500000	-0.0118981236488542
6	137500001	138000000	-0.0382707029909293
6	138000001	138500000	0.0410211587160161
6	138500001	139000000	-0.00289066163233402
6	139000001	139500000	-0.0207417204528569
6	139500001	140000000	-0.0402882376094959
6	140000001	140500000	-0.0665608690096941
6	140500001	141000000	0.024381805364923
6	141000001	141500000	-0.022829027143854
6	141500001	142000000	-0.0223045447082256
6	142000001	142500000	0.0222653147717174
6	142500001	143000000	0.0148617277211265
6	143000001	143500000	-0.00305436321712165
6	143500001	144000000	0.0466032925566932
6	144000001	144500000	-0.0355612944234827
6	144500001	145000000	0.088526458929243
6	145000001	145500000	0.0262816066845697
6	145500001	146000000	-0.0182271395590274
6	146000001	146500000	0.0263424146045519
6	146500001	147000000	-0.063345475419494
6	147000001	147500000	0.0292754937427659
6	147500001	148000000	0.0424084077098986
6	148000001	148500000	-0.0494609464890421
6	148500001	149000000	0.0126586377929933
6	149000001	149500000	-0.00917379443134568
6	149500001	150000000	-0.0398001157588533
6	150000001	150500000	-0.0536430579552045
6	150500001	151000000	0.0177524569182659
6	151000001	151500000	0.0707056940495253
6	151500001	152000000	0.0136079479923607
6	152000001	152500000	-0.00964131728770127
6	152500001	153000000	0.0224467626704638
6	153000001	153500000	-0.0264334548186419
6	153500001	154000000	-0.0198764727773891
6	154000001	154500000	0.0951180081303828
6	154500001	155000000	0.0203058877862148
6	155000001	155500000	0.031100811967667
6	155500001	156000000	-0.0142949434907057
6	156000001	156500000	-0.0449914276924418
6	156500001	157000000	-0.0442489864684873
6	157000001	157500000	0.0384488504907998
6	157500001	158000000	NA
6	158000001	158500000	-0.0401336099097748
6	158500001	159000000	-0.033309222087655
6	159000001	159500000	0.00302778319542158
6	159500001	160000000	0.0469192543181953
6	160000001	160500000	-0.0476318127941158
6	160500001	161000000	0.0333458044413825
6	161000001	161500000	-0.0801479420433709
6	161500001	162000000	-0.0403005474528919
6	162000001	162500000	-0.0309020179050974
6	162500001	163000000	-0.0377151842317558
6	163000001	163500000	-0.0452474902987683
6	163500001	164000000	0.047672457344022
6	164000001	164500000	0.0232822225193992
6	164500001	165000000	0.0207414139084841
6	165000001	165500000	-0.0284823692729165
6	165500001	166000000	0.000366210621229758
6	166000001	166500000	-0.00190391470216927
6	166500001	167000000	0.0051486326105139
6	167000001	167500000	-0.0453940430200008
6	167500001	168000000	NA
6	168000001	168500000	NA
6	168500001	169000000	-0.0360828246854265
6	169000001	169500000	0.0163625008750325
6	169500001	170000000	0.0191524034030007
6	170000001	170500000	NA
6	170500001	171000000	-0.0366622921722932
7	1	500000	NA
7	500001	1000000	-0.0474091596966929
7	1000001	1500000	-0.020200845985253
7	1500001	2000000	0.0117208044711082
7	2000001	2500000	-0.00274412945531283
7	2500001	3000000	0.0546063084189391
7	3000001	3500000	-0.0489281802788991
7	3500001	4000000	0.0283320508644975
7	4000001	4500000	-0.0289892729666928
7	4500001	5000000	0.00618445545767565
7	5000001	5500000	-0.0150330189970111
7	5500001	6000000	-0.0837918565913732
7	6000001	6500000	-0.0767963532173768
7	6500001	7000000	-0.0176656180449815
7	7000001	7500000	0.0400871302043843
7	7500001	8000000	-0.0338511640214498
7	8000001	8500000	0.0684382149552921
7	8500001	9000000	-0.0015951906461833
7	9000001	9500000	-0.0124222230987084
7	9500001	10000000	0.0118366763499828
7	10000001	10500000	0.0196926327757074
7	10500001	11000000	-0.0142698810161267
7	11000001	11500000	0.01904734250873
7	11500001	12000000	0.0404070463040183
7	12000001	12500000	-0.0270237315775291
7	12500001	13000000	-0.011858827468668
7	13000001	13500000	-0.0358799789404494
7	13500001	14000000	-0.000884209540664704
7	14000001	14500000	-0.0663155454345178
7	14500001	15000000	-0.0286170190112053
7	15000001	15500000	0.0678162153154956
7	15500001	16000000	0.00213485037088083
7	16000001	16500000	-0.0296761142682771
7	16500001	17000000	-0.00784903689711701
7	17000001	17500000	0.0484194694157715
7	17500001	18000000	0.00837960300850729
7	18000001	18500000	0.000105729190097616
7	18500001	19000000	-0.020695018074254
7	19000001	19500000	0.0244705788700303
7	19500001	20000000	-0.0357041397505349
7	20000001	20500000	0.0302338716176049
7	20500001	21000000	0.00913376488738676
7	21000001	21500000	0.00119359346847278
7	21500001	22000000	0.0104320442540383
7	22000001	22500000	-0.00956126597477101
7	22500001	23000000	-0.0266792345473005
7	23000001	23500000	0.0331380364965157
7	23500001	24000000	0.0255180896759398
7	24000001	24500000	-0.0156220629750919
7	24500001	25000000	-0.0489842765479478
7	25000001	25500000	0.00052190514909264
7	25500001	26000000	0.00639980650857877
7	26000001	26500000	0.00767157801778246
7	26500001	27000000	-0.00942375491692127
7	27000001	27500000	0.00137616812472155
7	27500001	28000000	0.0100807175732792
7	28000001	28500000	0.00498824277336947
7	28500001	29000000	0.0333328990762259
7	29000001	29500000	-0.0145899330161479
7	29500001	30000000	0.0275013899739423
7	30000001	30500000	-0.0590580740099436
7	30500001	31000000	-0.0189872324572088
7	31000001	31500000	-0.00189917522280927
7	31500001	32000000	-0.015026914341765
7	32000001	32500000	0.0145697565915625
7	32500001	33000000	0.0168931657438014
7	33000001	33500000	-0.0872452279016773
7	33500001	34000000	0.046130095542394
7	34000001	34500000	0.00973461588689302
7	34500001	35000000	0.0536432155874325
7	35000001	35500000	0.0370300505541552
7	35500001	36000000	0.0220702104419534
7	36000001	36500000	-0.0374180608487713
7	36500001	37000000	0.0511633915219354
7	37000001	37500000	-0.00424852183401788
7	37500001	38000000	-0.00836035789454465
7	38000001	38500000	-0.157405678581591
7	38500001	39000000	0.065194885890887
7	39000001	39500000	-0.0295574810854063
7	39500001	40000000	-0.045398275148186
7	40000001	40500000	0.00280669612421634
7	40500001	41000000	-0.00480534793257151
7	41000001	41500000	-0.081853016338345
7	41500001	42000000	0.00786577460403539
7	42000001	42500000	0.0543299664436166
7	42500001	43000000	0.03755162385359
7	43000001	43500000	-0.0274693396729076
7	43500001	44000000	-0.0112963679506549
7	44000001	44500000	0.0822842646786587
7	44500001	45000000	-0.0222790978227308
7	45000001	45500000	0.0275345709601428
7	45500001	46000000	0.109348322638248
7	46000001	46500000	-0.0125434128143071
7	46500001	47000000	-0.0356906434394922
7	47000001	47500000	-0.0116797179529337
7	47500001	48000000	0.0181449175784221
7	48000001	48500000	-0.0449663430278142
7	48500001	49000000	0.00965572395252804
7	49000001	49500000	-0.019805646317129
7	49500001	50000000	0.0155877223577433
7	50000001	50500000	NA
7	50500001	51000000	0.0195341501708937
7	51000001	51500000	0.0547577089916946
7	51500001	52000000	-0.0421328687357626
7	52000001	52500000	0.0120157653119543
7	52500001	53000000	-0.0038120820475177
7	53000001	53500000	0.0107696833995944
7	53500001	54000000	0.00247607181644101
7	54000001	54500000	-0.0983821294672704
7	54500001	55000000	0.0800082646904675
7	55000001	55500000	-0.071726441585497
7	55500001	56000000	0.0048758446164376
7	56000001	56500000	0.0235736336148417
7	56500001	57000000	0.142848995064809
7	57000001	57500000	-0.117074639296046
7	62000001	62500000	0.157813340273997
7	63500001	64000000	0.000448059416941695
7	64000001	64500000	-0.0037690250286611
7	64500001	65000000	-0.00831639130953808
7	65500001	66000000	-0.0110595255121233
7	66000001	66500000	0.0163043447860103
7	66500001	67000000	-0.0252867843326548
7	67000001	67500000	0.00819069180757152
7	67500001	68000000	-0.0388508817584096
7	68000001	68500000	-0.00446618061535463
7	68500001	69000000	-0.0796635820894894
7	69000001	69500000	0.0226256675365656
7	69500001	70000000	0.0243606701780221
7	70000001	70500000	-0.0831467455214779
7	70500001	71000000	0.0171945383857957
7	71000001	71500000	-0.020078739714759
7	71500001	72000000	-0.0516203847980315
7	73000001	73500000	0.0557713692227682
7	73500001	74000000	-0.0625150625435872
7	75000001	75500000	-0.104334335223316
7	75500001	76000000	-0.0362918992835823
7	77000001	77500000	-0.00271930765727657
7	77500001	78000000	-0.0161026536755867
7	78000001	78500000	-0.0243223999231946
7	78500001	79000000	0.0205114508050808
7	79000001	79500000	0.010814483070907
7	79500001	80000000	0.041564713336576
7	80000001	80500000	-0.0436161381113193
7	80500001	81000000	-0.00590824846363375
7	81000001	81500000	-0.00371597316134079
7	81500001	82000000	0.00190178285614931
7	82000001	82500000	0.0203596335518653
7	82500001	83000000	-0.0304970020192084
7	83000001	83500000	-0.000619794547827429
7	83500001	84000000	0.0341885432791423
7	84000001	84500000	-0.0378399705473798
7	84500001	85000000	0.0166763285115372
7	85000001	85500000	-0.0579355749093268
7	85500001	86000000	0.00647804407773547
7	86000001	86500000	0.0346349266041901
7	86500001	87000000	0.0091470429062603
7	87000001	87500000	-0.0300091516135335
7	87500001	88000000	-0.0110627434767913
7	88000001	88500000	0.0561856685896314
7	88500001	89000000	0.0249516369673092
7	89000001	89500000	0.050511801620422
7	89500001	90000000	-0.0143002893502275
7	90000001	90500000	-0.00819665773241188
7	90500001	91000000	-0.0226626986538969
7	91000001	91500000	0.0561703980557378
7	91500001	92000000	0.0857752634877037
7	92000001	92500000	-0.0792581145578404
7	92500001	93000000	0.00829727615584151
7	93000001	93500000	0.0104341999251515
7	93500001	94000000	-0.0216854819514178
7	94000001	94500000	-0.00562037697664108
7	94500001	95000000	0.0153313854604548
7	95000001	95500000	-0.0300293201144826
7	95500001	96000000	0.0886454822727883
7	96000001	96500000	-0.0606438744164375
7	96500001	97000000	-0.0084980842288952
7	97000001	97500000	0.0165278427410968
7	97500001	98000000	0.0592593178393915
7	98000001	98500000	-0.0611713656258216
7	98500001	99000000	-0.0137908542928384
7	99000001	99500000	0.0418319965106526
7	99500001	100000000	-0.0583950269278633
7	100000001	100500000	-0.0524660653114696
7	100500001	101000000	NA
7	101000001	101500000	-0.153802021759229
7	101500001	102000000	-0.0494406788865483
7	102500001	103000000	0.0939784971054799
7	103000001	103500000	-0.0467960134904192
7	103500001	104000000	3.84072722829851e-05
7	104000001	104500000	-0.0582302380577299
7	104500001	105000000	-0.0184313265489252
7	105000001	105500000	-0.0570239295882613
7	105500001	106000000	0.032457492798986
7	106000001	106500000	0.0834274102775589
7	106500001	107000000	-0.0601139091069942
7	107000001	107500000	-0.0371212774448682
7	107500001	108000000	0.0979852256367469
7	108000001	108500000	0.0310699050838516
7	108500001	109000000	-0.0451387365544188
7	109000001	109500000	-0.00234005407902918
7	109500001	110000000	-0.0713049052874317
7	110000001	110500000	-0.0234155427422969
7	110500001	111000000	0.0258727988741174
7	111000001	111500000	-0.0277696029659441
7	111500001	112000000	0.0279917208911295
7	112000001	112500000	0.0263080537165989
7	112500001	113000000	-0.0135805956921441
7	113000001	113500000	-0.053067897123498
7	113500001	114000000	0.0350618018226625
7	114000001	114500000	-0.00349583263158519
7	114500001	115000000	0.0166364979391644
7	115000001	115500000	-0.027262668063948
7	115500001	116000000	0.0248472198876622
7	116000001	116500000	-0.00339828437040889
7	116500001	117000000	0.0307710493363033
7	117000001	117500000	-0.025435716397408
7	117500001	118000000	0.0401618789364539
7	118000001	118500000	-0.012459112163906
7	118500001	119000000	0.00106760224433259
7	119000001	119500000	0.0160400283650349
7	119500001	120000000	-0.0162993269810807
7	120000001	120500000	0.0654316346297794
7	120500001	121000000	0.0152274330694505
7	121000001	121500000	-0.00600993425657556
7	121500001	122000000	0.0286654904630677
7	122000001	122500000	-0.0289469969032929
7	122500001	123000000	0.0273845175035516
7	123000001	123500000	-0.0627912040794676
7	123500001	124000000	0.0251897804430935
7	124000001	124500000	0.0267665428279033
7	124500001	125000000	0.0306543156941953
7	125000001	125500000	-0.0456827337208486
7	125500001	126000000	0.0210956429972199
7	126000001	126500000	-0.0575812120850194
7	126500001	127000000	0.0470976688663582
7	127000001	127500000	-0.0165986940597794
7	127500001	128000000	-0.00453185776274957
7	128000001	128500000	0.00268738548690543
7	128500001	129000000	-0.0204669937314309
7	129000001	129500000	0.0393369198503277
7	129500001	130000000	-0.005054846795094
7	130000001	130500000	NA
7	130500001	131000000	0.0422773907136541
7	131000001	131500000	0.0269835053259323
7	131500001	132000000	-0.0188268550214872
7	132000001	132500000	-0.0352386290508269
7	132500001	133000000	0.0186593935983426
7	133000001	133500000	0.0359326442730632
7	133500001	134000000	-0.0298037780102173
7	134000001	134500000	-0.0398247033971514
7	134500001	135000000	0.0341811553849194
7	135000001	135500000	0.0194505799269658
7	135500001	136000000	-0.00855984270951142
7	136000001	136500000	-0.0310350018585924
7	136500001	137000000	0.0149150485532349
7	137000001	137500000	0.0304116935251581
7	137500001	138000000	-0.0170713929581563
7	138000001	138500000	0.0361263474440771
7	138500001	139000000	0.0409561507832683
7	139000001	139500000	NA
7	139500001	140000000	-0.00686340448434245
7	140000001	140500000	-0.0786714743630739
7	140500001	141000000	0.0448761100152122
7	141000001	141500000	0.00850086175750682
7	141500001	142000000	0.00279873969622458
7	142000001	142500000	NA
7	142500001	143000000	-0.0394729134394573
7	143500001	144000000	-0.117079195067332
7	144000001	144500000	0.0474907564410712
7	144500001	145000000	0.0091226396763595
7	145000001	145500000	-0.0474270359250264
7	145500001	146000000	-0.0506541748582779
7	146000001	146500000	-0.0537425472601424
7	146500001	147000000	0.0217796198869331
7	147000001	147500000	0.0574256088732873
7	147500001	148000000	-0.00279809897115137
7	148000001	148500000	-0.0168758410024979
7	148500001	149000000	0.0421990260941058
7	149000001	149500000	0.0177150224954459
7	150000001	150500000	0.0113268571615527
7	150500001	151000000	0.0491980974496201
7	151000001	151500000	0.013905645062764
7	151500001	152000000	0.098933759563427
7	152000001	152500000	0.209690873740659
7	152500001	153000000	-0.0377202480706864
7	153000001	153500000	-0.00635406683435668
7	153500001	154000000	0.0155462637608664
7	154000001	154500000	NA
7	154500001	155000000	0.0185140890046799
7	155000001	155500000	-0.0406567467685366
7	155500001	156000000	0.0382323630353453
7	156000001	156500000	-0.0444912491642647
7	156500001	157000000	0.0537492537852486
7	157000001	157500000	0.0342912798575791
7	157500001	158000000	-0.0018492946771972
7	158000001	158500000	0.122318365535831
7	158500001	159000000	0.0053871822329241
7	159000001	159500000	NA
8	500001	1000000	-0.0261971528456325
8	1000001	1500000	-0.0414968028583352
8	1500001	2000000	-0.0758611488174144
8	2000001	2500000	0.17438969759914
8	2500001	3000000	0.0273936539025645
8	3000001	3500000	0.0464668829975245
8	3500001	4000000	-0.104929324140791
8	4000001	4500000	-0.0226511521082957
8	4500001	5000000	-0.0364782604571129
8	5000001	5500000	0.040257873196833
8	5500001	6000000	-0.0586862825775655
8	6000001	6500000	0.0517610955740999
8	6500001	7000000	-0.0504980045736487
8	8000001	8500000	-0.0500475427427084
8	8500001	9000000	-0.0531830701201568
8	9000001	9500000	-0.0525933755916265
8	9500001	10000000	0.0212712232121773
8	10000001	10500000	-0.0169126130773557
8	10500001	11000000	0.0384785589455238
8	11000001	11500000	-0.0341817425153864
8	11500001	12000000	-0.162462861678907
8	12500001	13000000	0.0299813794626573
8	13000001	13500000	0.0221522036543844
8	13500001	14000000	-0.0136135906047847
8	14000001	14500000	0.0214367777216556
8	14500001	15000000	0.00602550502885313
8	15000001	15500000	0.0146977166034781
8	15500001	16000000	-0.0130052831989862
8	16000001	16500000	-0.0417576767366014
8	16500001	17000000	-0.0275709394224455
8	17000001	17500000	-0.0302134960593017
8	17500001	18000000	-0.015902786612916
8	18000001	18500000	0.0299664902465483
8	18500001	19000000	0.0183678235696392
8	19000001	19500000	-0.0614602404018025
8	19500001	20000000	0.00801121306160771
8	20000001	20500000	0.056522642496002
8	20500001	21000000	-0.0324249344418582
8	21000001	21500000	-0.0411561643232966
8	21500001	22000000	-0.0582017946250248
8	22000001	22500000	0.016619914894767
8	22500001	23000000	-0.00880678658092946
8	23000001	23500000	0.035877317290428
8	23500001	24000000	0.0429154028908053
8	24000001	24500000	-0.0345019705177215
8	24500001	25000000	0.00396275521409338
8	25000001	25500000	-0.0542035729039958
8	25500001	26000000	-0.000660865852274757
8	26000001	26500000	-0.0180065326470745
8	26500001	27000000	-0.043008673014024
8	27000001	27500000	0.0658160239317973
8	27500001	28000000	-0.0012323426318129
8	28000001	28500000	-0.00663851960703205
8	28500001	29000000	0.0180335255311185
8	29000001	29500000	-0.0448486633374602
8	29500001	30000000	0.0280206077359769
8	30000001	30500000	-0.00321278329442519
8	30500001	31000000	-0.0531632394049365
8	31000001	31500000	0.0235631220178832
8	31500001	32000000	-0.012694365989839
8	32000001	32500000	-0.0200164510424196
8	32500001	33000000	-0.0313880952489066
8	33000001	33500000	-0.0501496279085236
8	33500001	34000000	0.0192221851598411
8	34000001	34500000	0.0276764248948485
8	34500001	35000000	0.0136196591621769
8	35000001	35500000	-0.0761355870812831
8	35500001	36000000	0.0503354900023033
8	36000001	36500000	-0.00303098177156811
8	36500001	37000000	-0.0109835714750072
8	37000001	37500000	-0.0230739550022285
8	37500001	38000000	-0.0540791241199588
8	38000001	38500000	-0.0316628351136526
8	38500001	39000000	0.00175719336362358
8	39000001	39500000	-0.176848534249185
8	39500001	40000000	-0.0145631192150146
8	40000001	40500000	-0.0430500970729645
8	40500001	41000000	-0.0496196600270494
8	41000001	41500000	0.0688783611414395
8	41500001	42000000	0.0204921921016295
8	42000001	42500000	-0.0995451569395922
8	42500001	43000000	0.0469784352292584
8	43000001	43500000	1.28786329874424
8	47000001	47500000	0.0341037819570654
8	47500001	48000000	0.0137769969356505
8	48000001	48500000	NA
8	48500001	49000000	-0.0178473510645342
8	49000001	49500000	0.06032666855175
8	49500001	50000000	-0.0200597305870543
8	50000001	50500000	0.0328596900329725
8	50500001	51000000	-0.0406996205295053
8	51000001	51500000	0.0216787991019515
8	51500001	52000000	-0.0349220722046991
8	52000001	52500000	0.0329557659520143
8	52500001	53000000	0.0569203323442289
8	53000001	53500000	-0.00749474117603523
8	53500001	54000000	0.0323730246678118
8	54000001	54500000	0.0309479361445672
8	54500001	55000000	-0.0209841716734161
8	55000001	55500000	0.0149283471509062
8	55500001	56000000	-0.0010808457015021
8	56000001	56500000	-0.00879836064246687
8	56500001	57000000	-0.0563179870279985
8	57000001	57500000	0.0851022145963703
8	57500001	58000000	0.0575977863751416
8	58000001	58500000	-0.0232085515876377
8	58500001	59000000	-0.0371949644480397
8	59000001	59500000	0.0474086222812045
8	59500001	60000000	-0.0214547490539821
8	60000001	60500000	0.00787390835308262
8	60500001	61000000	0.0975329515777096
8	61000001	61500000	-0.0681648393140237
8	61500001	62000000	-0.00754672233889301
8	62000001	62500000	-0.00259786868687978
8	62500001	63000000	0.0204705448834082
8	63000001	63500000	0.0396866412403993
8	63500001	64000000	-0.0771777358014945
8	64000001	64500000	0.0160999339237657
8	64500001	65000000	-0.0111398128280912
8	65000001	65500000	-0.0200243413806415
8	65500001	66000000	-0.0275861758564554
8	66000001	66500000	-0.030416331155409
8	66500001	67000000	0.0222791225783554
8	67000001	67500000	-0.0381731425217826
8	67500001	68000000	-0.0047898086418759
8	68000001	68500000	-0.0261543737357834
8	68500001	69000000	0.0187847417738373
8	69000001	69500000	0.024977285899314
8	69500001	70000000	0.0399554825104016
8	70000001	70500000	-0.0710849297419927
8	70500001	71000000	-0.0501858877568123
8	71000001	71500000	0.0649959979327164
8	71500001	72000000	0.0132563630851657
8	72000001	72500000	0.0152494328300774
8	72500001	73000000	-0.0191229704530007
8	73000001	73500000	-0.0413789960849398
8	73500001	74000000	-0.0636665089924647
8	74000001	74500000	0.0669412540076895
8	74500001	75000000	-0.0345159821157184
8	75000001	75500000	-0.0173009362816155
8	75500001	76000000	-0.0319028967336127
8	76000001	76500000	0.0164512144289764
8	76500001	77000000	0.0364285326652895
8	77000001	77500000	0.00862420429362434
8	77500001	78000000	-0.015850581220461
8	78000001	78500000	0.0237687384089489
8	78500001	79000000	0.00835305910692877
8	79000001	79500000	-0.0179233504904444
8	79500001	80000000	0.0422620154901518
8	80000001	80500000	-0.0224290361199615
8	80500001	81000000	0.0500453434047739
8	81000001	81500000	-0.0770011366171325
8	81500001	82000000	0.0467655175956399
8	82000001	82500000	-0.00313595453677429
8	82500001	83000000	0.0105178859927657
8	83000001	83500000	-0.0252725176564758
8	83500001	84000000	-0.036964620455434
8	84000001	84500000	0.0230651900218943
8	84500001	85000000	-0.0199938081081898
8	85000001	85500000	0.013597810935517
8	85500001	86000000	0.022626068379633
8	86000001	86500000	-0.0157941226454252
8	87000001	87500000	0.00640132892853831
8	87500001	88000000	0.0455586187779961
8	88000001	88500000	-0.0390257753067932
8	88500001	89000000	0.0336781570313032
8	89000001	89500000	-0.0287943353436244
8	89500001	90000000	0.00247067084947975
8	90000001	90500000	0.00191495946284555
8	90500001	91000000	0.0173526590692269
8	91000001	91500000	-0.0108670389680548
8	91500001	92000000	0.0555159057522225
8	92000001	92500000	-0.0177016896411732
8	92500001	93000000	0.000481528590037735
8	93000001	93500000	-0.0234478739388533
8	93500001	94000000	-0.0316998942694913
8	94000001	94500000	-0.00746813867326916
8	94500001	95000000	0.0400195635282428
8	95000001	95500000	-0.0233596100877593
8	95500001	96000000	0.016843522400831
8	96000001	96500000	0.0248695792086485
8	96500001	97000000	0.0466387529525274
8	97000001	97500000	-0.0299472341349851
8	97500001	98000000	-0.0491921758882312
8	98000001	98500000	0.00475460030374121
8	98500001	99000000	-0.0621543327549703
8	99000001	99500000	-0.00642091767282889
8	99500001	100000000	-0.0155051182639207
8	100000001	100500000	0.00907808481922398
8	100500001	101000000	-0.0347238410068676
8	101000001	101500000	-0.0453872350221375
8	101500001	102000000	0.0275310607762235
8	102000001	102500000	0.01703545055399
8	102500001	103000000	0.00775094317577519
8	103000001	103500000	0.0306283111465802
8	103500001	104000000	0.0159990694049394
8	104000001	104500000	0.0151275217736395
8	104500001	105000000	-0.00295843451844057
8	105000001	105500000	0.00129448878771814
8	105500001	106000000	0.00618485766130983
8	106000001	106500000	0.016391289051827
8	106500001	107000000	-0.0082409571668894
8	107000001	107500000	-0.0737881497857451
8	107500001	108000000	0.016731827449151
8	108000001	108500000	0.00952903693207804
8	108500001	109000000	0.0107412838149041
8	109000001	109500000	0.029562334175599
8	109500001	110000000	-0.0368908511533065
8	110000001	110500000	0.0424632835682823
8	110500001	111000000	-0.0238502405078981
8	111000001	111500000	-0.0462307292288294
8	111500001	112000000	0.0378794803926024
8	112000001	112500000	-0.0171318683979572
8	112500001	113000000	0.0151871205587433
8	113000001	113500000	-0.00208567264631376
8	113500001	114000000	NA
8	114000001	114500000	0.0323150349138771
8	114500001	115000000	0.0083207918327848
8	115000001	115500000	0.00471944697537117
8	115500001	116000000	0.00504133469774092
8	116000001	116500000	-0.00866134423848598
8	116500001	117000000	0.00669980189528738
8	117000001	117500000	-0.0822543486668112
8	117500001	118000000	0.0348709489743661
8	118000001	118500000	0.000184822069844436
8	118500001	119000000	0.0333314245418334
8	119000001	119500000	0.0234412347780922
8	119500001	120000000	0.0616207544100182
8	120000001	120500000	-0.0637818619240929
8	120500001	121000000	-5.73319230965128e-05
8	121000001	121500000	0.0237770695953974
8	121500001	122000000	-0.0572793642968197
8	122000001	122500000	-0.0531424371024783
8	122500001	123000000	-0.00583175032722543
8	123000001	123500000	0.0175148666475432
8	123500001	124000000	0.0345751354047346
8	124000001	124500000	0.0257414461988682
8	124500001	125000000	0.0043431252063946
8	125000001	125500000	-0.0801584456489104
8	125500001	126000000	0.0369395766644842
8	126000001	126500000	0.0253844788481733
8	126500001	127000000	-0.0162668813927292
8	127000001	127500000	0.00819179900133508
8	127500001	128000000	-0.0102025969899326
8	128000001	128500000	-0.0128082068500684
8	128500001	129000000	-0.0532106659017986
8	129000001	129500000	0.0295681884376381
8	129500001	130000000	-0.0354286994195237
8	130000001	130500000	-0.0169687783921215
8	130500001	131000000	0.067391502965957
8	131000001	131500000	-0.0260190978747335
8	131500001	132000000	-0.0272792595867579
8	132000001	132500000	-0.00548308575095872
8	132500001	133000000	0.0738835798283926
8	133000001	133500000	0.00306726389866158
8	133500001	134000000	-0.0299800927888765
8	134000001	134500000	-0.012674708614185
8	134500001	135000000	0.0379039921014361
8	135000001	135500000	-0.0190824143926624
8	135500001	136000000	-0.00472687568137011
8	136000001	136500000	-0.0162635721635303
8	136500001	137000000	0.0400957407348297
8	137000001	137500000	-0.0111005337017278
8	137500001	138000000	-0.0475331306571045
8	138000001	138500000	0.00835199674949303
8	138500001	139000000	0.0289898103209142
8	139000001	139500000	-0.0411859096094635
8	139500001	140000000	-0.0192505150392221
8	140000001	140500000	-0.0311445299368552
8	140500001	141000000	0.0037816044577643
8	141000001	141500000	-0.0056947693037487
8	141500001	142000000	0.0407144123226451
8	142000001	142500000	0.035152947420457
8	142500001	143000000	NA
8	143000001	143500000	-0.0158121810064219
8	143500001	144000000	0.0465734433937778
8	144000001	144500000	0.00182635534781133
8	144500001	145000000	0.0374861868828365
8	145500001	146000000	-0.0121793755820014
8	146000001	146500000	NA
9	500001	1000000	-0.00431736006803794
9	1000001	1500000	-0.0342955764514061
9	1500001	2000000	0.067023106417815
9	2000001	2500000	-0.0299075311205005
9	2500001	3000000	-0.00831566819943166
9	3000001	3500000	0.037346440969692
9	3500001	4000000	-0.0323828271138168
9	4000001	4500000	-0.00511583691168591
9	4500001	5000000	0.0211833206940051
9	5000001	5500000	0.000562795161984292
9	5500001	6000000	0.0547027131604017
9	6000001	6500000	0.0559881121863843
9	6500001	7000000	-0.0390415936271617
9	7000001	7500000	0.00107613853437881
9	7500001	8000000	0.0209041698112986
9	8000001	8500000	-0.0198482731269936
9	8500001	9000000	-0.0175145313628992
9	9000001	9500000	0.029474024898245
9	9500001	10000000	-0.00173770962281509
9	10000001	10500000	0.00484236708291913
9	10500001	11000000	0.0154850800819625
9	11000001	11500000	0.0162504443355889
9	11500001	12000000	0.0144012997435123
9	12000001	12500000	-0.0592815672014186
9	12500001	13000000	0.00850294422642584
9	13000001	13500000	0.0208954909540006
9	13500001	14000000	0.0129007709829819
9	14000001	14500000	0.0468125782030918
9	14500001	15000000	-0.0082699234933701
9	15000001	15500000	-0.029832028910117
9	15500001	16000000	0.0185500905434781
9	16000001	16500000	-0.0125630421030763
9	16500001	17000000	-0.024391380684187
9	17000001	17500000	0.0277409291113939
9	17500001	18000000	0.0235795715942035
9	18000001	18500000	-0.0183761657171882
9	18500001	19000000	-0.00190792933379395
9	19000001	19500000	0.038210739232877
9	19500001	20000000	0.0023896674720874
9	20000001	20500000	-0.0385469610971716
9	20500001	21000000	0.0950047411044163
9	21000001	21500000	0.0144350236631185
9	21500001	22000000	-0.0216672946359543
9	22000001	22500000	-0.0997216050138825
9	22500001	23000000	0.0127269499951893
9	23000001	23500000	-0.0778979627682153
9	23500001	24000000	-0.035440625726087
9	24000001	24500000	0.0465647342193854
9	24500001	25000000	-0.00333333404130749
9	25000001	25500000	0.00591408677284282
9	25500001	26000000	0.0040853165310928
9	26000001	26500000	0.0289269703917461
9	26500001	27000000	0.00518807017537886
9	27000001	27500000	-0.0438194054584093
9	27500001	28000000	0.0340388120090516
9	28000001	28500000	-0.0128341150844821
9	28500001	29000000	0.00658609601477605
9	29000001	29500000	0.00527044911274357
9	29500001	30000000	-0.0422295937115424
9	30000001	30500000	-0.0223535007033372
9	30500001	31000000	0.0518299247185828
9	31000001	31500000	-0.02533784718065
9	31500001	32000000	0.0503177948408465
9	32000001	32500000	-0.0445367736864514
9	32500001	33000000	0.0239214623670425
9	33000001	33500000	0.0248091171882946
9	33500001	34000000	0.0563674333633854
9	34000001	34500000	-0.0183919516999367
9	34500001	35000000	0.0210717645741247
9	35000001	35500000	0.026212210969844
9	35500001	36000000	0.0124469735061081
9	36000001	36500000	0.0187342469989603
9	36500001	37000000	-0.0269401825846308
9	37000001	37500000	-0.00358727054955417
9	37500001	38000000	-0.00954221670620527
9	38000001	38500000	-0.0193765339198579
9	71000001	71500000	-0.0225745023487394
9	71500001	72000000	0.00650333008582043
9	72000001	72500000	0.0250201037115081
9	72500001	73000000	0.075483931564421
9	73000001	73500000	-0.0876036153626591
9	73500001	74000000	0.0318644896710952
9	74000001	74500000	0.0255153309194839
9	74500001	75000000	-0.0438607965436578
9	75000001	75500000	-0.0299017466826358
9	75500001	76000000	-0.0248161886913501
9	76000001	76500000	-8.55556413134746e-05
9	76500001	77000000	0.054930275056108
9	77000001	77500000	0.00219507411657915
9	77500001	78000000	0.00823906014200699
9	78000001	78500000	-0.00870545596498926
9	78500001	79000000	0.0202587809539355
9	79000001	79500000	-0.000801576233332739
9	79500001	80000000	-0.0373369831602915
9	80000001	80500000	0.0246981500818739
9	80500001	81000000	0.0188889266347918
9	81000001	81500000	-0.00868557493684275
9	81500001	82000000	-0.0241403026620903
9	82000001	82500000	0.0707679782849577
9	82500001	83000000	-0.0767338250306911
9	83000001	83500000	-0.0352390852616532
9	83500001	84000000	0.0861532867780383
9	84000001	84500000	-0.0100709883855238
9	84500001	85000000	-0.0387070044040702
9	85000001	85500000	0.0384920675963208
9	85500001	86000000	0.0131219497857176
9	86000001	86500000	-0.0115696155243875
9	86500001	87000000	0.0200240830497377
9	87000001	87500000	-0.0388003391126915
9	87500001	88000000	0.015029584813752
9	88000001	88500000	0.0514662937773965
9	88500001	89000000	-0.0194637829562572
9	89000001	89500000	-0.0321029973925247
9	89500001	90000000	-0.0243622181654435
9	90000001	90500000	0.0260719545185379
9	90500001	91000000	-0.0254132117077751
9	91000001	91500000	-0.0205073189710852
9	91500001	92000000	0.0127864542645896
9	92000001	92500000	NA
9	93000001	93500000	-0.03958853097864
9	93500001	94000000	-0.0104949262100023
9	94000001	94500000	0.0689308607434237
9	94500001	95000000	0.0624695749294903
9	95000001	95500000	0.0541792282011486
9	95500001	96000000	0.0377734155794804
9	96000001	96500000	0.0193719713328037
9	96500001	97000000	-0.018391475133956
9	97000001	97500000	-0.0236564016436727
9	97500001	98000000	0.0330382757023423
9	98000001	98500000	-0.00880479760271047
9	98500001	99000000	-0.0235417831442723
9	99000001	99500000	0.0348918646621706
9	99500001	100000000	0.00938798062535947
9	100000001	100500000	-0.0215371848813871
9	100500001	101000000	-0.00125815903823693
9	101000001	101500000	0.0376659252614942
9	101500001	102000000	0.0563022341204308
9	102000001	102500000	0.0110367339120074
9	102500001	103000000	-0.042257217307571
9	103000001	103500000	0.0119005110848659
9	103500001	104000000	-0.0215038310899997
9	104000001	104500000	0.0277912694897504
9	104500001	105000000	-0.00895167919159286
9	105000001	105500000	-0.0328653784579922
9	105500001	106000000	-0.00783436409311938
9	106000001	106500000	-0.000833358408074311
9	106500001	107000000	-0.0025649283834921
9	107000001	107500000	0.0200652750541285
9	107500001	108000000	-0.00166005610004917
9	108000001	108500000	0.0178900333125638
9	108500001	109000000	-0.0101443860148131
9	109000001	109500000	-0.0170920676677998
9	109500001	110000000	0.065142635653452
9	110000001	110500000	-0.00499293563053898
9	110500001	111000000	-0.0313373532798121
9	111000001	111500000	-0.0434976544327428
9	111500001	112000000	-0.00210430307707712
9	112000001	112500000	0.0546533314435594
9	112500001	113000000	-0.0319927167422766
9	113000001	113500000	-0.0350659303735638
9	113500001	114000000	-0.0859161301082801
9	114000001	114500000	0.0537258982703507
9	114500001	115000000	0.0279148956743333
9	115000001	115500000	0.0369029762867587
9	115500001	116000000	-0.0822886715759423
9	116000001	116500000	0.0338476515519334
9	116500001	117000000	-0.0414287958382499
9	117000001	117500000	0.053695645813891
9	117500001	118000000	0.00277927540250499
9	118000001	118500000	0.0130369351332791
9	118500001	119000000	0.0207009501793003
9	119000001	119500000	0.0637034384865837
9	119500001	120000000	-0.0704270202239259
9	120000001	120500000	-0.0134011161843967
9	120500001	121000000	0.0189547299381702
9	121000001	121500000	0.00989460624724185
9	121500001	122000000	0.00570435818927632
9	122000001	122500000	-0.0483738490823763
9	122500001	123000000	0.0160800264799356
9	123000001	123500000	-0.0410918030758787
9	123500001	124000000	0.0861401084100235
9	124000001	124500000	0.0282627223165351
9	124500001	125000000	-0.0287788659417307
9	125000001	125500000	0.00386177678254235
9	125500001	126000000	-0.00156971588710872
9	126000001	126500000	0.0504342872144988
9	126500001	127000000	-0.105311273190633
9	127000001	127500000	0.0593294111497309
9	127500001	128000000	-0.000432977433645162
9	128000001	128500000	0.0557615849445877
9	128500001	129000000	0.0150759305293147
9	129000001	129500000	0.00171734667118923
9	129500001	130000000	-0.0501880802015516
9	130000001	130500000	0.00180321608146496
9	130500001	131000000	0.00465771279334229
9	131000001	131500000	0.00760526251861598
9	131500001	132000000	-0.0313085706683993
9	132000001	132500000	0.031559718079123
9	132500001	133000000	0.000971924572741096
9	133500001	134000000	0.0328103796234148
9	134000001	134500000	-0.0132817927022037
9	134500001	135000000	0.0231953425997621
9	135000001	135500000	-0.0234428022167649
9	135500001	136000000	-0.0293536341380141
9	136000001	136500000	-0.0814709148486136
9	136500001	137000000	-0.00914083196999689
9	137000001	137500000	NA
9	137500001	138000000	0.00343210553144225
9	138000001	138500000	0.0407810515786732
9	138500001	139000000	0.0287951384455318
9	139000001	139500000	NA
9	139500001	140000000	0.0241902949804563
9	140000001	140500000	-0.0261880744353215
9	140500001	141000000	0.0421694848419263
10	1	500000	NA
10	500001	1000000	-0.00755028965423629
10	1000001	1500000	0.00609390190284121
10	1500001	2000000	-0.024484401153649
10	2000001	2500000	0.00871654893214554
10	2500001	3000000	-0.0195237379237412
10	3000001	3500000	-0.00909091469047433
10	3500001	4000000	-0.0182922083397494
10	4000001	4500000	-0.0172545753133231
10	4500001	5000000	0.0216351461127969
10	5000001	5500000	-0.0772773747860465
10	5500001	6000000	0.0525964762881293
10	6000001	6500000	-0.0654087546060124
10	6500001	7000000	0.0104737857202723
10	7000001	7500000	0.0311102963662613
10	7500001	8000000	-0.0290727096827198
10	8000001	8500000	0.0024095584709633
10	8500001	9000000	-0.00776035919339888
10	9000001	9500000	-0.0121747119472784
10	9500001	10000000	0.0380055190492907
10	10000001	10500000	0.0230716304694575
10	10500001	11000000	-0.00517359449568059
10	11000001	11500000	-0.0176672120580502
10	11500001	12000000	-0.0723719165644912
10	12000001	12500000	-0.0271566768905023
10	12500001	13000000	-0.0288984825736359
10	13000001	13500000	-0.0596529298548074
10	13500001	14000000	0.0131065086086662
10	14000001	14500000	-0.010132597308787
10	14500001	15000000	-0.0400693983769957
10	15000001	15500000	0.0703694203946306
10	15500001	16000000	-0.00700811014452338
10	16000001	16500000	-0.00948792936953208
10	16500001	17000000	-0.0197696475075594
10	17000001	17500000	-0.00855158812327299
10	18500001	19000000	0.0212772619412225
10	19000001	19500000	-0.0015130569492299
10	19500001	20000000	-0.0350510852617662
10	20000001	20500000	0.0107315974465136
10	20500001	21000000	0.0115218893902411
10	21000001	21500000	0.0157836873526119
10	21500001	22000000	-0.0757504236031224
10	22000001	22500000	-0.0128789200076534
10	22500001	23000000	-0.0195879650455146
10	23000001	23500000	0.0286289132614133
10	23500001	24000000	-0.0222088021056717
10	24000001	24500000	-0.00779326672593857
10	24500001	25000000	-0.0170269496350165
10	25000001	25500000	0.00483847389615133
10	25500001	26000000	-0.0549974144052888
10	26000001	26500000	0.040503194133901
10	26500001	27000000	0.0501591369799316
10	27000001	27500000	0.0279576773149515
10	27500001	28000000	-0.0500184281165647
10	28000001	28500000	-0.0363767960991751
10	28500001	29000000	0.0291431885410056
10	29000001	29500000	-0.0350114680330732
10	29500001	30000000	0.0430491928634245
10	30000001	30500000	-0.0287038381044741
10	30500001	31000000	0.0126721629599151
10	31000001	31500000	-0.0368228692703635
10	31500001	32000000	0.0116833842273644
10	32000001	32500000	-0.00320535684033103
10	32500001	33000000	-0.0117188771762715
10	33000001	33500000	-0.00812542089798758
10	33500001	34000000	-0.0104912497132192
10	34000001	34500000	-0.0416719264726998
10	34500001	35000000	-0.0051439611605849
10	35000001	35500000	-0.00684005915569369
10	35500001	36000000	0.0179960896900968
10	36000001	36500000	-0.06105347490566
10	36500001	37000000	-0.0285078599923196
10	37000001	37500000	NA
10	37500001	38000000	0.0100961649707056
10	38000001	38500000	0.0185367285589022
10	43000001	43500000	0.0333756004639521
10	43500001	44000000	-0.0149554862090658
10	44000001	44500000	0.017582629421644
10	44500001	45000000	0.00855815898009772
10	45000001	45500000	-0.010763917226318
10	45500001	46000000	0.0169484898879085
10	49500001	50000000	0.0574426900422109
10	50000001	50500000	0.031827270060056
10	50500001	51000000	-0.0260184438771925
10	52000001	52500000	0.0183954801944757
10	52500001	53000000	-0.0200121731660318
10	53000001	53500000	-0.0383206065278008
10	53500001	54000000	-0.0135915542897075
10	54000001	54500000	0.0312668699837392
10	54500001	55000000	NA
10	55000001	55500000	0.0107307501785991
10	55500001	56000000	-0.00988962620543468
10	56000001	56500000	0.0331011869623095
10	56500001	57000000	-0.00894396704798676
10	57000001	57500000	0.014255754441848
10	57500001	58000000	-0.0121982949035322
10	58000001	58500000	0.0121672649711063
10	58500001	59000000	0.0188366115625358
10	59000001	59500000	-0.0745479776917201
10	59500001	60000000	0.00844618165808066
10	60000001	60500000	NA
10	60500001	61000000	-0.0243620110512407
10	61000001	61500000	NA
10	61500001	62000000	0.00631327281853085
10	62000001	62500000	0.0122580407173414
10	62500001	63000000	-0.035210479179366
10	63000001	63500000	-0.0714536278455964
10	63500001	64000000	0.0879650231494742
10	64000001	64500000	NA
10	64500001	65000000	0.0103648997468601
10	65000001	65500000	-0.0212088969800673
10	65500001	66000000	0.0151156721040239
10	66000001	66500000	-0.0124448990660151
10	66500001	67000000	0.006551261929991
10	67000001	67500000	0.0236754435292782
10	67500001	68000000	-0.00906599296861346
10	68000001	68500000	-0.0301427966540992
10	68500001	69000000	-0.0160739080497185
10	69000001	69500000	0.070890301841259
10	69500001	70000000	0.0046638901958548
10	70000001	70500000	0.00682064709473961
10	70500001	71000000	-0.0162835185880601
10	71000001	71500000	-0.0305066251570364
10	71500001	72000000	0.0173482542049816
10	72000001	72500000	-0.0220372414216801
10	72500001	73000000	-0.0439718001668737
10	73000001	73500000	0.0363988203467844
10	73500001	74000000	0.0139865371163531
10	74000001	74500000	-0.000719696124071357
10	74500001	75000000	-0.0176805202517729
10	75000001	75500000	0.0275669486418096
10	75500001	76000000	0.0411905802011803
10	76000001	76500000	-0.0332947413477894
10	76500001	77000000	0.0565858584138559
10	77000001	77500000	0.0379499475613797
10	77500001	78000000	0.0283364067459478
10	78000001	78500000	-0.0546650636732175
10	78500001	79000000	-0.0251418950586364
10	79000001	79500000	0.0385293924173962
10	79500001	80000000	-0.0295183052883823
10	80000001	80500000	0.0146964902981834
10	80500001	81000000	0.0168820051150749
10	81000001	81500000	-0.0182595999170269
10	81500001	82000000	0.0238200932678584
10	82000001	82500000	0.0399794723829683
10	82500001	83000000	0.0599270113752845
10	83000001	83500000	-0.0345475466268653
10	83500001	84000000	-0.0497098549023791
10	84000001	84500000	-0.0153717322004141
10	84500001	85000000	-0.0461796793255176
10	85000001	85500000	0.0616353250433017
10	85500001	86000000	0.00748700254844681
10	86000001	86500000	-0.0448792346479085
10	86500001	87000000	0.0337982606715664
10	87000001	87500000	-0.0866171990000553
10	87500001	88000000	-0.0210226440120814
10	88000001	88500000	0.045138512990676
10	88500001	89000000	0.0848911028186044
10	89500001	90000000	-0.0676927224136893
10	90000001	90500000	0.00069815749310047
10	90500001	91000000	-0.00728997563654086
10	91000001	91500000	0.0616967490166855
10	91500001	92000000	0.0104653571405487
10	92000001	92500000	-0.000638520869783338
10	92500001	93000000	0.0362427002061484
10	93000001	93500000	-0.01151782729164
10	93500001	94000000	-0.011629156719282
10	94000001	94500000	-0.020769753324353
10	94500001	95000000	-0.0410001711218471
10	95000001	95500000	-0.0152894236955202
10	95500001	96000000	0.0225429262658736
10	96000001	96500000	0.0121740541404441
10	96500001	97000000	-0.000375668628295445
10	97000001	97500000	-0.00808913505963996
10	97500001	98000000	0.0180794287801726
10	98000001	98500000	-0.0130050325097848
10	98500001	99000000	-0.00738753701777633
10	99000001	99500000	-0.0324853625156457
10	99500001	100000000	0.0720352838666422
10	100000001	100500000	0.0290785156621076
10	100500001	101000000	-0.068691272194546
10	101000001	101500000	0.00192984814579512
10	101500001	102000000	-0.0223585464619019
10	102000001	102500000	-0.015848491355092
10	102500001	103000000	-0.0395547418600212
10	103000001	103500000	0.053907435146036
10	103500001	104000000	0.0144075585158989
10	104000001	104500000	-0.0109490354608855
10	104500001	105000000	0.0241713177605574
10	105000001	105500000	0.0179977332485045
10	105500001	106000000	-0.0275077888960709
10	106000001	106500000	0.0266758548678275
10	106500001	107000000	-0.0246171867900837
10	107000001	107500000	-0.0496007803933696
10	107500001	108000000	0.0144900384711449
10	108000001	108500000	-0.0659973953721197
10	108500001	109000000	0.0191626102707519
10	109000001	109500000	0.0285704335117422
10	109500001	110000000	-0.0171178961990624
10	110000001	110500000	0.0752335858597142
10	110500001	111000000	0.00830673670820522
10	111000001	111500000	-0.0689033048242018
10	111500001	112000000	-0.0446958525611735
10	112000001	112500000	0.0584384734568022
10	112500001	113000000	-0.00405712795818917
10	113000001	113500000	0.0391569597021376
10	113500001	114000000	0.000771667434123809
10	114000001	114500000	-0.0306028504901453
10	114500001	115000000	-0.0542823801144886
10	115000001	115500000	-0.00698747334883178
10	115500001	116000000	0.0334287039097168
10	116000001	116500000	NA
10	116500001	117000000	0.0154843930728795
10	117000001	117500000	0.00706032654906981
10	117500001	118000000	0.0313238909563664
10	118000001	118500000	0.0173644939892888
10	118500001	119000000	-0.0411306279514676
10	119000001	119500000	-0.00244758086515042
10	119500001	120000000	0.0431340793788519
10	120000001	120500000	-0.00328791008238112
10	120500001	121000000	-0.0537138756677678
10	121000001	121500000	0.0317446007060703
10	121500001	122000000	0.000181372115195534
10	122000001	122500000	0.00635589223792874
10	122500001	123000000	-0.01932348475503
10	123000001	123500000	0.0177480893670066
10	123500001	124000000	0.00131696612427849
10	124000001	124500000	0.0179243303752694
10	124500001	125000000	-0.0184060710433916
10	125000001	125500000	-0.0840949427521764
10	125500001	126000000	NA
10	126000001	126500000	0.0356539047438985
10	126500001	127000000	0.0498329040880943
10	127000001	127500000	-0.0700939141076509
10	127500001	128000000	0.0842995003337525
10	128000001	128500000	-0.00314268026778239
10	129000001	129500000	0.00333076893832847
10	129500001	130000000	0.0240863038407463
10	130000001	130500000	0.0598264354527021
10	130500001	131000000	-0.0233413707585173
10	131000001	131500000	-0.0159874460222339
10	131500001	132000000	-0.0140082984521379
10	132000001	132500000	0.0137174870106454
10	132500001	133000000	0.000182254603232393
10	133000001	133500000	NA
10	133500001	134000000	NA
10	134000001	134500000	0.0221963238745639
10	134500001	135000000	0.0201489190658488
10	135000001	135500000	0.0291145947825782
11	500001	1000000	-0.0143379233902972
11	1000001	1500000	NA
11	1500001	2000000	0.0741388833559147
11	2000001	2500000	-0.000195234464361467
11	2500001	3000000	0.0173158634239917
11	3000001	3500000	-0.149631456668622
11	3500001	4000000	-0.0321874744308406
11	4000001	4500000	0.0472360860206491
11	4500001	5000000	-0.0586575223439552
11	5000001	5500000	0.0409397680212806
11	5500001	6000000	-0.00060061760396756
11	6000001	6500000	-0.0160957150783294
11	6500001	7000000	0.0550961300252603
11	7000001	7500000	0.0131239554599979
11	7500001	8000000	-0.0329130647200753
11	8000001	8500000	0.014372777093745
11	8500001	9000000	0.00562242136685913
11	9000001	9500000	-0.0421851961720034
11	9500001	10000000	0.000231474893032018
11	10000001	10500000	-0.0137891605909767
11	10500001	11000000	-0.047947745212945
11	11000001	11500000	0.0974166755580827
11	11500001	12000000	-0.024504902008872
11	12000001	12500000	-0.0216075623822222
11	12500001	13000000	0.0231105644912138
11	13000001	13500000	0.00723795556647765
11	13500001	14000000	0.0726594159296145
11	14000001	14500000	0.00633642998887448
11	14500001	15000000	-0.0126863338552502
11	15000001	15500000	0.0372079708353327
11	15500001	16000000	-0.0234563379691255
11	16000001	16500000	0.0532282236545812
11	16500001	17000000	-0.0471538057760523
11	17000001	17500000	0.0141961973957431
11	17500001	18000000	0.0712628746988285
11	18000001	18500000	-0.0368727493635669
11	18500001	19000000	0.0125571042626472
11	19000001	19500000	-0.0148568102327615
11	19500001	20000000	0.0456500355562494
11	20000001	20500000	-0.0132632165012189
11	20500001	21000000	0.00160478734437013
11	21000001	21500000	0.0151122159307786
11	21500001	22000000	0.0492655984834963
11	22000001	22500000	-0.0047866417272584
11	22500001	23000000	-0.00827968041693027
11	23000001	23500000	-0.00304893739850169
11	23500001	24000000	-0.0118928691307952
11	24000001	24500000	-0.00357945582697238
11	24500001	25000000	0.0381162329717852
11	25000001	25500000	-0.0178730694816255
11	25500001	26000000	0.0252887253497787
11	26000001	26500000	-0.0167511402838378
11	26500001	27000000	-0.00861080832946947
11	27000001	27500000	-0.0105731920028546
11	27500001	28000000	-0.0342346383263575
11	28000001	28500000	0.0105318650839359
11	28500001	29000000	-0.0182257138808449
11	29000001	29500000	-0.0187004696426385
11	29500001	30000000	0.0137892572589907
11	30000001	30500000	0.0318637473934124
11	30500001	31000000	-0.0261164695523137
11	31000001	31500000	0.0239994684188427
11	31500001	32000000	0.0306753747829225
11	32000001	32500000	-0.0433193908088805
11	32500001	33000000	0.00218987766119167
11	33000001	33500000	-0.0051407769388602
11	33500001	34000000	0.00347397551851935
11	34000001	34500000	0.0130604154898389
11	34500001	35000000	0.0546588209258071
11	35000001	35500000	-0.0286197900882682
11	35500001	36000000	-0.01666043149555
11	36000001	36500000	0.00662037131130289
11	36500001	37000000	0.0130817061091861
11	37000001	37500000	-0.0122802268991247
11	37500001	38000000	-0.0513194847039751
11	38000001	38500000	0.00318648000210914
11	38500001	39000000	0.0254046266356148
11	39000001	39500000	-0.0558473079533847
11	39500001	40000000	-0.0387409051328811
11	40000001	40500000	0.0133602009361583
11	40500001	41000000	0.0229212650185388
11	41000001	41500000	-0.0356786120476875
11	41500001	42000000	0.036496405599972
11	42000001	42500000	0.0106027831814846
11	42500001	43000000	0.0444885845750575
11	43000001	43500000	-0.0199590913228546
11	43500001	44000000	-0.041328922933948
11	44000001	44500000	0.0209533589043384
11	44500001	45000000	-0.000828708672911091
11	45000001	45500000	-0.0169845123431239
11	45500001	46000000	0.0363641040416399
11	46000001	46500000	0.0280007125816498
11	46500001	47000000	0.0159068728714387
11	47000001	47500000	-0.0290652445681507
11	47500001	48000000	-0.0263777310381203
11	48000001	48500000	0.15958514204351
11	48500001	49000000	0.191790863317948
11	49000001	49500000	0.130297752659621
11	49500001	50000000	0.120389716553568
11	50000001	50500000	-0.0636954068035746
11	55000001	55500000	0.0757316260440618
11	55500001	56000000	0.071588770687273
11	56000001	56500000	0.0188735835827019
11	56500001	57000000	0.00270258263543932
11	57000001	57500000	-0.0314967336909194
11	57500001	58000000	-0.00985150402672606
11	58000001	58500000	-0.0131328614367069
11	58500001	59000000	0.015923858650534
11	59000001	59500000	0.000703890439984746
11	59500001	60000000	0.0446936166288518
11	60000001	60500000	-0.0125844046088526
11	60500001	61000000	-0.0590645378645757
11	61000001	61500000	-0.06154192809285
11	61500001	62000000	0.041540448866691
11	62000001	62500000	-0.0518478768373043
11	62500001	63000000	-0.0152362202272405
11	63000001	63500000	0.0108519735723393
11	63500001	64000000	0.045777317086289
11	64000001	64500000	0.00886844163767832
11	64500001	65000000	0.0429721419226932
11	65000001	65500000	-0.0240529435271331
11	65500001	66000000	-0.0441478329425127
11	66000001	66500000	0.0106977512928371
11	66500001	67000000	-0.00229368287576826
11	67000001	67500000	0.00623677593366234
11	67500001	68000000	0.138895194832553
11	68000001	68500000	-0.0128776973755636
11	68500001	69000000	0.0268910961206504
11	69000001	69500000	NA
11	69500001	70000000	NA
11	70000001	70500000	-0.00715225162421915
11	70500001	71000000	0.00406437660847127
11	71000001	71500000	0.114645981449864
11	71500001	72000000	0.0413610032601008
11	72000001	72500000	0.0113971615324863
11	72500001	73000000	0.0223858832975151
11	73000001	73500000	-0.0197663425249054
11	73500001	74000000	0.035279882842714
11	74000001	74500000	-0.0369721936018098
11	74500001	75000000	0.0115813729080299
11	75000001	75500000	0.0148776366291786
11	75500001	76000000	0.0393875444748764
11	76000001	76500000	0.0631395799523398
11	76500001	77000000	-0.0237906579741972
11	77000001	77500000	-0.0121809269873703
11	77500001	78000000	-0.037105666872053
11	78000001	78500000	0.0381985181010693
11	78500001	79000000	0.0313684342352465
11	79000001	79500000	0.0173366381598206
11	79500001	80000000	0.0166353312440242
11	80000001	80500000	-0.0682024068783542
11	80500001	81000000	0.00635274811455872
11	81000001	81500000	-0.0262989932101452
11	81500001	82000000	-0.0332914960296734
11	82000001	82500000	0.064709468993539
11	82500001	83000000	0.0152789273399516
11	83000001	83500000	-0.021167132723164
11	83500001	84000000	-0.0209246532578604
11	84000001	84500000	0.0123774051683535
11	84500001	85000000	0.0673864774533192
11	85000001	85500000	0.00642248648401595
11	85500001	86000000	0.0498524665683047
11	86000001	86500000	0.00364607800363376
11	86500001	87000000	-0.0582450138664082
11	87000001	87500000	-0.00557353001865941
11	87500001	88000000	NA
11	88000001	88500000	-0.0121794579584417
11	88500001	89000000	0.0440447851564298
11	89000001	89500000	0.0619999504715429
11	90000001	90500000	0.00890425260818873
11	90500001	91000000	0.00131665267487008
11	91000001	91500000	0.00236292236668151
11	91500001	92000000	-0.0176414641829992
11	92000001	92500000	0.0307659194963338
11	92500001	93000000	0.0291837937771457
11	93000001	93500000	-0.0300793175312601
11	93500001	94000000	0.157359052048361
11	94000001	94500000	-0.0269429957663752
11	94500001	95000000	-0.0213288774579538
11	95000001	95500000	-0.0109654706274909
11	95500001	96000000	0.0265020243355843
11	96500001	97000000	-0.00298362495570981
11	97000001	97500000	0.0108454281914779
11	97500001	98000000	0.0336651880664412
11	98000001	98500000	-0.0253142558677197
11	98500001	99000000	0.0141853062627599
11	99000001	99500000	-0.00438708901166632
11	99500001	100000000	-0.0379188150705952
11	100000001	100500000	0.0223214830733067
11	100500001	101000000	0.00650798429072903
11	101000001	101500000	0.0388752926375629
11	101500001	102000000	-0.0130076313484068
11	102000001	102500000	-0.00249405465802006
11	102500001	103000000	0.0304480153090077
11	103000001	103500000	0.0239473306292737
11	103500001	104000000	-0.0722087392798998
11	104000001	104500000	0.0236056802761953
11	104500001	105000000	-0.0229364522980839
11	105000001	105500000	-0.010512058443175
11	105500001	106000000	0.0609387053420217
11	106000001	106500000	0.0246515881317934
11	106500001	107000000	0.0609417656463498
11	107000001	107500000	0.00224827213198634
11	107500001	108000000	-0.0286128075439085
11	108000001	108500000	-0.011499403735914
11	108500001	109000000	0.021921115332339
11	109000001	109500000	-0.0465926537676627
11	109500001	110000000	0.0102758895302586
11	110000001	110500000	-0.0107333324338114
11	110500001	111000000	-0.00880059810254821
11	111000001	111500000	0.0455999132754366
11	111500001	112000000	0.0029088051066523
11	112000001	112500000	-0.00188096721059156
11	112500001	113000000	0.0267223034447705
11	113000001	113500000	-0.0110824476130744
11	113500001	114000000	-0.0160306931410897
11	114000001	114500000	0.0526033769978438
11	114500001	115000000	-0.00643063584544622
11	115000001	115500000	-0.0322131283460657
11	115500001	116000000	0.0509722946775382
11	116000001	116500000	-0.0639406676244914
11	116500001	117000000	0.0398999959909633
11	117000001	117500000	0.00313758747808908
11	117500001	118000000	0.0158054141067922
11	118000001	118500000	-0.0327486341856193
11	118500001	119000000	0.0300866517933724
11	119000001	119500000	-0.0850363772112034
11	119500001	120000000	-0.00414163600430472
11	120000001	120500000	0.00691126297044332
11	120500001	121000000	0.0499379778007168
11	121000001	121500000	-0.00417637479318366
11	121500001	122000000	0.0353844700429434
11	122000001	122500000	0.0208553845626509
11	122500001	123000000	-0.0571262076250316
11	123000001	123500000	0.00401306494098213
11	123500001	124000000	0.0292647978853276
11	124000001	124500000	0.0481466301105097
11	124500001	125000000	-0.0137489682389822
11	125000001	125500000	0.0444322530484052
11	125500001	126000000	0.014869607497743
11	126000001	126500000	-0.00082396845189524
11	126500001	127000000	-0.0638454072711504
11	127000001	127500000	-0.000862209246437519
11	127500001	128000000	-0.0199066201066913
11	128000001	128500000	0.0618622644001905
11	128500001	129000000	0.0187768724345765
11	129000001	129500000	0.0070401649476758
11	129500001	130000000	-0.0480521162578561
11	130000001	130500000	0.0346612983920785
11	130500001	131000000	0.0868564457631484
11	131000001	131500000	0.00367564913945542
11	131500001	132000000	-0.0363986042848302
11	132000001	132500000	0.00913390149861989
11	132500001	133000000	-0.0027613468971705
11	133000001	133500000	-0.0240091281234048
11	133500001	134000000	0.0674486344054997
11	134000001	134500000	0.0162511089120583
11	134500001	135000000	NA
12	500001	1000000	0.0369832015385805
12	1000001	1500000	-0.00255526296793884
12	1500001	2000000	-0.00422160090706825
12	2000001	2500000	0.0381571585548527
12	2500001	3000000	-0.00429738049785902
12	3000001	3500000	-0.0263273080861716
12	3500001	4000000	-0.0257130362309203
12	4000001	4500000	0.0169597384677754
12	4500001	5000000	0.0280553170119051
12	5000001	5500000	-0.0256291884124117
12	5500001	6000000	0.022428845759509
12	6000001	6500000	-0.049564293481549
12	6500001	7000000	NA
12	7000001	7500000	NA
12	7500001	8000000	-0.027183872624444
12	8000001	8500000	0.0141511466132575
12	8500001	9000000	-0.0562413789384155
12	9000001	9500000	-0.0032107920566758
12	9500001	10000000	-0.278628398411755
12	10000001	10500000	0.0174164168983733
12	10500001	11000000	-0.0211987808711735
12	11000001	11500000	0.0272399366526005
12	11500001	12000000	0.0840789767204204
12	12000001	12500000	-0.0377566423576992
12	12500001	13000000	0.0263346827105507
12	13000001	13500000	-0.00518141446507327
12	13500001	14000000	-0.0379920876583618
12	14000001	14500000	0.0335097158753964
12	14500001	15000000	-0.0581279513095819
12	15000001	15500000	0.0158576676568859
12	15500001	16000000	0.0379616698423774
12	16000001	16500000	-0.0186663913889233
12	16500001	17000000	0.000214566988484769
12	17000001	17500000	-0.0119915871384604
12	17500001	18000000	-0.0131716224608916
12	18000001	18500000	0.0786568670107596
12	18500001	19000000	0.000930055186531617
12	19000001	19500000	-0.0418976516877414
12	19500001	20000000	-0.0191514947639276
12	20000001	20500000	0.0200382073669909
12	20500001	21000000	-0.0509871800476683
12	21000001	21500000	0.00499517381168742
12	21500001	22000000	0.00630624695767867
12	22000001	22500000	-0.0355947137353326
12	22500001	23000000	-0.0201570945307989
12	23000001	23500000	0.0476809364847085
12	23500001	24000000	-0.0472310513796826
12	24000001	24500000	-0.019791810867862
12	24500001	25000000	-0.00800380400055621
12	25000001	25500000	-0.00556570393287709
12	25500001	26000000	-0.0490183396458649
12	26000001	26500000	-0.00596077796640935
12	26500001	27000000	0.0163979870274661
12	27000001	27500000	0.00887802292578625
12	27500001	28000000	-0.0101868539804107
12	28000001	28500000	-0.0387961382802015
12	28500001	29000000	0.0581362135344143
12	29000001	29500000	0.0366082030313859
12	29500001	30000000	0.00796821624049637
12	30000001	30500000	0.0393867655060638
12	30500001	31000000	0.0170246996130627
12	31000001	31500000	0.0533106694483891
12	31500001	32000000	-0.0714745929904593
12	32000001	32500000	-0.0331595758622317
12	32500001	33000000	3.30873664498683e-06
12	33000001	33500000	0.00771972471203221
12	33500001	34000000	-0.0453362139273676
12	34000001	34500000	0.096434772495341
12	38000001	38500000	0.334823062438361
12	38500001	39000000	0.0282337705929288
12	39000001	39500000	0.00622714965948419
12	39500001	40000000	-0.0389894211121275
12	40000001	40500000	-0.0102668198505945
12	40500001	41000000	0.0276995518760072
12	41000001	41500000	0.0639701292870729
12	41500001	42000000	0.00457339141299941
12	42000001	42500000	-0.059675142972884
12	42500001	43000000	-0.02180044330237
12	43000001	43500000	0.0495105252818267
12	43500001	44000000	0.012018121422742
12	44000001	44500000	-0.0485452022548145
12	44500001	45000000	0.00906314457582112
12	45000001	45500000	-0.0236342657740245
12	45500001	46000000	0.0134708500075216
12	46000001	46500000	0.0484164572046777
12	46500001	47000000	-0.0287085877872447
12	47000001	47500000	-0.0330966120043936
12	47500001	48000000	0.0260373310285644
12	48000001	48500000	0.0105980508036191
12	48500001	49000000	-0.0300079486573504
12	49000001	49500000	0.000769739777899756
12	49500001	50000000	-0.0410316883563616
12	50000001	50500000	0.0415676856551873
12	50500001	51000000	0.00725413178480777
12	51000001	51500000	0.0100025801455549
12	51500001	52000000	0.0469435721804569
12	52000001	52500000	-0.024484303082178
12	52500001	53000000	-0.0208033772066294
12	53000001	53500000	-0.0190218541002425
12	53500001	54000000	-0.0172419362292847
12	54000001	54500000	0.0370045351883822
12	54500001	55000000	-0.0590283264472934
12	55000001	55500000	0.0219781426300446
12	55500001	56000000	-0.0126993992223775
12	56000001	56500000	-0.0190218218679411
12	56500001	57000000	-0.00293756255139285
12	57000001	57500000	-0.0435999474311325
12	57500001	58000000	-0.0531595720924142
12	58000001	58500000	0.0480379834024682
12	58500001	59000000	-0.0046159560098014
12	59000001	59500000	0.0371375411665759
12	59500001	60000000	-0.0299916460270542
12	60000001	60500000	0.0418821815990972
12	60500001	61000000	-0.0151080171470024
12	61000001	61500000	0.0559859429085216
12	61500001	62000000	0.0108928704884044
12	62000001	62500000	-0.023932981749426
12	62500001	63000000	0.0359124337103085
12	63000001	63500000	0.0405993553459446
12	63500001	64000000	0.0197845910510454
12	64000001	64500000	0.00966527662474813
12	64500001	65000000	-0.0342150349370362
12	65000001	65500000	0.0635283607995654
12	65500001	66000000	-0.0394639474085677
12	66000001	66500000	-0.0147604615110683
12	66500001	67000000	-0.0051092797862085
12	67000001	67500000	0.0110488058582352
12	67500001	68000000	0.0289762085572452
12	68000001	68500000	-0.0042892884646299
12	68500001	69000000	0.00887636853393817
12	69000001	69500000	0.0147985604713295
12	69500001	70000000	0.0223844674608821
12	70000001	70500000	0.00148567259071942
12	70500001	71000000	-0.049787694917001
12	71000001	71500000	-0.0156587360733223
12	71500001	72000000	0.00172059012623514
12	72000001	72500000	0.0238099341842227
12	72500001	73000000	-0.00391798055208875
12	73000001	73500000	-0.000367597373608837
12	73500001	74000000	-0.0518183522085443
12	74000001	74500000	-0.0148796072463585
12	74500001	75000000	0.00655288845832129
12	75000001	75500000	0.0327413380084929
12	75500001	76000000	0.0204824487836219
12	76000001	76500000	-0.0673500756108123
12	76500001	77000000	0.0312847877137969
12	77000001	77500000	0.037728448077677
12	77500001	78000000	-0.0597534262510062
12	78000001	78500000	-0.0197028872760678
12	78500001	79000000	0.0180268877114764
12	79000001	79500000	-0.0171983896905718
12	79500001	80000000	0.0455770520171668
12	80000001	80500000	-0.0139707596271849
12	80500001	81000000	-0.0104213719690511
12	81000001	81500000	0.0507346574493103
12	81500001	82000000	0.0114313375440718
12	82000001	82500000	0.0169501810294543
12	82500001	83000000	-0.0299870293566674
12	83000001	83500000	0.00872700215267882
12	83500001	84000000	0.0179203716713529
12	84000001	84500000	0.00740544562122927
12	84500001	85000000	-0.0296608863878445
12	85000001	85500000	0.000439396960055983
12	85500001	86000000	0.0341240127237512
12	86000001	86500000	0.0139989694154737
12	86500001	87000000	-0.044597740045113
12	87000001	87500000	-0.0274896990013314
12	87500001	88000000	-0.0192768828689318
12	88000001	88500000	0.0293659752186656
12	88500001	89000000	-0.0542538286510882
12	89000001	89500000	-0.0179745336938474
12	89500001	90000000	0.0805633129747294
12	90000001	90500000	0.0609043622813168
12	90500001	91000000	-0.0362984135616412
12	91000001	91500000	-0.0174247074340583
12	91500001	92000000	0.0382472774279998
12	92000001	92500000	-0.0221520726653462
12	92500001	93000000	0.0313991646135149
12	93000001	93500000	-0.0106803751625417
12	93500001	94000000	-0.0507574777598103
12	94000001	94500000	-0.0156943961046908
12	94500001	95000000	-0.024278496792547
12	95000001	95500000	0.0273391025330265
12	95500001	96000000	-0.0166965481981345
12	96000001	96500000	-0.0749001726278799
12	96500001	97000000	-0.0181258975629783
12	97000001	97500000	0.0968531353570191
12	97500001	98000000	0.0369282188439896
12	98000001	98500000	-0.0595909450992158
12	98500001	99000000	-0.00724854789049742
12	99000001	99500000	0.0111461810168058
12	99500001	100000000	0.000134743694253654
12	100000001	100500000	-0.0201816046792193
12	100500001	101000000	-0.0328806659362987
12	101000001	101500000	0.0275200928367916
12	101500001	102000000	0.0316920950891937
12	102000001	102500000	0.0298465251144495
12	102500001	103000000	-0.024854466731738
12	103000001	103500000	-0.00471871944128798
12	103500001	104000000	-0.00606496654064642
12	104000001	104500000	0.0295567980990072
12	104500001	105000000	0.0192347208337113
12	105000001	105500000	0.031466285038201
12	105500001	106000000	0.00372745760313314
12	106000001	106500000	-0.0656145731152403
12	106500001	107000000	0.0135791569373822
12	107000001	107500000	0.00881330161270829
12	107500001	108000000	-0.00240641187697386
12	108000001	108500000	0.0201566451188462
12	108500001	109000000	0.0323227365002219
12	109000001	109500000	NA
12	109500001	110000000	-0.0180895737380452
12	110000001	110500000	-0.000418639690276308
12	110500001	111000000	-0.0147875797774159
12	111000001	111500000	0.0288286756095045
12	111500001	112000000	0.00484481541229883
12	112000001	112500000	-0.0454621797565077
12	112500001	113000000	-0.0225904936388739
12	113000001	113500000	0.0229381269900337
12	113500001	114000000	-0.0452383377700172
12	114000001	114500000	0.0211122070759324
12	114500001	115000000	-0.0377809221561544
12	115000001	115500000	-0.0332855245320553
12	115500001	116000000	-0.0125484194364961
12	116000001	116500000	0.0371698651902852
12	116500001	117000000	0.0588584501327334
12	117000001	117500000	-0.0372957399494633
12	117500001	118000000	-0.0478691771572049
12	118000001	118500000	-0.0242012954061102
12	118500001	119000000	0.0491799039683167
12	119000001	119500000	-0.0240281539504099
12	119500001	120000000	-0.00882656451682132
12	120000001	120500000	-0.0088677959942419
12	120500001	121000000	-0.067806268106994
12	121000001	121500000	-0.0023965414021431
12	121500001	122000000	NA
12	122000001	122500000	-0.0615814412021273
12	122500001	123000000	NA
12	123000001	123500000	0.0351274310747235
12	123500001	124000000	NA
12	124000001	124500000	-0.014978031888242
12	124500001	125000000	0.0183667948240095
12	125000001	125500000	0.00633075582365119
12	125500001	126000000	0.00398040553266995
12	126000001	126500000	-0.0138744967227173
12	126500001	127000000	-0.0079083184008542
12	127000001	127500000	-0.0338253574605204
12	127500001	128000000	-0.0415656613943023
12	128000001	128500000	-0.00612127307614168
12	128500001	129000000	-0.0227284738513391
12	129000001	129500000	-0.0595995572575898
12	129500001	130000000	0.00083047585928566
12	130000001	130500000	0.0249995338176701
12	130500001	131000000	0.02277556566559
12	131000001	131500000	-0.00490248076546657
12	131500001	132000000	0.0220778467248728
12	132000001	132500000	-0.0180956721314866
12	132500001	133000000	NA
12	133000001	133500000	-0.0299309949061997
12	133500001	134000000	NA
13	19500001	20000000	0.0174040346761623
13	20000001	20500000	0.0238232037194931
13	20500001	21000000	-0.0231336476495751
13	21000001	21500000	0.0768996573106088
13	21500001	22000000	0.0372299789794903
13	22000001	22500000	-0.0352416024240607
13	22500001	23000000	-0.015314058937969
13	23000001	23500000	-0.0496285385168785
13	23500001	24000000	-0.0193837967769443
13	24000001	24500000	-0.0774518694047094
13	24500001	25000000	0.041428239121585
13	25000001	25500000	0.0358425014971068
13	25500001	26000000	0.00691589094820228
13	26000001	26500000	0.00876887891483388
13	26500001	27000000	0.0100038137609968
13	27000001	27500000	-0.000407652486365598
13	27500001	28000000	0.0206438497425953
13	28000001	28500000	-0.0289408184552874
13	28500001	29000000	-0.0476594206301275
13	29000001	29500000	0.0274247415148812
13	29500001	30000000	0.036042516790564
13	30000001	30500000	-0.0431476100346513
13	30500001	31000000	-0.00780307317800051
13	31000001	31500000	0.0370651215509401
13	31500001	32000000	0.0388106935799378
13	32000001	32500000	-0.048807475850626
13	32500001	33000000	-0.000458212391542391
13	33000001	33500000	0.026858781229295
13	33500001	34000000	0.0277598279292683
13	34000001	34500000	-0.00421680450191944
13	34500001	35000000	-0.0391354606655267
13	35000001	35500000	-0.00227309720344582
13	35500001	36000000	0.0176928998491557
13	36000001	36500000	0.0178691797698281
13	36500001	37000000	0.00532718552149563
13	37000001	37500000	0.0354780607559769
13	37500001	38000000	0.000481740020704083
13	38000001	38500000	-0.0251574247995373
13	38500001	39000000	0.00402888555672618
13	39000001	39500000	-0.025097457215727
13	39500001	40000000	0.0516236888411218
13	40000001	40500000	-0.0498163873709789
13	40500001	41000000	0.0173753329757836
13	41000001	41500000	-0.035229748312517
13	41500001	42000000	0.0392538784337022
13	42000001	42500000	-0.00692289505373671
13	42500001	43000000	-0.0077194064084073
13	43000001	43500000	-0.0206280411945965
13	43500001	44000000	-0.0136611495245996
13	44000001	44500000	0.0448194065324049
13	44500001	45000000	-0.0311791193574804
13	45000001	45500000	-0.0431785488702077
13	45500001	46000000	0.00930208145087419
13	46000001	46500000	0.0202985732257286
13	46500001	47000000	0.0167809673103109
13	47000001	47500000	-0.00946799557599994
13	47500001	48000000	0.0247780974195553
13	48000001	48500000	-0.0297815597628823
13	48500001	49000000	-0.00758778553943865
13	49000001	49500000	0.0164713239062892
13	49500001	50000000	0.00746403945380673
13	50000001	50500000	0.027357988833455
13	50500001	51000000	-0.0451191413551665
13	51000001	51500000	-0.0455137285046181
13	51500001	52000000	0.0502702534838682
13	52000001	52500000	0.0152155670761086
13	52500001	53000000	0.015730542271853
13	53000001	53500000	-0.013706668024647
13	53500001	54000000	-0.0534840091902623
13	54000001	54500000	0.012719070456636
13	54500001	55000000	0.0141124449300051
13	55000001	55500000	-0.00250449718610483
13	55500001	56000000	0.0531499675408667
13	56000001	56500000	-0.0334824268763708
13	56500001	57000000	-0.0432759476660331
13	57000001	57500000	0.0331457261928157
13	57500001	58000000	-0.118642988682357
13	58000001	58500000	0.0427689281154711
13	58500001	59000000	-0.00425772054489457
13	59000001	59500000	-0.0103020064939789
13	59500001	60000000	0.000306369796098158
13	60000001	60500000	0.00650346360978583
13	60500001	61000000	-0.0162025820840005
13	61000001	61500000	-0.104224316698012
13	61500001	62000000	0.0436321165485919
13	62000001	62500000	0.0381832919199487
13	62500001	63000000	-0.00966797244562278
13	63000001	63500000	NA
13	63500001	64000000	0.132799141627775
13	64000001	64500000	-0.0862144000981707
13	64500001	65000000	-0.0182408823763137
13	65000001	65500000	0.0195267851889849
13	65500001	66000000	-0.0484510378769073
13	66000001	66500000	-0.0141529533267461
13	66500001	67000000	0.0445290332400038
13	67000001	67500000	0.00776036731657348
13	67500001	68000000	0.0493347624228322
13	68000001	68500000	0.000782095102292912
13	68500001	69000000	0.00082753164121616
13	69000001	69500000	NA
13	69500001	70000000	NA
13	70000001	70500000	-0.00477556547246192
13	70500001	71000000	-0.0554635382957144
13	71000001	71500000	-0.0030178252827441
13	71500001	72000000	0.0132497442380476
13	72000001	72500000	0.0221883033450807
13	72500001	73000000	0.0166041843746714
13	73000001	73500000	-0.00383939355339472
13	73500001	74000000	0.0148188964187419
13	74000001	74500000	-0.0149594903137707
13	74500001	75000000	-0.00160260706249829
13	75000001	75500000	0.0143828660353543
13	75500001	76000000	-0.0154238406606157
13	76000001	76500000	-0.0470941405392812
13	76500001	77000000	0.0175464664933601
13	77000001	77500000	0.0481569015443345
13	77500001	78000000	-0.0347797025548451
13	78000001	78500000	-0.0153696806104241
13	78500001	79000000	-0.0269945053402002
13	79000001	79500000	0.018145910384036
13	79500001	80000000	0.0438701513288502
13	80000001	80500000	0.022048307796561
13	80500001	81000000	-0.052196448351179
13	81000001	81500000	0.0289261058705932
13	81500001	82000000	-0.022649115856037
13	82000001	82500000	-0.0225881856180766
13	82500001	83000000	0.0282470774936032
13	83000001	83500000	NA
13	83500001	84000000	0.00523812045453693
13	84000001	84500000	0.0293009481648297
13	84500001	85000000	-0.0416847981302963
13	85000001	85500000	-0.0724634630627646
13	85500001	86000000	0.0305002152079721
13	86000001	86500000	0.0815416766869906
13	87000001	87500000	0.0387915258869757
13	87500001	88000000	-0.00168336981765597
13	88000001	88500000	0.00917137554786884
13	88500001	89000000	-0.0245355906510707
13	89000001	89500000	-0.0306269476056028
13	89500001	90000000	0.0125547969567169
13	90000001	90500000	0.00988143401553891
13	90500001	91000000	-0.00710251256662388
13	91000001	91500000	-0.053871737106974
13	91500001	92000000	-3.91720106360895e-05
13	92000001	92500000	0.0248956795706898
13	92500001	93000000	0.0328618304843275
13	93000001	93500000	0.00273924274388728
13	93500001	94000000	-0.00482232448018125
13	94000001	94500000	-0.0556818546417605
13	94500001	95000000	0.0493707282726496
13	95000001	95500000	-0.0219523942458936
13	95500001	96000000	-0.0438960557629132
13	96000001	96500000	-0.0278721021846866
13	96500001	97000000	0.0100628328939989
13	97000001	97500000	0.00123610721670431
13	97500001	98000000	0.0236996575332206
13	98000001	98500000	-0.0464167756697981
13	98500001	99000000	-0.010804457075981
13	99000001	99500000	-0.0142572175649958
13	99500001	100000000	0.0598241556398908
13	100000001	100500000	-0.00391754645438696
13	100500001	101000000	-0.0176534161482478
13	101000001	101500000	0.0158560757851571
13	101500001	102000000	-0.00226186570009442
13	102000001	102500000	-0.026826133675341
13	102500001	103000000	-0.0120853194804214
13	103000001	103500000	-0.00559605025262344
13	103500001	104000000	0.0316337336131087
13	104000001	104500000	0.0372601230006349
13	104500001	105000000	-0.041758564604684
13	105000001	105500000	-0.0244216775990385
13	105500001	106000000	-0.00173757955726356
13	106000001	106500000	0.0131085638336208
13	106500001	107000000	0.0242422169684853
13	107000001	107500000	-0.0638235264886004
13	107500001	108000000	0.017915791084329
13	108000001	108500000	-0.0470747998942758
13	108500001	109000000	-0.00171494006116738
13	109000001	109500000	-0.0296827999346314
13	109500001	110000000	0.0215734468376399
13	110000001	110500000	0.00176436570423091
13	110500001	111000000	0.0131911395776273
13	111000001	111500000	0.0384004470125188
13	111500001	112000000	0.0282997333231618
13	112500001	113000000	NA
13	113000001	113500000	-0.00220261499504721
13	113500001	114000000	0.0358187111401233
13	114000001	114500000	NA
13	114500001	115000000	NA
14	20500001	21000000	-0.0599223547772653
14	21000001	21500000	0.0513264181263494
14	21500001	22000000	-0.00427774923031341
14	22000001	22500000	-0.262982061229095
14	22500001	23000000	-2.23409410090368
14	23000001	23500000	-0.0593365395153586
14	23500001	24000000	0.0242127456702317
14	24000001	24500000	0.0417449711842087
14	24500001	25000000	0.0247658086517164
14	25000001	25500000	0.0713245044088067
14	25500001	26000000	0.00533036995076428
14	26000001	26500000	-5.12864966060175e-05
14	26500001	27000000	-0.0133340859647002
14	27000001	27500000	-0.0236359164781694
14	27500001	28000000	0.0305806207464225
14	28000001	28500000	0.026894387645434
14	28500001	29000000	0.0249098421468361
14	29000001	29500000	0.0236255967112249
14	29500001	30000000	-0.0275513935786976
14	30000001	30500000	-0.0317504768594866
14	30500001	31000000	-0.0189285989872336
14	31000001	31500000	-0.0201854569035195
14	31500001	32000000	0.066436795027741
14	32000001	32500000	-0.0288912837847554
14	32500001	33000000	0.00585816771371377
14	33000001	33500000	-0.030658645314794
14	33500001	34000000	0.0454745759422411
14	34000001	34500000	0.00844992503645781
14	34500001	35000000	-0.0274571627410541
14	35000001	35500000	-0.0951787231912165
14	35500001	36000000	-0.0613556930375224
14	36000001	36500000	0.0416908475787398
14	36500001	37000000	-0.00569071842874377
14	37000001	37500000	0.0247135781672186
14	37500001	38000000	-0.0220813303955484
14	38000001	38500000	0.0378689378461282
14	38500001	39000000	-0.00564528987710211
14	39000001	39500000	0.0325755491011124
14	39500001	40000000	-0.0273728114614602
14	40000001	40500000	-0.00691409654091706
14	40500001	41000000	-0.00628337719867604
14	41000001	41500000	-0.0166380396430562
14	41500001	42000000	-0.0636899609849565
14	42000001	42500000	0.0299176059355867
14	42500001	43000000	0.0343086173965613
14	43000001	43500000	-0.00641692200272881
14	43500001	44000000	0.0265849524161791
14	44000001	44500000	-0.058120289843377
14	44500001	45000000	0.0494771894609244
14	45000001	45500000	-0.00152168002212617
14	45500001	46000000	-0.0615492749232619
14	46000001	46500000	-0.00786608698880871
14	46500001	47000000	0.0178226309491328
14	47000001	47500000	-0.0137606251075344
14	47500001	48000000	0.0168679939652028
14	48000001	48500000	-0.00597381905573122
14	48500001	49000000	-0.0267776711836781
14	49000001	49500000	0.0462199286691704
14	49500001	50000000	0.0215724565597494
14	50000001	50500000	0.00791198292282098
14	50500001	51000000	0.0137364448897654
14	51000001	51500000	-0.0242994558671105
14	51500001	52000000	0.0396406502211419
14	52000001	52500000	-0.00526373310622072
14	52500001	53000000	0.030399868483556
14	53000001	53500000	-0.00520555678148708
14	53500001	54000000	0.0555315033539569
14	54000001	54500000	0.0539465957459185
14	54500001	55000000	-0.0332051543271809
14	55000001	55500000	0.0343162681292992
14	55500001	56000000	0.00422936652100823
14	56000001	56500000	-0.0503087789602861
14	56500001	57000000	0.0166743736873076
14	57000001	57500000	0.0236647827023766
14	57500001	58000000	0.00387719504052169
14	58000001	58500000	-0.000701512440675094
14	58500001	59000000	-0.0639582814113737
14	59000001	59500000	0.0165561583225505
14	59500001	60000000	0.010196833058908
14	60000001	60500000	0.0242368022039004
14	60500001	61000000	-0.00916814531752276
14	61000001	61500000	-0.0272830240200632
14	61500001	62000000	0.0713440132975161
14	62000001	62500000	-0.000375970623294985
14	62500001	63000000	0.0353028719034168
14	63000001	63500000	0.00420763011013678
14	63500001	64000000	-0.0667857100952977
14	64000001	64500000	0.00762522282445531
14	64500001	65000000	-0.0417718622447404
14	65000001	65500000	-0.0240097580261156
14	65500001	66000000	0.0235385278764304
14	66000001	66500000	0.0330133354368189
14	66500001	67000000	0.0430898332804913
14	67000001	67500000	-0.00281934428854284
14	67500001	68000000	-0.0167755527297387
14	68000001	68500000	0.0680366075489603
14	68500001	69000000	-0.0169774916030071
14	69000001	69500000	0.00362952276162208
14	69500001	70000000	-0.030104562447071
14	70000001	70500000	0.0267810680494722
14	70500001	71000000	0.0288959504137027
14	71000001	71500000	-0.0222971286423801
14	71500001	72000000	0.0201491531779088
14	72000001	72500000	0.0277253660058302
14	72500001	73000000	0.000229351703815905
14	73000001	73500000	-0.0350517682152184
14	73500001	74000000	0.00667744504152129
14	74000001	74500000	-0.00323660709783486
14	74500001	75000000	-0.027278533107899
14	75000001	75500000	0.0258094382325156
14	75500001	76000000	0.0305339079358205
14	76000001	76500000	-0.00623353175225846
14	76500001	77000000	-0.00764441417930728
14	77000001	77500000	-0.011659201488952
14	77500001	78000000	-0.0588792668759885
14	78000001	78500000	0.0538783947009244
14	78500001	79000000	0.0242436530844826
14	79000001	79500000	0.00113188440886378
14	79500001	80000000	-0.0517237601743595
14	80000001	80500000	-0.021087199693604
14	80500001	81000000	0.0351197833193216
14	81000001	81500000	0.082687838039039
14	81500001	82000000	-0.0158364154505079
14	82000001	82500000	-0.0362963060529756
14	82500001	83000000	0.0175061448426249
14	83000001	83500000	-0.0161340004744909
14	83500001	84000000	-0.0178466799353633
14	84000001	84500000	0.0240928363101602
14	84500001	85000000	-0.0117120199115334
14	85000001	85500000	0.00237917236990163
14	85500001	86000000	-0.0493255488382231
14	86000001	86500000	-0.000736579723682056
14	86500001	87000000	-0.0561077423272036
14	87000001	87500000	0.0267246575383577
14	87500001	88000000	-0.000787378140038372
14	88000001	88500000	0.0473310262888783
14	88500001	89000000	0.0314674535460298
14	89000001	89500000	-0.015388539729641
14	89500001	90000000	-0.00980443990372411
14	90000001	90500000	-0.00753097249984297
14	90500001	91000000	-0.0071101270733662
14	91000001	91500000	0.0685398810588658
14	91500001	92000000	-0.0472571547272769
14	92000001	92500000	0.0417092885020199
14	92500001	93000000	0.0251265289387352
14	93000001	93500000	-0.00266868574008583
14	93500001	94000000	-0.0436575644926318
14	94000001	94500000	0.0384150593508645
14	94500001	95000000	-0.00759549078738261
14	95000001	95500000	0.0612183360032889
14	95500001	96000000	-0.0242246858645058
14	96000001	96500000	-0.051601142670287
14	96500001	97000000	0.0443328947439928
14	97000001	97500000	0.0359191385164789
14	97500001	98000000	-0.0171124388590321
14	98000001	98500000	-2.27524461618453e-05
14	98500001	99000000	-0.0578065026779832
14	99000001	99500000	0.0219411538981022
14	99500001	100000000	-0.0168448534872674
14	100000001	100500000	0.0316364255478858
14	100500001	101000000	0.0254608084174722
14	101000001	101500000	0.0200871041720557
14	101500001	102000000	-0.00498387585671485
14	102000001	102500000	-0.0356125674817578
14	102500001	103000000	-0.0430646596622233
14	103000001	103500000	0.0284315558233793
14	103500001	104000000	0.0468215042152864
14	104000001	104500000	0.0114833158275364
14	104500001	105000000	0.0179751359093065
14	105000001	105500000	-0.0272215976927991
14	105500001	106000000	0.00555216363542461
14	106000001	106500000	0.0434958422694934
14	106500001	107000000	0.106379716469004
14	107000001	107500000	NA
15	23500001	24000000	NA
15	24000001	24500000	0.0817654440457698
15	24500001	25000000	0.0367360825678396
15	25000001	25500000	-0.0406593289921583
15	25500001	26000000	0.0681097099150763
15	26000001	26500000	0.00991618764306956
15	26500001	27000000	0.0220614896457438
15	27000001	27500000	-0.0660539549595338
15	27500001	28000000	NA
15	28000001	28500000	0.0370189783001956
15	29000001	29500000	NA
15	29500001	30000000	0.0143742474668129
15	30000001	30500000	-0.177617745570554
15	31000001	31500000	0.0543727788861089
15	31500001	32000000	0.0110925907383337
15	32000001	32500000	-0.0784957738157132
15	33000001	33500000	0.0364979737916573
15	33500001	34000000	-0.00384431462267499
15	34000001	34500000	0.0374453673447077
15	34500001	35000000	-0.111733772026951
15	35000001	35500000	-0.0158790750686993
15	35500001	36000000	-0.00417584298671255
15	36000001	36500000	-0.00696208744514256
15	36500001	37000000	0.0159541396711401
15	37000001	37500000	-0.00601233677796736
15	37500001	38000000	0.0298581266030645
15	38000001	38500000	0.0258164740115144
15	38500001	39000000	-0.0154871153802542
15	39000001	39500000	0.0155504139545918
15	39500001	40000000	0.0362257541034894
15	40000001	40500000	-0.0243481163056349
15	40500001	41000000	0.0241212914538814
15	41000001	41500000	-0.0297172282186662
15	41500001	42000000	-0.0375853820319493
15	42000001	42500000	-0.00346902573796213
15	42500001	43000000	0.0532741878306147
15	43000001	43500000	0.0249853241194386
15	43500001	44000000	-0.170568454111559
15	44000001	44500000	-0.0248847121036024
15	44500001	45000000	-0.0516431955094526
15	45000001	45500000	-0.0143631095637882
15	45500001	46000000	0.0193744963306049
15	46000001	46500000	-0.014656515608632
15	46500001	47000000	-0.0124660088177195
15	47000001	47500000	-0.0100383823845423
15	47500001	48000000	0.0209994107892225
15	48000001	48500000	0.0604300639782333
15	48500001	49000000	-0.0155469278273379
15	49000001	49500000	0.0434647095397173
15	49500001	50000000	-0.0260059534760834
15	50000001	50500000	0.0174690342364597
15	50500001	51000000	-0.0362311857628047
15	51000001	51500000	-0.0154702433092048
15	51500001	52000000	0.0406510857187402
15	52000001	52500000	-0.0209342868926052
15	52500001	53000000	-0.0260774741499077
15	53000001	53500000	0.0494648849468846
15	53500001	54000000	-0.0920701564816697
15	54000001	54500000	0.00250897591863177
15	54500001	55000000	-0.0117527313205351
15	55000001	55500000	0.0191441145943341
15	55500001	56000000	0.0187929908089366
15	56000001	56500000	-0.0474576273753505
15	56500001	57000000	0.0312484530077427
15	57000001	57500000	-0.00912797320467569
15	57500001	58000000	-0.0251113828629055
15	58000001	58500000	0.0113365199812152
15	58500001	59000000	-0.0288904754143004
15	59000001	59500000	0.0595142556836281
15	59500001	60000000	-0.0401460251390089
15	60000001	60500000	-0.036536622377692
15	60500001	61000000	-0.0253395208983346
15	61000001	61500000	-0.0109697759438784
15	61500001	62000000	-0.000552122409637218
15	62000001	62500000	0.0051499058719139
15	62500001	63000000	0.0545138217923694
15	63000001	63500000	0.0442470675466316
15	63500001	64000000	-0.0606861299708557
15	64000001	64500000	0.0346557360071181
15	64500001	65000000	-0.0762365176958413
15	65000001	65500000	0.0459983658753497
15	65500001	66000000	-0.0125448561712911
15	66000001	66500000	0.02068405344257
15	66500001	67000000	-0.00472658676228965
15	67000001	67500000	-0.0194597678679268
15	67500001	68000000	-9.93313259143888e-06
15	68000001	68500000	0.0467269895504727
15	68500001	69000000	0.0198027036010166
15	69000001	69500000	0.00141340371600221
15	69500001	70000000	0.0412159849696044
15	70000001	70500000	-0.0676445405846341
15	70500001	71000000	0.0226649256273888
15	71000001	71500000	0.0164107554740033
15	71500001	72000000	-0.00956446725127212
15	72000001	72500000	0.0390038514607283
15	72500001	73000000	-0.0568322198165409
15	73000001	73500000	0.0484708457604234
15	73500001	74000000	-0.0172965173719859
15	74000001	74500000	-0.0360046666846542
15	74500001	75000000	-0.00929473785867814
15	75000001	75500000	0.0302804948148431
15	75500001	76000000	-0.0348775174173255
15	76000001	76500000	-0.022252491229311
15	76500001	77000000	-0.00125163327581821
15	77000001	77500000	-0.0243436426352788
15	77500001	78000000	0.0175370029969986
15	78000001	78500000	0.0202624399590786
15	78500001	79000000	0.0300319160640737
15	79000001	79500000	-0.043445658121735
15	79500001	80000000	-0.0315011467414871
15	80000001	80500000	0.0240256748056018
15	80500001	81000000	0.0278122057671071
15	81000001	81500000	0.00605309923154599
15	81500001	82000000	-0.00430590387954095
15	82000001	82500000	0.0206923133002743
15	83500001	84000000	-0.0500937254947666
15	84000001	84500000	-0.0755622952846895
15	85000001	85500000	NA
15	85500001	86000000	-0.0853012024028862
15	86000001	86500000	-0.0285631535337978
15	86500001	87000000	0.0222036289225989
15	87000001	87500000	-0.0145128475589426
15	87500001	88000000	-0.0201268544135769
15	88000001	88500000	-0.00697108178638281
15	88500001	89000000	-0.00361514043491353
15	89000001	89500000	0.0103917152350332
15	89500001	90000000	0.0456237139922741
15	90000001	90500000	0.0144528659652046
15	90500001	91000000	-0.00866281212742458
15	91000001	91500000	0.00716093547000723
15	91500001	92000000	-0.0452873130274781
15	92000001	92500000	-0.0100893644753496
15	92500001	93000000	-0.0554550409010626
15	93000001	93500000	0.04250875926814
15	93500001	94000000	0.0204016027332287
15	94000001	94500000	-0.0198341123292204
15	94500001	95000000	0.0701277597934813
15	95000001	95500000	0.0518393039472927
15	95500001	96000000	-0.00177993489837938
15	96000001	96500000	-0.106344546809992
15	96500001	97000000	-0.00581382887101331
15	97000001	97500000	-0.0446235917184669
15	97500001	98000000	0.0281986937174059
15	98000001	98500000	0.04051426151217
15	98500001	99000000	0.043637706317999
15	99000001	99500000	-0.0213389185819223
15	99500001	100000000	0.0217719872644132
15	100000001	100500000	-0.0700861618729102
15	100500001	101000000	0.0791215696126275
15	101000001	101500000	0.0204488985309249
15	101500001	102000000	-0.0245866474415403
15	102000001	102500000	0.0885558916074881
16	1	500000	NA
16	500001	1000000	NA
16	1000001	1500000	NA
16	1500001	2000000	0.00620951579292934
16	2000001	2500000	0.0501723104968279
16	2500001	3000000	-0.171789788483134
16	3000001	3500000	-0.0162004420694983
16	3500001	4000000	-0.00272965317501601
16	4000001	4500000	-0.0202190606066761
16	4500001	5000000	0.0417194705219912
16	5000001	5500000	0.0653980955032271
16	5500001	6000000	0.0180796158628248
16	6000001	6500000	-0.00753192011734909
16	6500001	7000000	-0.025366571002389
16	7000001	7500000	-0.0229378573572766
16	7500001	8000000	0.0178537905002358
16	8000001	8500000	0.0152894390683032
16	8500001	9000000	NA
16	9000001	9500000	-0.0324827794383859
16	9500001	10000000	-0.028310884381093
16	10000001	10500000	0.0609859748582597
16	10500001	11000000	-0.0645742708525965
16	11000001	11500000	0.0162591513106202
16	11500001	12000000	-0.0587394689700188
16	12000001	12500000	-0.026046002392573
16	12500001	13000000	0.00874540322661581
16	13000001	13500000	-0.0878393949741106
16	13500001	14000000	0.0182692490775654
16	14000001	14500000	0.011728545203602
16	15500001	16000000	-0.00106654083092345
16	17000001	17500000	-0.0465748957625645
16	17500001	18000000	-0.00819634911651574
16	19000001	19500000	-0.0337138301290082
16	19500001	20000000	-0.0511037583237254
16	20000001	20500000	-0.0761678525950729
16	20500001	21000000	-0.0790470694428274
16	21000001	21500000	-0.261294578772051
16	22000001	22500000	-0.0465496696965025
16	22500001	23000000	0.159648397030806
16	23000001	23500000	0.032782828166753
16	23500001	24000000	-0.0310766461489472
16	24000001	24500000	0.00904477892293939
16	24500001	25000000	-0.0867159354980788
16	25000001	25500000	-0.0131703253397089
16	25500001	26000000	-0.0582146991913034
16	26000001	26500000	0.0158181416708774
16	26500001	27000000	-0.0079313076465057
16	27000001	27500000	0.0254863795113118
16	27500001	28000000	0.0737601002982906
16	28000001	28500000	-0.213150780791438
16	29500001	30000000	-0.186119272738226
16	30000001	30500000	-0.237000384280911
16	30500001	31000000	0.0414119730487467
16	31000001	31500000	-0.0360348716139749
16	31500001	32000000	0.00525722867831248
16	34500001	35000000	0.0345256555942971
16	46500001	47000000	0.0659946781798821
16	47000001	47500000	-0.0116382673039276
16	47500001	48000000	0.0149856715341356
16	48000001	48500000	-0.0374877895271453
16	48500001	49000000	0.025752725752789
16	49000001	49500000	-0.0045429125271633
16	49500001	50000000	-0.00222036087908268
16	50000001	50500000	0.00172599376893524
16	50500001	51000000	0.0682160794786518
16	51000001	51500000	0.0274526141833255
16	51500001	52000000	-0.00259931391091881
16	52000001	52500000	-0.0258365574576787
16	52500001	53000000	-0.0115574114875352
16	53000001	53500000	-0.00153496381121507
16	53500001	54000000	0.0474387662409891
16	54000001	54500000	0.0162937322553829
16	54500001	55000000	-0.0463895023306462
16	55000001	55500000	-0.00758168926848349
16	55500001	56000000	-0.0428501279429005
16	56000001	56500000	0.000724982544069472
16	56500001	57000000	0.0270685763934733
16	57000001	57500000	0.0164783775897401
16	57500001	58000000	0.0389858123472453
16	58000001	58500000	-0.0335772913208424
16	58500001	59000000	0.0231387919198469
16	59000001	59500000	-0.00321084099121666
16	59500001	60000000	0.015694040663781
16	60000001	60500000	0.00280986908665529
16	60500001	61000000	0.00958913989677177
16	61000001	61500000	0.0139274718515421
16	61500001	62000000	-0.00148599833273574
16	62000001	62500000	-0.0199295285849588
16	62500001	63000000	-0.019638448810463
16	63000001	63500000	-0.0109628957757597
16	63500001	64000000	0.0114007653082756
16	64000001	64500000	0.011149244137748
16	64500001	65000000	0.0152916564415294
16	65000001	65500000	-0.0334248615055924
16	65500001	66000000	0.0173767616027517
16	66000001	66500000	-0.00346817734868884
16	66500001	67000000	-0.0592694123512847
16	67000001	67500000	0.0353373119664986
16	67500001	68000000	-0.0168920652488412
16	68000001	68500000	0.0538748904318037
16	68500001	69000000	-0.0609708436392872
16	69000001	69500000	-0.00473030872616817
16	69500001	70000000	-0.0597037322267613
16	70500001	71000000	-0.0338831545510161
16	71000001	71500000	-0.170154694783276
16	71500001	72000000	-0.0337813376962999
16	72000001	72500000	0.0120557153556914
16	72500001	73000000	0.0326948007586965
16	73000001	73500000	-0.0976210035708625
16	73500001	74000000	-0.0091008848997558
16	74000001	74500000	0.0632446737580944
16	74500001	75000000	-0.0431397593860431
16	75000001	75500000	0.0321200849578461
16	75500001	76000000	-0.0721283435637074
16	76000001	76500000	0.0358499786541937
16	76500001	77000000	-0.0248733355027814
16	77000001	77500000	0.00282790794697673
16	77500001	78000000	0.010457314276598
16	78000001	78500000	-0.0597511150683421
16	78500001	79000000	-0.0192103617831245
16	79000001	79500000	-0.0194262961370333
16	79500001	80000000	-0.000252755676906739
16	80000001	80500000	-0.0075108036743587
16	80500001	81000000	-0.0254058344065207
16	81000001	81500000	-0.0215288861040612
16	81500001	82000000	-0.00491792390006504
16	82000001	82500000	0.00309641523888055
16	82500001	83000000	0.0373084631770446
16	83000001	83500000	-0.0245923325689997
16	83500001	84000000	0.00153291450771572
16	84000001	84500000	0.0108121357013274
16	84500001	85000000	-0.015818321537229
16	85000001	85500000	-0.0425070790932417
16	85500001	86000000	0.00348239679723463
16	86000001	86500000	-0.020618663648221
16	86500001	87000000	-0.0495527501543871
16	87000001	87500000	0.0203771902653057
16	87500001	88000000	0.0172098451349386
16	88000001	88500000	NA
16	88500001	89000000	NA
16	89000001	89500000	0.056181950172225
16	89500001	90000000	-0.034163930407312
17	500001	1000000	-0.0230392631929657
17	1000001	1500000	-0.0588540634974877
17	1500001	2000000	0.0183604903033498
17	2000001	2500000	0.0246612537947304
17	2500001	3000000	-0.0503831708820573
17	3000001	3500000	0.0120528339136212
17	3500001	4000000	0.023668760801846
17	4000001	4500000	-0.0124981226348331
17	4500001	5000000	0.0135949510984141
17	5000001	5500000	-0.102342999354169
17	5500001	6000000	0.029632450218516
17	6000001	6500000	0.0211349614014323
17	6500001	7000000	-0.0109448167831702
17	7000001	7500000	0.0172624418326332
17	7500001	8000000	-0.0263563572419836
17	8000001	8500000	-0.0325568139019337
17	8500001	9000000	0.00835726964568325
17	9000001	9500000	-0.0412466496818776
17	9500001	10000000	-0.0375979431451777
17	10000001	10500000	0.0199364241853326
17	10500001	11000000	-0.0316340196999742
17	11000001	11500000	0.0437871845920268
17	11500001	12000000	-0.034434395179295
17	12000001	12500000	-0.0322181013680276
17	12500001	13000000	-0.0627968631642856
17	13000001	13500000	0.00621215018630371
17	13500001	14000000	0.0117251187041882
17	14000001	14500000	0.0140277711858205
17	14500001	15000000	0.0118243834565022
17	15000001	15500000	0.0152599329546044
17	15500001	16000000	-0.0230931956974689
17	16000001	16500000	0.0471367099385426
17	16500001	17000000	0.206230694207929
17	17000001	17500000	0.00970027955618319
17	17500001	18000000	0.00411342086998878
17	18000001	18500000	-0.115427258638593
17	19000001	19500000	-0.294145132691145
17	19500001	20000000	-0.00887173201224561
17	20500001	21000000	0.10914572091719
17	21000001	21500000	0.419835282333945
17	25500001	26000000	-0.0264670698347413
17	26000001	26500000	0.040369130767348
17	26500001	27000000	0.010069673654481
17	27000001	27500000	-0.0277204722090366
17	27500001	28000000	0.0240856081206018
17	28000001	28500000	-0.00884213755462744
17	28500001	29000000	-0.0138475784857091
17	29000001	29500000	-0.0240192114080605
17	29500001	30000000	0.0341566436511211
17	30000001	30500000	0.00370298707636644
17	30500001	31000000	-0.024757443939225
17	31000001	31500000	-0.0453455562861762
17	31500001	32000000	-0.036042806025458
17	32000001	32500000	-0.0396131219028818
17	32500001	33000000	0.0447163502332607
17	33000001	33500000	0.0395698860499795
17	33500001	34000000	0.0482178159568043
17	34000001	34500000	-0.0273657742316093
17	35000001	35500000	-0.019371956128486
17	35500001	36000000	-0.0807982894560192
17	36000001	36500000	0.214027488399024
17	36500001	37000000	0.0398248048440581
17	37000001	37500000	-0.0284394693408957
17	37500001	38000000	0.00859859782393571
17	38000001	38500000	-0.0606916396199351
17	38500001	39000000	0.0225438372797049
17	39000001	39500000	-0.070368913355069
17	39500001	40000000	-0.018865068219462
17	40000001	40500000	0.0342193479204975
17	40500001	41000000	-0.0161897951452661
17	41000001	41500000	0.124583295657541
17	41500001	42000000	0.0109057196886518
17	42000001	42500000	0.0138134209894092
17	42500001	43000000	-0.0086162572313932
17	43000001	43500000	0.019412440857135
17	43500001	44000000	-0.0124512905198749
17	44000001	44500000	-0.238307583258407
17	45000001	45500000	0.00321101542699271
17	45500001	46000000	0.0494181513693028
17	46000001	46500000	-0.060635723159908
17	46500001	47000000	-0.0351025638282269
17	47000001	47500000	0.0642521455766255
17	47500001	48000000	-0.0268610446169265
17	48000001	48500000	-0.00311680378598238
17	48500001	49000000	0.00307138426020929
17	49000001	49500000	-0.0427463573206199
17	49500001	50000000	0.058182845571301
17	50000001	50500000	0.0403592441406205
17	50500001	51000000	-0.0177787023144634
17	51000001	51500000	-0.0948279644899995
17	51500001	52000000	0.00306796109348796
17	52000001	52500000	0.017483906550473
17	52500001	53000000	0.0724468874700426
17	53000001	53500000	-0.0345052778242756
17	53500001	54000000	-0.0246882150694324
17	54000001	54500000	0.0191741768261547
17	54500001	55000000	-0.0214178163267558
17	55000001	55500000	-0.00481884812351241
17	55500001	56000000	-0.0659987336124274
17	56000001	56500000	-0.0181315277532447
17	56500001	57000000	0.048724042517441
17	57000001	57500000	-0.0129722080655036
17	57500001	58000000	-0.0124992699833315
17	58000001	58500000	-0.154312736307888
17	58500001	59000000	0.026161945115537
17	59000001	59500000	0.00824884559633887
17	59500001	60000000	-0.00770867782659208
17	60000001	60500000	-0.0369453323140703
17	60500001	61000000	0.0272685528343243
17	61000001	61500000	-0.000671029086569289
17	61500001	62000000	0.00846419099497512
17	62000001	62500000	NA
17	62500001	63000000	0.029634862550175
17	63000001	63500000	0.0030108433393432
17	63500001	64000000	0.0271811476973417
17	64000001	64500000	-0.0376513131665572
17	64500001	65000000	-0.0106561217688782
17	65000001	65500000	0.0171506860087695
17	65500001	66000000	-0.0686694361686068
17	66000001	66500000	-0.00804905554730838
17	66500001	67000000	-0.00177077616708505
17	67000001	67500000	0.0131520277121226
17	67500001	68000000	-0.000591994455636399
17	68000001	68500000	-0.021235941790307
17	68500001	69000000	-0.0910223810370865
17	69000001	69500000	0.0507408205591042
17	69500001	70000000	0.056659728895245
17	70000001	70500000	-0.00768497543670644
17	70500001	71000000	-0.0690551996583109
17	71000001	71500000	-0.0273278231928344
17	71500001	72000000	0.0243953501524444
17	72000001	72500000	0.00661718006873675
17	72500001	73000000	-0.026648928449357
17	73000001	73500000	0.00632894260691695
17	73500001	74000000	0.0349253794592936
17	74000001	74500000	0.0165970768628068
17	74500001	75000000	-0.0648915654974654
17	75000001	75500000	-0.00300053477742395
17	75500001	76000000	-0.0053020738079619
17	76000001	76500000	0.0623087095805052
17	76500001	77000000	-0.00162990712001094
17	77000001	77500000	-0.141037007771226
17	77500001	78000000	NA
17	78000001	78500000	-0.0291093590031849
17	78500001	79000000	-0.00116446826497394
17	79000001	79500000	0.0184800016815077
17	79500001	80000000	NA
17	80000001	80500000	0.0455823777361023
17	80500001	81000000	0.0488259281516479
17	81000001	81500000	-1.64894150211781
18	1	500000	NA
18	500001	1000000	0.00527472668466056
18	1000001	1500000	-0.0533190788650979
18	1500001	2000000	0.00794896765716398
18	2000001	2500000	0.00430177726158145
18	2500001	3000000	0.0499853030082203
18	3000001	3500000	0.0534218148905495
18	3500001	4000000	-0.0102024442071389
18	4000001	4500000	-0.0169062463058822
18	4500001	5000000	-0.0589892267757321
18	5000001	5500000	-0.0234083328893543
18	5500001	6000000	0.0195856264941055
18	6000001	6500000	0.0192108889394295
18	6500001	7000000	0.0146953111168288
18	7000001	7500000	-0.032621666925289
18	7500001	8000000	0.0147682521772607
18	8000001	8500000	-0.0275871281875607
18	8500001	9000000	-0.0134642616667877
18	9000001	9500000	0.0311713859574286
18	9500001	10000000	0.0135659316368687
18	10000001	10500000	0.0439819052130262
18	10500001	11000000	0.0191393443759721
18	11000001	11500000	0.0143297346294004
18	11500001	12000000	-0.0800223254131594
18	12000001	12500000	-0.036444519100046
18	12500001	13000000	0.0106473582078323
18	13000001	13500000	-0.00582090390556653
18	13500001	14000000	0.0210611418164703
18	19000001	19500000	-0.0543416218161668
18	19500001	20000000	0.0312872104685143
18	20000001	20500000	0.00280949112461521
18	20500001	21000000	0.00479932210302243
18	21000001	21500000	-0.04164908885965
18	21500001	22000000	0.0246113809089602
18	22000001	22500000	0.00920585773859521
18	22500001	23000000	0.0374921680404655
18	23000001	23500000	-0.0453707681815299
18	23500001	24000000	-0.0305133364529109
18	24000001	24500000	-0.0324598451295816
18	24500001	25000000	0.0259540231120909
18	25000001	25500000	-0.0115083681723998
18	25500001	26000000	0.0452718772452309
18	26000001	26500000	-0.0769666293648858
18	26500001	27000000	0.0233847240775321
18	27000001	27500000	-0.026350894913365
18	27500001	28000000	0.015339513439163
18	28000001	28500000	0.0333446374023185
18	28500001	29000000	-0.0221869574530515
18	29000001	29500000	0.0233822224708572
18	29500001	30000000	-0.00669150063680432
18	30000001	30500000	0.0167021215695347
18	30500001	31000000	-0.0197106797286531
18	31000001	31500000	0.0324549601897324
18	31500001	32000000	0.0274545475173076
18	32000001	32500000	0.0350663802673548
18	32500001	33000000	-0.0378823197186559
18	33000001	33500000	0.024749193668138
18	33500001	34000000	0.0353496680595626
18	34000001	34500000	-0.00146091074537138
18	34500001	35000000	-0.012418545323138
18	35000001	35500000	0.00905162468306149
18	35500001	36000000	-5.74453125643116e-05
18	36000001	36500000	-0.0271955359914116
18	36500001	37000000	0.0440550026436263
18	37000001	37500000	-0.0331125693859298
18	37500001	38000000	0.00222992616265037
18	38000001	38500000	-0.0688955155541286
18	38500001	39000000	-0.0107392581991835
18	39000001	39500000	-0.000689868772854938
18	39500001	40000000	-0.00274467341438716
18	40000001	40500000	-0.0504055067154134
18	40500001	41000000	0.0712081135568842
18	41000001	41500000	0.0667559957558333
18	41500001	42000000	0.0286728484129792
18	42000001	42500000	0.0085834322790334
18	42500001	43000000	-0.0929938842737057
18	43000001	43500000	0.00561207812751347
18	43500001	44000000	-0.0466269522595611
18	44000001	44500000	0.0423236953634239
18	44500001	45000000	0.0597867302818419
18	45000001	45500000	-0.0206993022186816
18	45500001	46000000	0.00731128605095777
18	46000001	46500000	0.0188546390962375
18	46500001	47000000	0.0831535537000888
18	47000001	47500000	-0.0248241818558287
18	47500001	48000000	-0.0364766298468708
18	48000001	48500000	0.0177425726238086
18	48500001	49000000	0.0113113634680346
18	49000001	49500000	-0.0399840459722506
18	49500001	50000000	0.00800138401503167
18	50000001	50500000	0.0147614496276087
18	50500001	51000000	0.0946823464416458
18	51000001	51500000	-0.0143299021533123
18	51500001	52000000	-0.00112410877421836
18	52500001	53000000	0.0305484548159637
18	53000001	53500000	0.0221851900209659
18	53500001	54000000	-0.013629588382552
18	54000001	54500000	0.0397814461129596
18	54500001	55000000	-0.0288183930415746
18	55000001	55500000	-0.0394820370290448
18	55500001	56000000	-0.00293839865030617
18	56000001	56500000	0.000348227086285082
18	56500001	57000000	0.0131767495948966
18	57000001	57500000	-0.0315828850412934
18	57500001	58000000	-0.0315365086086159
18	58000001	58500000	-0.00724083516933216
18	58500001	59000000	0.0341316473431135
18	59000001	59500000	-0.0377214773131336
18	59500001	60000000	0.0491330370660149
18	60000001	60500000	-0.0114635339033969
18	60500001	61000000	-0.0245445505529192
18	61000001	61500000	-0.0399674960922223
18	61500001	62000000	0.033206566239384
18	62000001	62500000	-0.0149234955330664
18	62500001	63000000	-0.0103571790287171
18	63000001	63500000	-0.00303533268622998
18	63500001	64000000	-0.0518686200234328
18	64000001	64500000	-0.0225986979012913
18	64500001	65000000	0.0377228697238271
18	65000001	65500000	-0.0103155729148467
18	65500001	66000000	-0.0165827738225341
18	66000001	66500000	-0.0639173875565116
18	66500001	67000000	0.0160357475057426
18	67000001	67500000	-0.0382769995240878
18	67500001	68000000	0.091913449851907
18	68000001	68500000	0.0445937045085862
18	68500001	69000000	-0.0509398393633454
18	69000001	69500000	0.0652863795373295
18	69500001	70000000	-0.0060641586654728
18	70000001	70500000	-0.0488384657434177
18	70500001	71000000	0.00520524407688991
18	71000001	71500000	0.0323452697334246
18	71500001	72000000	0.00566791652485739
18	72000001	72500000	NA
18	72500001	73000000	-0.0228468048546686
18	73000001	73500000	-0.00121302835688141
18	73500001	74000000	0.0212932016559823
18	74000001	74500000	-0.0667730835773604
18	74500001	75000000	-0.0112997678906035
18	75000001	75500000	0.0513907621878046
18	75500001	76000000	NA
18	76000001	76500000	-0.050771444060704
18	76500001	77000000	0.0113416738839214
18	77000001	77500000	0.00471206876624021
18	77500001	78000000	0.061153300141232
19	500001	1000000	NA
19	1000001	1500000	NA
19	1500001	2000000	-0.0293849436066931
19	2000001	2500000	-0.0211821341707035
19	2500001	3000000	-0.0340539869963309
19	3000001	3500000	-0.0546624932593557
19	3500001	4000000	-0.0510493125401981
19	4000001	4500000	-0.00965853135331299
19	4500001	5000000	-0.00187684708275433
19	5000001	5500000	0.00847801016104119
19	5500001	6000000	-0.0226080699748378
19	6000001	6500000	0.00369669683620942
19	6500001	7000000	0.00561069066619231
19	7000001	7500000	NA
19	7500001	8000000	-0.0438357755695525
19	8000001	8500000	-0.155100649931947
19	8500001	9000000	NA
19	9000001	9500000	-0.0159244525228376
19	9500001	10000000	0.0409768027334894
19	10000001	10500000	-0.0616572995944652
19	10500001	11000000	0.00184643282154114
19	11000001	11500000	-0.0382780734541394
19	11500001	12000000	-0.00112850128159816
19	12000001	12500000	-0.0362780374161128
19	12500001	13000000	0.0410974928016143
19	13000001	13500000	-0.0519501051121531
19	13500001	14000000	-0.0255501065338051
19	14000001	14500000	-0.00451594742025885
19	14500001	15000000	-0.0150772644733455
19	15000001	15500000	-0.0170618006261629
19	15500001	16000000	-0.0239937125922679
19	16000001	16500000	-0.0137725880319127
19	16500001	17000000	-0.0228266835632678
19	17000001	17500000	-0.035237055372821
19	17500001	18000000	0.0212462155403762
19	18000001	18500000	-0.0615020013050292
19	18500001	19000000	-0.0286735653815801
19	19000001	19500000	-0.0117928015844669
19	19500001	20000000	0.0620262444579093
19	20000001	20500000	-0.845850929311176
19	20500001	21000000	NA
19	21000001	21500000	-0.0201722935870512
19	21500001	22000000	0.0797185538795396
19	22000001	22500000	0.000144542942030044
19	22500001	23000000	0.0694511272224076
19	23000001	23500000	-0.00602702349650421
19	23500001	24000000	-0.0208106891426989
19	24000001	24500000	-0.0414669530457876
19	28000001	28500000	0.035653449024103
19	28500001	29000000	-0.0122492399070586
19	29000001	29500000	0.0215017126713732
19	29500001	30000000	-0.0294171798388842
19	30000001	30500000	-0.0044195422178832
19	30500001	31000000	-0.0165880179754759
19	31000001	31500000	-0.0071251773340071
19	31500001	32000000	0.0293103359716052
19	32000001	32500000	0.0258926079724072
19	32500001	33000000	-0.0258010788608845
19	33000001	33500000	-0.014375303997738
19	33500001	34000000	-0.00918131955186124
19	34000001	34500000	-0.035657202171247
19	34500001	35000000	0.00591240138555825
19	35000001	35500000	-0.0352162660896753
19	35500001	36000000	0.0322714074089185
19	36000001	36500000	0.00986207754161226
19	36500001	37000000	-0.0225811201272431
19	37000001	37500000	0.0340358376030323
19	37500001	38000000	-0.0131837369922971
19	38000001	38500000	-0.0181081873826811
19	38500001	39000000	-0.0244686300813413
19	39000001	39500000	-0.125745359802441
19	39500001	40000000	0.00684149468028175
19	40000001	40500000	-0.0072475379965308
19	40500001	41000000	-0.027278892179668
19	41000001	41500000	0.0133670252284829
19	41500001	42000000	-0.00628026424673678
19	42000001	42500000	0.0353910548274078
19	42500001	43000000	-0.0710503709624559
19	43000001	43500000	0.112286305855317
19	43500001	44000000	0.0612350032828079
19	44000001	44500000	-0.0221073828945807
19	44500001	45000000	0.0145574481408519
19	45000001	45500000	-0.109577236096571
19	45500001	46000000	-0.00698078676185596
19	46000001	46500000	0.0104486574222135
19	46500001	47000000	0.0263892058077051
19	47000001	47500000	-0.0674021955449093
19	47500001	48000000	-0.0201802637669532
19	48000001	48500000	-0.0466121015552694
19	48500001	49000000	-0.0408338989929719
19	49000001	49500000	-0.0680237920191382
19	49500001	50000000	-0.0394758996356235
19	50000001	50500000	0.00263263402379544
19	50500001	51000000	-0.0536855770741998
19	51000001	51500000	-0.0705761411630127
19	51500001	52000000	-0.00503865428598757
19	52000001	52500000	-0.00582377914051033
19	52500001	53000000	-0.0801146337085609
19	53000001	53500000	-0.00123924827918253
19	53500001	54000000	0.0508284588396307
19	54000001	54500000	0.0165947635885656
19	54500001	55000000	-0.0256538254010285
19	55000001	55500000	-0.313206241805445
19	55500001	56000000	-0.111449159430791
19	56000001	56500000	-0.00552804394426406
19	56500001	57000000	0.0164867577947867
19	57000001	57500000	0.0238407385252154
19	57500001	58000000	-0.048970199455466
19	58000001	58500000	0.0248713977235882
19	58500001	59000000	-0.0117751858030239
19	59000001	59500000	NA
20	1	500000	NA
20	500001	1000000	-0.0162112405850494
20	1000001	1500000	-0.0190217826164381
20	1500001	2000000	-0.13415877432514
20	2000001	2500000	0.0419532362296985
20	2500001	3000000	0.0548889754579125
20	3000001	3500000	0.0201175130374784
20	3500001	4000000	-0.00148656476962442
20	4000001	4500000	0.00160316489825907
20	4500001	5000000	0.0559529373584918
20	5000001	5500000	0.0062628864639259
20	5500001	6000000	-0.0326544457415544
20	6000001	6500000	0.0105910111305434
20	6500001	7000000	0.0429428834958387
20	7000001	7500000	-0.0488857104309879
20	7500001	8000000	0.0172013322326107
20	8000001	8500000	-0.0200595957137109
20	8500001	9000000	-0.0675907052267039
20	9000001	9500000	-0.0366185254990937
20	9500001	10000000	0.024133956121661
20	10000001	10500000	0.0391113349821384
20	10500001	11000000	0.000173813712649448
20	11000001	11500000	0.0389142121264246
20	11500001	12000000	-0.000515768170028052
20	12000001	12500000	-0.00998353785581244
20	12500001	13000000	-0.010292274976512
20	13000001	13500000	-0.0341354263116197
20	13500001	14000000	0.0252072825959837
20	14000001	14500000	0.0512555144065498
20	14500001	15000000	-0.0224632124361214
20	15000001	15500000	0.00553857718650764
20	15500001	16000000	-0.0265017198297633
20	16000001	16500000	0.01148779365777
20	16500001	17000000	0.00453209903102008
20	17000001	17500000	-0.0470781417295464
20	17500001	18000000	0.00971666025093672
20	18000001	18500000	0.0173150399506528
20	18500001	19000000	-0.0149836762597778
20	19000001	19500000	0.00997779133620233
20	19500001	20000000	0.0014903735096279
20	20000001	20500000	0.0342086376272644
20	20500001	21000000	0.0243768499233089
20	21000001	21500000	-0.00789523544402783
20	21500001	22000000	-0.0217102101205532
20	22000001	22500000	0.0359523767149546
20	22500001	23000000	-0.00312429921635482
20	23000001	23500000	0.0102648314684263
20	23500001	24000000	0.0401609224994806
20	24000001	24500000	-0.0637737690045783
20	24500001	25000000	0.0551875386991106
20	25000001	25500000	0.0358527010184862
20	25500001	26000000	0.125000546262576
20	30000001	30500000	-0.0228578934154418
20	30500001	31000000	0.0417335926893119
20	31000001	31500000	0.0417416543194791
20	31500001	32000000	-0.0599873237911454
20	32000001	32500000	0.0301158440378468
20	32500001	33000000	-0.00766861786764027
20	33000001	33500000	-0.0385371095096615
20	33500001	34000000	0.00751496752167641
20	34000001	34500000	-0.074949534171331
20	34500001	35000000	NA
20	35000001	35500000	0.0457900239961217
20	35500001	36000000	-0.0918448853308408
20	36000001	36500000	-0.0392414297157172
20	36500001	37000000	0.0693508742373184
20	37000001	37500000	0.0671368958534023
20	37500001	38000000	-0.0311179185514288
20	38000001	38500000	0.0210090391702611
20	38500001	39000000	0.0156547144926929
20	39000001	39500000	-0.0270244758944904
20	39500001	40000000	0.0466490567826913
20	40000001	40500000	0.0183918156549367
20	40500001	41000000	-0.00505198161795224
20	41000001	41500000	-0.0183572729797053
20	41500001	42000000	0.0060583899950816
20	42000001	42500000	-0.0380182759678768
20	42500001	43000000	0.0331932559436581
20	43000001	43500000	0.0589625725438892
20	43500001	44000000	-0.049803513483165
20	44000001	44500000	0.0649015524381725
20	44500001	45000000	-0.0185909131293093
20	45000001	45500000	-0.0611929209644956
20	45500001	46000000	0.0123175874728697
20	46000001	46500000	-0.0625271569573817
20	46500001	47000000	-0.034626995501239
20	47000001	47500000	-0.00893506273948017
20	47500001	48000000	0.0138097572462999
20	48000001	48500000	-0.0749787628721871
20	48500001	49000000	0.00440633958229152
20	49000001	49500000	0.0206379011948123
20	49500001	50000000	-0.00831959098797296
20	50000001	50500000	0.00201728813114483
20	50500001	51000000	-0.00660161479301629
20	51000001	51500000	-0.01559210377102
20	51500001	52000000	-0.00977851598265552
20	52000001	52500000	-0.0130868818894912
20	52500001	53000000	0.0301476662584526
20	53000001	53500000	0.0541160926760191
20	53500001	54000000	0.0290078408833011
20	54000001	54500000	-0.00736845486335528
20	54500001	55000000	-0.0103834454559271
20	55000001	55500000	-0.057436188162195
20	55500001	56000000	0.0333886993916896
20	56000001	56500000	-0.0237996162511786
20	56500001	57000000	0.0073076775168087
20	57000001	57500000	-0.0119736633543663
20	57500001	58000000	0.0355076310205298
20	58000001	58500000	0.0389210793774516
20	58500001	59000000	0.0187737959435356
20	59000001	59500000	0.015840169196167
20	59500001	60000000	-0.00287679498591144
20	60000001	60500000	0.0215463716167513
20	60500001	61000000	-0.0168812998641856
20	61000001	61500000	NA
20	61500001	62000000	0.0496398054146462
20	62000001	62500000	-0.0231049207089282
20	62500001	63000000	NA
21	15500001	16000000	0.0237159416408678
21	16000001	16500000	-0.0367354699569286
21	16500001	17000000	-0.00553387979780606
21	17000001	17500000	-0.00120623509068333
21	17500001	18000000	0.0533908587704341
21	18000001	18500000	-0.0214827562369604
21	18500001	19000000	0.0148711549643743
21	19000001	19500000	0.0144643971160844
21	19500001	20000000	-0.0159384411262916
21	20000001	20500000	0.0761611121419244
21	20500001	21000000	-0.0229127578750501
21	21000001	21500000	0.00821884653913424
21	21500001	22000000	-0.0233621950391099
21	22000001	22500000	0.0535319703814505
21	22500001	23000000	-0.0850869981955928
21	23000001	23500000	-0.0097862445953191
21	23500001	24000000	-0.0237132126572105
21	24000001	24500000	-0.00980261305425228
21	24500001	25000000	0.0292864315645281
21	25000001	25500000	-0.0276754356759843
21	25500001	26000000	0.0302571097515494
21	26000001	26500000	-0.0305097923953141
21	26500001	27000000	-0.0274341656352735
21	27000001	27500000	-0.0472899687528498
21	27500001	28000000	0.00744361758184542
21	28000001	28500000	0.00495492444627449
21	28500001	29000000	0.0261338501591618
21	29000001	29500000	0.07781683588049
21	29500001	30000000	0.0318683184673269
21	30000001	30500000	-0.0224660505259476
21	30500001	31000000	-0.00473074311837144
21	31000001	31500000	0.0136705443995525
21	31500001	32000000	-0.0530292834001304
21	32000001	32500000	0.0153632768338203
21	32500001	33000000	0.0117406906681496
21	33000001	33500000	NA
21	33500001	34000000	0.0435452576879241
21	34000001	34500000	0.0186126417396029
21	34500001	35000000	-0.0107508694516093
21	35000001	35500000	-0.0263801409430285
21	35500001	36000000	-0.000557473960371164
21	36000001	36500000	0.0472027021681331
21	36500001	37000000	-0.0437393929888078
21	37000001	37500000	0.00926810219566294
21	37500001	38000000	0.0121383419326096
21	38000001	38500000	0.0219342283278368
21	38500001	39000000	-0.00917560120691218
21	39000001	39500000	-0.0339400552116171
21	39500001	40000000	-0.0214424133610079
21	40000001	40500000	NA
21	40500001	41000000	-0.0422846174951679
21	41000001	41500000	0.0021213008382971
21	41500001	42000000	-0.0191000817286597
21	42000001	42500000	0.0417398936286871
21	42500001	43000000	NA
21	43000001	43500000	NA
21	43500001	44000000	0.0170557498450668
21	44000001	44500000	NA
21	44500001	45000000	NA
21	45000001	45500000	-0.0522539775563643
21	45500001	46000000	0.0714926910608834
21	46000001	46500000	-0.0120365058653633
21	46500001	47000000	0.0285610388663886
21	47000001	47500000	0.0206825145295263
21	47500001	48000000	0.0817805571670224
21	48000001	48500000	NA
22	17000001	17500000	0.0567508830607348
22	17500001	18000000	0.0190114518199378
22	18000001	18500000	-0.0306782853735034
22	19000001	19500000	NA
22	19500001	20000000	0.0407896269448201
22	21000001	21500000	-0.0138739026935606
22	22000001	22500000	0.0202440182413418
22	22500001	23000000	0.00881592611038799
22	23000001	23500000	0.0132854337338414
22	23500001	24000000	0.0113497816361507
22	24000001	24500000	-0.0420282965649979
22	24500001	25000000	-0.0291036832199533
22	25000001	25500000	-0.109806786530749
22	25500001	26000000	0.0312631632370288
22	26000001	26500000	-0.00682920657277753
22	26500001	27000000	0.0327599463205868
22	27000001	27500000	-0.0185172309721661
22	27500001	28000000	-0.0338482545269332
22	28000001	28500000	-0.111972707069083
22	28500001	29000000	-0.0287575663894055
22	29000001	29500000	-0.0325011958910381
22	29500001	30000000	0.0515774684101345
22	30000001	30500000	0.0499056728966417
22	30500001	31000000	0.00722705927225004
22	31000001	31500000	-0.0259352509320474
22	31500001	32000000	0.0262616476755431
22	32000001	32500000	-0.00537512908522557
22	32500001	33000000	0.00679851647688508
22	33000001	33500000	-0.108361803797677
22	33500001	34000000	-0.0340310552456743
22	34000001	34500000	0.0111876779472637
22	34500001	35000000	-0.0249522705693492
22	35000001	35500000	0.00998785498545029
22	35500001	36000000	-0.0433678992738728
22	36000001	36500000	0.016171884251861
22	36500001	37000000	0.0246268132426511
22	37000001	37500000	-0.0414016557033089
22	37500001	38000000	-0.0173777238629773
22	38000001	38500000	-0.00410719167157157
22	38500001	39000000	0.0330327997833342
22	39000001	39500000	-0.00290592350302704
22	39500001	40000000	0.00799263224149137
22	40000001	40500000	-0.0500188245403092
22	40500001	41000000	-0.00263154044739482
22	41000001	41500000	-0.0282172405456159
22	41500001	42000000	0.0307043697612
22	42000001	42500000	-0.0517767446197295
22	42500001	43000000	0.00981542011409152
22	43000001	43500000	-0.0278726196325381
22	43500001	44000000	0.0276714149675924
22	44000001	44500000	0.0590607390228186
22	44500001	45000000	-0.00515346795469537
22	45000001	45500000	-0.0183148891163287
22	45500001	46000000	0.0178641832286652
22	46000001	46500000	0.0243221137283155
22	46500001	47000000	0.0498428961293143
22	47000001	47500000	0.0285146249820623
22	47500001	48000000	-0.0203044447045939
22	48000001	48500000	0.0221999271085876
22	48500001	49000000	0.0263017106627448
22	49000001	49500000	0.0144657029816224
22	49500001	50000000	0.060663967206509
22	50000001	50500000	NA
22	50500001	51000000	0.0248801082706392
