chr	start	end	log2_TNratio_corrected
chr1	1000001	1500000	NA
chr1	1500001	2000000	0.0968409401230471
chr1	2000001	2500000	NA
chr1	3000001	3500000	-0.142176914621548
chr1	4000001	4500000	-0.138867502638846
chr1	4500001	5000000	-0.12145379834442
chr1	5000001	5500000	0.0148799335668922
chr1	5500001	6000000	-0.161514958000715
chr1	6000001	6500000	-0.121713099227492
chr1	6500001	7000000	0.0235318129251882
chr1	7000001	7500000	-0.055126392518866
chr1	7500001	8000000	-0.0338050862909215
chr1	8000001	8500000	-0.00365214849212642
chr1	8500001	9000000	0.0871620961380796
chr1	9000001	9500000	-0.0226507226235486
chr1	9500001	10000000	0.0186028840864297
chr1	10000001	10500000	0.0256833595218548
chr1	10500001	11000000	-0.0888214225157427
chr1	11000001	11500000	-0.0223574188715881
chr1	11500001	12000000	-0.152226887014698
chr1	12000001	12500000	0.0497925860372568
chr1	14000001	14500000	-0.055459657009399
chr1	14500001	15000000	-0.128985092187801
chr1	15000001	15500000	-0.0726937146697503
chr1	15500001	16000000	-0.0588859920161964
chr1	16000001	16500000	0.00187192109587044
chr1	17500001	18000000	-0.142489896107488
chr1	18000001	18500000	-0.157205873501348
chr1	18500001	19000000	-0.0683906946132337
chr1	19000001	19500000	-0.0439525597228603
chr1	19500001	20000000	0.0454096171987141
chr1	20000001	20500000	-0.1360007892962
chr1	20500001	21000000	-0.122391617558934
chr1	21000001	21500000	0.09774430161735
chr1	21500001	22000000	-0.00232746490530724
chr1	22000001	22500000	-0.0572497221181068
chr1	22500001	23000000	-0.12327013684743
chr1	23000001	23500000	-0.0151100042127852
chr1	23500001	24000000	-0.068838597770862
chr1	24000001	24500000	-0.0201407590742793
chr1	24500001	25000000	-0.0210810611255518
chr1	25000001	25500000	-0.0493692130492164
chr1	26000001	26500000	-0.0357774478520389
chr1	26500001	27000000	0.071929902886489
chr1	27000001	27500000	0.0722547776722142
chr1	27500001	28000000	0.135761928106258
chr1	28000001	28500000	0.124175497819041
chr1	28500001	29000000	0.068467994903377
chr1	29000001	29500000	0.0281077016156032
chr1	30000001	30500000	NA
chr1	30500001	31000000	-0.124258735940366
chr1	31000001	31500000	-0.0495233938514835
chr1	31500001	32000000	-0.0496312444407012
chr1	32000001	32500000	0.0259879753218218
chr1	32500001	33000000	-0.0577457584390821
chr1	33000001	33500000	0.00816532576666667
chr1	33500001	34000000	0.0756213418266961
chr1	34000001	34500000	-0.0979491945903337
chr1	34500001	35000000	-0.0203333076963103
chr1	35000001	35500000	-0.074727423896782
chr1	35500001	36000000	-0.0166862331712354
chr1	36000001	36500000	0.027223407636673
chr1	36500001	37000000	0.105932656948703
chr1	37000001	37500000	-0.148104049805381
chr1	37500001	38000000	-0.0483937670942523
chr1	38000001	38500000	0.064391285599843
chr1	38500001	39000000	-0.0652804902404128
chr1	39000001	39500000	0.0219422335885189
chr1	39500001	40000000	-0.0274007853208806
chr1	40000001	40500000	-0.026232492777021
chr1	40500001	41000000	0.103911119495852
chr1	41000001	41500000	-0.0203015027066886
chr1	41500001	42000000	0.00292955739369534
chr1	42000001	42500000	-0.0652108472934611
chr1	42500001	43000000	-0.0388367161011858
chr1	43000001	43500000	0.0583823596975175
chr1	43500001	44000000	-0.103794523382518
chr1	44000001	44500000	0.0590413960473834
chr1	44500001	45000000	-0.0687188283092409
chr1	45000001	45500000	-0.0202696812433542
chr1	45500001	46000000	0.0134241981786662
chr1	46000001	46500000	0.0251383200191352
chr1	46500001	47000000	0.0227597113816695
chr1	47000001	47500000	-0.0141221890631109
chr1	47500001	48000000	-0.0149910494388759
chr1	48000001	48500000	-0.0750605078416516
chr1	48500001	49000000	-0.0706759601335125
chr1	49000001	49500000	-0.0191637547981503
chr1	49500001	50000000	0.0653412317045431
chr1	50000001	50500000	-0.039720017465904
chr1	50500001	51000000	-0.083080115975379
chr1	51000001	51500000	0.0170377265166704
chr1	51500001	52000000	-0.0558167248983119
chr1	52000001	52500000	0.0665225906775761
chr1	52500001	53000000	0.00477503439147658
chr1	53000001	53500000	-0.0175844656394601
chr1	53500001	54000000	-0.0683812316859431
chr1	54000001	54500000	-0.0168474706340855
chr1	54500001	55000000	-0.0870944736040142
chr1	55000001	55500000	-0.0789639906895914
chr1	55500001	56000000	-0.010886833608325
chr1	56000001	56500000	-0.0395017991773564
chr1	56500001	57000000	-0.127155314418907
chr1	57000001	57500000	-0.0346254449780584
chr1	57500001	58000000	-0.0639907854620601
chr1	58000001	58500000	-0.100035608603414
chr1	58500001	59000000	-0.0626361874295042
chr1	59000001	59500000	-0.0353613308772762
chr1	59500001	60000000	-0.05234324541494
chr1	60000001	60500000	0.0300983154652384
chr1	60500001	61000000	-0.0226551745049959
chr1	61000001	61500000	-0.0516070854438234
chr1	61500001	62000000	-0.061131161412014
chr1	62000001	62500000	-0.0155669845994582
chr1	62500001	63000000	-0.0284533299342608
chr1	63000001	63500000	-0.0590003964992442
chr1	63500001	64000000	0.0297968322832455
chr1	64000001	64500000	-0.0218962385647659
chr1	64500001	65000000	-0.0618304801525522
chr1	65000001	65500000	-0.0125839242170461
chr1	65500001	66000000	-0.049975342174703
chr1	66000001	66500000	0.000829766602595074
chr1	66500001	67000000	-0.0366641149628
chr1	67000001	67500000	0.0217932666391967
chr1	67500001	68000000	-0.0186156206778358
chr1	68000001	68500000	-0.0666566270549728
chr1	68500001	69000000	-0.0399678445488581
chr1	69000001	69500000	-0.00365720429524714
chr1	69500001	70000000	-0.0435894793909795
chr1	70000001	70500000	-0.0350050267133931
chr1	70500001	71000000	0.0279489614565055
chr1	71000001	71500000	0.0280275127107936
chr1	71500001	72000000	-0.0314697509810053
chr1	72000001	72500000	-0.105407400172595
chr1	72500001	73000000	0.039157246576112
chr1	73000001	73500000	0.0177569744377378
chr1	73500001	74000000	0.0378720664528325
chr1	74000001	74500000	0.00724488074898903
chr1	74500001	75000000	-0.0344954737857703
chr1	75000001	75500000	0.041103055074374
chr1	75500001	76000000	-0.0114995597105144
chr1	76000001	76500000	0.0215537175531741
chr1	76500001	77000000	0.0174105799078086
chr1	77000001	77500000	-0.055808860165234
chr1	77500001	78000000	-0.0684158363893691
chr1	78000001	78500000	0.0412163677309356
chr1	78500001	79000000	-0.029437760104791
chr1	79000001	79500000	-0.0616979529298749
chr1	79500001	80000000	0.0184582671642898
chr1	80000001	80500000	0.014625734989085
chr1	80500001	81000000	0.0576198007708275
chr1	81000001	81500000	0.0565204579127532
chr1	81500001	82000000	-0.0582295532334853
chr1	82000001	82500000	0.0437842399029584
chr1	82500001	83000000	-0.0261060869474188
chr1	83000001	83500000	-0.0231434045217829
chr1	84000001	84500000	-0.00338543293029636
chr1	84500001	85000000	0.0534951743414851
chr1	85000001	85500000	0.0211469519913898
chr1	85500001	86000000	-0.0114200546885104
chr1	86000001	86500000	-0.0166888585887043
chr1	86500001	87000000	0.0327071524136575
chr1	87000001	87500000	0.0507467442884064
chr1	87500001	88000000	-0.0541491834765287
chr1	88000001	88500000	0.00511370892460453
chr1	88500001	89000000	-0.0805915509177963
chr1	89000001	89500000	-0.00979223058076731
chr1	89500001	90000000	-0.00800078927177771
chr1	90000001	90500000	0.0735376684350969
chr1	90500001	91000000	-0.0690326655027322
chr1	91000001	91500000	-0.00882165060498979
chr1	91500001	92000000	-0.0414348277524847
chr1	92000001	92500000	-0.0596252954819012
chr1	92500001	93000000	-0.0657584353724724
chr1	93000001	93500000	-0.0316932856743758
chr1	93500001	94000000	0.025843111907371
chr1	94000001	94500000	-0.0619415657935767
chr1	94500001	95000000	-0.024017459514325
chr1	95000001	95500000	-0.0174882358916472
chr1	95500001	96000000	-0.00478679480885091
chr1	96000001	96500000	-0.000585622050465753
chr1	96500001	97000000	-0.139679518199414
chr1	97000001	97500000	-0.0126643822327969
chr1	97500001	98000000	0.0575795625461589
chr1	98000001	98500000	-0.0930187733660481
chr1	98500001	99000000	-0.0720420635644505
chr1	99000001	99500000	-0.0129167599537743
chr1	99500001	100000000	0.0143053952294203
chr1	100000001	100500000	0.0494268509649256
chr1	100500001	101000000	0.0199032383211571
chr1	101000001	101500000	-0.0332525767151066
chr1	101500001	102000000	-0.0330067618862844
chr1	102000001	102500000	-0.041798857036214
chr1	102500001	103000000	-0.072289194396535
chr1	103000001	103500000	0.0148770084634739
chr1	104500001	105000000	-0.00284387111748045
chr1	105000001	105500000	0.03207488107596
chr1	105500001	106000000	0.0171004846392147
chr1	106000001	106500000	-0.0212066821650985
chr1	106500001	107000000	0.0289402236373764
chr1	107000001	107500000	-0.0493745064023589
chr1	107500001	108000000	0.0263711240970869
chr1	108000001	108500000	-0.030893879691198
chr1	109000001	109500000	0.0253125601431196
chr1	109500001	110000000	0.102602201643366
chr1	110000001	110500000	0.0635791577580021
chr1	110500001	111000000	-0.0175296841459405
chr1	111000001	111500000	0.026377331032363
chr1	111500001	112000000	-0.0176402534054526
chr1	112000001	112500000	0.0553350744780701
chr1	112500001	113000000	-0.101551507025252
chr1	113000001	113500000	0.0385149481717694
chr1	113500001	114000000	-0.025832756449135
chr1	114000001	114500000	0.033064313439808
chr1	114500001	115000000	-0.0599562693134946
chr1	115000001	115500000	0.0302651094139456
chr1	115500001	116000000	-0.0617026645314676
chr1	116000001	116500000	-0.0865640165231655
chr1	116500001	117000000	0.00967976746614511
chr1	117000001	117500000	-0.0224788517972901
chr1	117500001	118000000	-0.0526472186422821
chr1	118000001	118500000	0.0613852802112234
chr1	118500001	119000000	0.0456804878114596
chr1	119000001	119500000	-0.0110137941205144
chr1	119500001	120000000	-0.0678641888262827
chr1	120000001	120500000	0.0211880257696993
chr1	146500001	147000000	0.0201046062273736
chr1	150000001	150500000	0.0555971801691195
chr1	150500001	151000000	0.132247738410353
chr1	151000001	151500000	0.0958415664072169
chr1	151500001	152000000	-0.0203294469318825
chr1	152000001	152500000	0.0383607982486357
chr1	152500001	153000000	-0.0828955530255338
chr1	153000001	153500000	-0.0103121117188573
chr1	153500001	154000000	0.112576296199234
chr1	154000001	154500000	0.0687347263001087
chr1	154500001	155000000	0.0207067549689384
chr1	155000001	155500000	0.0775102123429152
chr1	155500001	156000000	0.074869570171741
chr1	156000001	156500000	0.019757781058953
chr1	156500001	157000000	-0.0653092065059948
chr1	157000001	157500000	-0.0475277506340713
chr1	157500001	158000000	-0.022023853561506
chr1	158000001	158500000	-0.0420329846388888
chr1	158500001	159000000	-0.0256162799909828
chr1	159000001	159500000	-0.0329736619381963
chr1	159500001	160000000	-0.0554248299263011
chr1	160000001	160500000	0.0520356505814809
chr1	160500001	161000000	-0.00898724745228304
chr1	161000001	161500000	0.116606783655522
chr1	162000001	162500000	-0.0598035547822081
chr1	162500001	163000000	-0.0250033084604999
chr1	163000001	163500000	-0.0522918747482305
chr1	163500001	164000000	-0.0332034221315796
chr1	164000001	164500000	-0.0453817269732404
chr1	164500001	165000000	-0.0504234022383124
chr1	165000001	165500000	-0.105871361308095
chr1	165500001	166000000	-0.0211452627125096
chr1	166000001	166500000	-0.0257440710294249
chr1	166500001	167000000	-0.0178625080632338
chr1	167000001	167500000	-0.0264157248206869
chr1	167500001	168000000	0.0710140245490851
chr1	168000001	168500000	0.0279326272056535
chr1	168500001	169000000	-0.128008422485919
chr1	169000001	169500000	0.0450333170376459
chr1	169500001	170000000	-0.0603318792540966
chr1	170000001	170500000	-0.0188047472819572
chr1	170500001	171000000	0.00810516863497293
chr1	171000001	171500000	0.010393609215222
chr1	171500001	172000000	-0.0357927904438369
chr1	172000001	172500000	-0.0612616614634579
chr1	172500001	173000000	0.0196808042144304
chr1	173000001	173500000	-0.0475210847546728
chr1	173500001	174000000	0.0254207452397704
chr1	174000001	174500000	-0.0625561653983137
chr1	174500001	175000000	0.0208428926064285
chr1	175000001	175500000	-0.0103328178246197
chr1	175500001	176000000	-0.0449338741132701
chr1	176000001	176500000	0.0208310640490115
chr1	176500001	177000000	-0.0246375820809459
chr1	177000001	177500000	-0.0439932472117496
chr1	177500001	178000000	-0.0153677628450822
chr1	178000001	178500000	0.0344733121259034
chr1	178500001	179000000	-0.00841681833224192
chr1	179000001	179500000	0.0177724068125449
chr1	179500001	180000000	-0.00082921700585432
chr1	180000001	180500000	0.0345737273739225
chr1	180500001	181000000	0.0361074407718491
chr1	181000001	181500000	-0.0862103737566376
chr1	181500001	182000000	-0.0689883922077852
chr1	182000001	182500000	0.0396627716750544
chr1	182500001	183000000	-0.013296654454425
chr1	183000001	183500000	0.104055330035602
chr1	183500001	184000000	-0.00240945671394537
chr1	184000001	184500000	-0.0867258260079433
chr1	184500001	185000000	0.0135863443352965
chr1	185000001	185500000	0.040436029411311
chr1	185500001	186000000	-0.00790195951841585
chr1	186000001	186500000	0.028278654422859
chr1	186500001	187000000	-0.0201153062892304
chr1	187000001	187500000	-0.116426144347776
chr1	187500001	188000000	-0.0424464245169116
chr1	188000001	188500000	-0.0171339077567385
chr1	188500001	189000000	0.103466316673366
chr1	189000001	189500000	0.0511211907460978
chr1	189500001	190000000	0.0173958833407331
chr1	190000001	190500000	NA
chr1	190500001	191000000	0.0127161915139072
chr1	191000001	191500000	0.0072872085092461
chr1	191500001	192000000	-0.00318268319380618
chr1	192000001	192500000	0.00622902121765632
chr1	192500001	193000000	-0.0234234242814425
chr1	193000001	193500000	0.00563936920174426
chr1	193500001	194000000	-0.0614174133069256
chr1	194000001	194500000	-0.0285378345807666
chr1	194500001	195000000	0.0510193045064622
chr1	195000001	195500000	0.00869374578658265
chr1	195500001	196000000	-0.0643517408519786
chr1	196000001	196500000	-0.121529014776349
chr1	197000001	197500000	0.00581968384820553
chr1	197500001	198000000	0.0145951193902729
chr1	198000001	198500000	0.022575260682992
chr1	198500001	199000000	0.0481384573197303
chr1	199000001	199500000	-0.0260835223796482
chr1	199500001	200000000	-0.0831400905467482
chr1	200000001	200500000	0.0206911719024375
chr1	200500001	201000000	0.0828600182363256
chr1	201000001	201500000	-0.101317040752914
chr1	201500001	202000000	-0.112334197356825
chr1	202000001	202500000	-0.0957852499707239
chr1	202500001	203000000	0.0465591557281864
chr1	203000001	203500000	-0.0664787037700731
chr1	203500001	204000000	-0.0166075711475518
chr1	204000001	204500000	-0.0705937576653803
chr1	204500001	205000000	-0.0842200956084462
chr1	205000001	205500000	-0.0433941000244234
chr1	206500001	207000000	-0.0353571554480728
chr1	207000001	207500000	-0.0180965444166836
chr1	207500001	208000000	0.0437050150429407
chr1	208000001	208500000	0.0300611709114448
chr1	208500001	209000000	-0.0744364457332739
chr1	209000001	209500000	0.0358729484368791
chr1	209500001	210000000	-0.0063894111983721
chr1	210000001	210500000	-0.0475861140394224
chr1	210500001	211000000	-0.0676478549883738
chr1	211000001	211500000	-0.0583422465314854
chr1	211500001	212000000	0.0509702932067293
chr1	212000001	212500000	0.0533747359638458
chr1	212500001	213000000	0.080259015821747
chr1	213000001	213500000	0.0865220866923314
chr1	213500001	214000000	-0.0688746715542888
chr1	214000001	214500000	0.0376791652737733
chr1	214500001	215000000	0.0465134516799812
chr1	215000001	215500000	0.0424796008561933
chr1	215500001	216000000	0.0464654233567424
chr1	216000001	216500000	-0.0231022738888601
chr1	216500001	217000000	0.0765085057293854
chr1	217000001	217500000	0.015324961511053
chr1	217500001	218000000	0.0273752323829593
chr1	218000001	218500000	0.112958119487179
chr1	218500001	219000000	0.0212968518305144
chr1	219000001	219500000	0.0176281407866764
chr1	219500001	220000000	-0.0325621512698025
chr1	220000001	220500000	-0.0825909398519444
chr1	220500001	221000000	0.0949194311058549
chr1	221000001	221500000	-0.00665882246693654
chr1	221500001	222000000	-0.02800613059684
chr1	222000001	222500000	-0.11866766773026
chr1	223000001	223500000	0.0232647970264803
chr1	224500001	225000000	0.0394046676063158
chr1	225000001	225500000	-0.0554901568942306
chr1	225500001	226000000	0.0307351645751194
chr1	226000001	226500000	0.110123430105487
chr1	226500001	227000000	0.000473040654746643
chr1	227000001	227500000	0.0385526173662622
chr1	227500001	228000000	0.110881240072051
chr1	228000001	228500000	0.0267869301972267
chr1	228500001	229000000	-0.0751310977159415
chr1	229000001	229500000	-0.00926731009448572
chr1	229500001	230000000	0.00635439754570613
chr1	230000001	230500000	0.033867315200072
chr1	230500001	231000000	-0.0363234968071638
chr1	231000001	231500000	0.029743935594976
chr1	231500001	232000000	-0.0463475580584408
chr1	232000001	232500000	-0.120692366616845
chr1	232500001	233000000	-0.0289818017532415
chr1	233000001	233500000	0.018030427324965
chr1	233500001	234000000	-0.0451549782845654
chr1	234000001	234500000	0.0497313312814987
chr1	234500001	235000000	0.0086306845866912
chr1	235500001	236000000	0.0900482975874598
chr1	236000001	236500000	0.0416120344766295
chr1	236500001	237000000	-0.0347263530107767
chr1	237000001	237500000	-0.0179193883741724
chr1	237500001	238000000	-0.0237877333736017
chr1	238000001	238500000	0.00319250368781428
chr1	238500001	239000000	0.0418786284263916
chr1	239000001	239500000	-0.0728759041868125
chr1	239500001	240000000	0.0730282573033589
chr1	240000001	240500000	-0.0111846081334932
chr1	240500001	241000000	0.0104742881333814
chr1	241000001	241500000	0.00376437604958919
chr1	241500001	242000000	-0.0304111006686339
chr1	242000001	242500000	-0.00014618122188971
chr1	242500001	243000000	0.0623714566115075
chr1	243500001	244000000	0.0118361333652908
chr1	244000001	244500000	-0.0920616545051206
chr1	244500001	245000000	0.0273592564317133
chr1	245000001	245500000	0.0888786346905823
chr1	245500001	246000000	-0.041583593188428
chr1	246000001	246500000	-0.0513622511047634
chr1	246500001	247000000	0.0228754945996672
chr1	247000001	247500000	0.0781236737641521
chr1	247500001	248000000	-0.0273346762432279
chr1	248000001	248500000	0.0222699508612732
chr2	1	500000	NA
chr2	500001	1000000	0.0058107145120158
chr2	1000001	1500000	0.00264308066622153
chr2	1500001	2000000	-0.0190705962218211
chr2	2000001	2500000	-0.0624693479584524
chr2	2500001	3000000	0.00611472690089296
chr2	3000001	3500000	0.00745573615792784
chr2	4000001	4500000	0.0703428758248621
chr2	4500001	5000000	0.0370614087081756
chr2	5500001	6000000	0.0421245107022713
chr2	6000001	6500000	-0.0439766754993269
chr2	6500001	7000000	-0.00785521903348711
chr2	7000001	7500000	-0.0169578152901097
chr2	7500001	8000000	-0.0963433893868147
chr2	8000001	8500000	-0.0343033877220431
chr2	8500001	9000000	0.00465766230684576
chr2	9000001	9500000	0.0419806633148371
chr2	9500001	10000000	0.0376985523582853
chr2	10000001	10500000	-0.021576417741922
chr2	10500001	11000000	0.0372525471394536
chr2	11000001	11500000	0.0461146775119242
chr2	11500001	12000000	-0.000564576162660615
chr2	12000001	12500000	-0.0498094524571882
chr2	12500001	13000000	-0.0220591757312511
chr2	13000001	13500000	-0.0654569130011381
chr2	13500001	14000000	-0.0548610028072941
chr2	14000001	14500000	0.0445009595606116
chr2	14500001	15000000	0.0822781960674677
chr2	15000001	15500000	-0.0111380384348446
chr2	15500001	16000000	-0.0645779933533553
chr2	16500001	17000000	0.0272793834379779
chr2	17000001	17500000	-0.109770438672015
chr2	17500001	18000000	-0.10343302029405
chr2	18000001	18500000	-0.0474992575837303
chr2	18500001	19000000	0.0544654285641942
chr2	19000001	19500000	-0.0377238514862233
chr2	19500001	20000000	0.0140639110005989
chr2	20000001	20500000	0.0129514756521552
chr2	20500001	21000000	0.0462689937025575
chr2	21000001	21500000	NA
chr2	21500001	22000000	-0.0521551144159102
chr2	22000001	22500000	0.029655920948889
chr2	22500001	23000000	-0.0331731387270362
chr2	23000001	23500000	-0.00994595739617629
chr2	23500001	24000000	-0.0863828546735142
chr2	24000001	24500000	0.0570793100069831
chr2	24500001	25000000	0.0616040943100127
chr2	25000001	25500000	-0.0645633059776204
chr2	25500001	26000000	0.0211337079328357
chr2	26000001	26500000	0.0420906704610034
chr2	26500001	27000000	0.0379776843092458
chr2	27000001	27500000	-0.0261586186785288
chr2	27500001	28000000	0.0947163748839827
chr2	28000001	28500000	0.00703516754574259
chr2	28500001	29000000	0.0268225568411703
chr2	29000001	29500000	0.0187869485758022
chr2	29500001	30000000	-0.123596243652423
chr2	30000001	30500000	-0.020021598217789
chr2	30500001	31000000	-0.074453146884945
chr2	31000001	31500000	-0.0891359518604689
chr2	31500001	32000000	NA
chr2	32000001	32500000	0.0626384265695554
chr2	32500001	33000000	0.0185615705138778
chr2	33000001	33500000	NA
chr2	33500001	34000000	-0.0347760482751754
chr2	34000001	34500000	0.0205847250668213
chr2	34500001	35000000	-0.0766977782845304
chr2	35000001	35500000	-0.0519681395272388
chr2	35500001	36000000	0.044099345923698
chr2	36000001	36500000	-0.0058519368967366
chr2	36500001	37000000	-0.0188862777014967
chr2	37000001	37500000	0.0195471249061138
chr2	37500001	38000000	0.0839315109212174
chr2	38000001	38500000	0.00118442925876218
chr2	38500001	39000000	0.107746643094895
chr2	39000001	39500000	0.0345529477944663
chr2	39500001	40000000	-0.0510462722709945
chr2	40000001	40500000	-0.0411361102196508
chr2	40500001	41000000	-0.0490248818215179
chr2	41000001	41500000	-0.0100013217508733
chr2	41500001	42000000	-0.0156663755491677
chr2	42000001	42500000	-0.0469277564319052
chr2	42500001	43000000	-0.0415571156019668
chr2	43000001	43500000	-0.0288760674126045
chr2	43500001	44000000	0.00177678014565194
chr2	44000001	44500000	0.0703315040656532
chr2	44500001	45000000	-0.0849448295118576
chr2	45000001	45500000	-0.0278529148692182
chr2	45500001	46000000	-0.00429642850589742
chr2	46000001	46500000	-0.134329939949367
chr2	46500001	47000000	0.0162003186853961
chr2	47000001	47500000	-0.00578900067418919
chr2	47500001	48000000	-0.0782833342766054
chr2	48000001	48500000	-0.0130630294516864
chr2	48500001	49000000	0.0115190939719973
chr2	49000001	49500000	-0.0322011698341519
chr2	49500001	50000000	-0.0115767689149628
chr2	50000001	50500000	0.00840382871096194
chr2	50500001	51000000	-0.00330190511853958
chr2	51000001	51500000	-0.0113988164485561
chr2	51500001	52000000	-0.00200562423842385
chr2	52000001	52500000	-0.000612429933395348
chr2	52500001	53000000	0.0491030982768116
chr2	53000001	53500000	-0.0983148127585196
chr2	53500001	54000000	-0.00140074820910845
chr2	54000001	54500000	0.0527748538118662
chr2	54500001	55000000	-0.0471251433060789
chr2	55000001	55500000	0.0941742109001499
chr2	55500001	56000000	0.0833240701217726
chr2	56000001	56500000	0.0320589383877245
chr2	56500001	57000000	-0.035584013388471
chr2	57000001	57500000	0.0639836401722488
chr2	57500001	58000000	-0.0651279753399245
chr2	58000001	58500000	-0.0144318094973787
chr2	58500001	59000000	-0.0755174824478076
chr2	59000001	59500000	-0.0719873829120382
chr2	59500001	60000000	-0.022784104863061
chr2	60000001	60500000	-0.127042303489375
chr2	60500001	61000000	0.00723949512300722
chr2	61000001	61500000	0.104718325944486
chr2	61500001	62000000	0.106297696689158
chr2	62000001	62500000	-0.0538991510580198
chr2	62500001	63000000	0.0301580372827237
chr2	63000001	63500000	-0.0189321640923259
chr2	63500001	64000000	-0.033288446797763
chr2	64000001	64500000	-0.000434510618536618
chr2	64500001	65000000	0.0754538408982275
chr2	65000001	65500000	0.0919721648418515
chr2	65500001	66000000	-0.0316173612350325
chr2	66000001	66500000	-0.0393888420905237
chr2	66500001	67000000	0.0119147185578496
chr2	67000001	67500000	0.000994476926895138
chr2	67500001	68000000	-0.0899644506384935
chr2	68000001	68500000	-0.0252744642473172
chr2	68500001	69000000	-0.0274760758170562
chr2	69000001	69500000	-0.03717450877923
chr2	69500001	70000000	0.0817995893555864
chr2	70000001	70500000	0.210146078417517
chr2	70500001	71000000	-0.0555898790867425
chr2	71000001	71500000	0.0242802252958642
chr2	71500001	72000000	-0.0232917288409391
chr2	72000001	72500000	-0.0309883647030828
chr2	72500001	73000000	-0.00171554067267915
chr2	73000001	73500000	-0.0391378000271568
chr2	73500001	74000000	0.0288567213110526
chr2	74000001	74500000	0.0785121640129195
chr2	74500001	75000000	0.0173024264759922
chr2	75000001	75500000	0.0211868920586098
chr2	75500001	76000000	-0.0530206180799596
chr2	76000001	76500000	-0.0371431031449027
chr2	76500001	77000000	-0.0470984810230488
chr2	77000001	77500000	0.00589555689100133
chr2	77500001	78000000	-0.0160196075541649
chr2	78000001	78500000	0.125599355033973
chr2	78500001	79000000	-0.0475744392200549
chr2	79000001	79500000	-0.0211415946439738
chr2	79500001	80000000	0.0381037756539663
chr2	80000001	80500000	0.00986073836292374
chr2	80500001	81000000	-0.00944661011873108
chr2	81000001	81500000	0.0148969801126153
chr2	81500001	82000000	0.00829985051511123
chr2	82000001	82500000	-0.0436183465066066
chr2	82500001	83000000	-0.0110479546705062
chr2	83000001	83500000	0.0732446859789715
chr2	83500001	84000000	0.00815889313977793
chr2	84000001	84500000	0.013585854748869
chr2	84500001	85000000	-0.045651569265053
chr2	85000001	85500000	-0.0945751480192693
chr2	85500001	86000000	0.104539539688225
chr2	86000001	86500000	-0.0265870126340105
chr2	86500001	87000000	0.0186966226564716
chr2	88500001	89000000	-0.0114608476999099
chr2	95500001	96000000	0.0394094973312238
chr2	97000001	97500000	0.0373779661554741
chr2	98500001	99000000	-0.00633864684134352
chr2	99000001	99500000	0.0985357916895118
chr2	99500001	100000000	0.0112034554311492
chr2	100000001	100500000	-0.0498768325711138
chr2	100500001	101000000	-0.0365499342521116
chr2	101000001	101500000	-0.0252694217436096
chr2	101500001	102000000	-0.00923380782711361
chr2	102000001	102500000	-0.0393115268457261
chr2	102500001	103000000	-0.077413902172862
chr2	103000001	103500000	-0.0178154308654435
chr2	103500001	104000000	-0.00899834280914128
chr2	104000001	104500000	0.0173917832394976
chr2	104500001	105000000	-0.043541045594389
chr2	105000001	105500000	0.0289893233226472
chr2	105500001	106000000	-0.0026040115036296
chr2	106000001	106500000	-0.0879878101290217
chr2	106500001	107000000	0.037825516191791
chr2	107500001	108000000	-0.0527277168091489
chr2	108000001	108500000	-0.0238104935386061
chr2	108500001	109000000	-0.0726527157028643
chr2	109500001	110000000	-0.0405332344051619
chr2	111500001	112000000	-0.100608816547094
chr2	113500001	114000000	0.0788328620514149
chr2	114500001	115000000	-0.0153171785223524
chr2	115000001	115500000	-0.0255755156625307
chr2	115500001	116000000	-0.0454909498651243
chr2	116000001	116500000	0.111435532287731
chr2	116500001	117000000	0.0416937818111147
chr2	117000001	117500000	-0.016767285583302
chr2	117500001	118000000	0.0428831334810271
chr2	118000001	118500000	0.00598491936595903
chr2	118500001	119000000	-0.00870161581605297
chr2	119000001	119500000	-0.0670822320827978
chr2	119500001	120000000	-0.0272576430844039
chr2	120000001	120500000	-0.0546770615151245
chr2	120500001	121000000	0.0707708223771543
chr2	121000001	121500000	-0.0154927922026545
chr2	121500001	122000000	-0.0824619307298874
chr2	122000001	122500000	0.0537346219556655
chr2	122500001	123000000	-0.112233783082855
chr2	123000001	123500000	-0.030229692622295
chr2	123500001	124000000	-0.0316972484408691
chr2	124000001	124500000	-0.114808551281103
chr2	124500001	125000000	-0.00435851856654377
chr2	125000001	125500000	-0.0127065236755247
chr2	125500001	126000000	0.0437231345449019
chr2	126000001	126500000	0.0905022038187651
chr2	126500001	127000000	-0.0305050357611586
chr2	127000001	127500000	0.0626827949287449
chr2	127500001	128000000	-0.0266230215443638
chr2	128000001	128500000	0.0011222389896102
chr2	128500001	129000000	0.109201066992235
chr2	129000001	129500000	-0.0378054067160413
chr2	129500001	130000000	-0.0882544537240585
chr2	130000001	130500000	-0.0283136294610137
chr2	131500001	132000000	0.0639608087413107
chr2	133000001	133500000	0.0647194621873348
chr2	133500001	134000000	0.0114134895330791
chr2	134000001	134500000	0.0128588385563653
chr2	134500001	135000000	-0.105212029737449
chr2	135000001	135500000	-0.0423472188269635
chr2	135500001	136000000	-0.00332859637514836
chr2	136000001	136500000	-0.0584355539562998
chr2	136500001	137000000	0.0328690018756275
chr2	137000001	137500000	-0.0636322352167147
chr2	137500001	138000000	-0.0138572209305527
chr2	138000001	138500000	0.0118068735137775
chr2	138500001	139000000	0.0427847928048044
chr2	139000001	139500000	0.0167299226132084
chr2	139500001	140000000	-0.0156065177894939
chr2	140000001	140500000	-0.0150592715298919
chr2	140500001	141000000	0.0381223440299185
chr2	141000001	141500000	0.0375586210587953
chr2	141500001	142000000	-0.0763935810742853
chr2	142000001	142500000	0.0499140362803186
chr2	142500001	143000000	-0.0342700579412027
chr2	143000001	143500000	-0.00322473610144879
chr2	143500001	144000000	-0.0297617108728412
chr2	144000001	144500000	-0.0791921802026977
chr2	144500001	145000000	0.00567139742842254
chr2	145000001	145500000	0.0542499896219406
chr2	145500001	146000000	0.0542182824302221
chr2	146000001	146500000	-0.130585963486274
chr2	146500001	147000000	-0.0444575814696698
chr2	147000001	147500000	-0.0393744806734657
chr2	147500001	148000000	0.000899775367175368
chr2	148000001	148500000	0.0905638645603435
chr2	148500001	149000000	-0.0569967777791193
chr2	149000001	149500000	0.057027151283485
chr2	150000001	150500000	-0.00946438510287131
chr2	150500001	151000000	0.077111893938581
chr2	151000001	151500000	0.0632743509774621
chr2	151500001	152000000	-0.00816299002215987
chr2	152000001	152500000	-0.00720095175938279
chr2	152500001	153000000	0.0208721893037253
chr2	153000001	153500000	-0.0395568805818226
chr2	153500001	154000000	0.047511843773965
chr2	154000001	154500000	0.0121193785440633
chr2	154500001	155000000	-0.000839207099447169
chr2	155000001	155500000	-0.00589002577804038
chr2	155500001	156000000	-0.0885226852965667
chr2	156000001	156500000	-0.013401799137227
chr2	156500001	157000000	0.00197619809921282
chr2	157000001	157500000	0.138013352853722
chr2	157500001	158000000	0.0248276060305776
chr2	158000001	158500000	0.0316303760885841
chr2	158500001	159000000	-0.000105520650003795
chr2	159000001	159500000	0.0176895684405665
chr2	159500001	160000000	-0.00366027393279032
chr2	160000001	160500000	0.0852204783141505
chr2	160500001	161000000	-0.0126642258358348
chr2	161000001	161500000	-0.048860833202972
chr2	161500001	162000000	-0.0146932970138247
chr2	162000001	162500000	0.122544186278753
chr2	162500001	163000000	0.0313007962386776
chr2	163000001	163500000	-0.0266671614744114
chr2	163500001	164000000	0.046174211843156
chr2	164000001	164500000	-0.0449060481755402
chr2	164500001	165000000	0.0747494589677149
chr2	165000001	165500000	0.000938210008974847
chr2	165500001	166000000	-0.0602949867211973
chr2	166000001	166500000	-0.0748151313541134
chr2	166500001	167000000	-0.00620418404368694
chr2	167000001	167500000	-0.0206875009424426
chr2	167500001	168000000	-0.0246375500813035
chr2	168000001	168500000	-0.00946030050642764
chr2	168500001	169000000	0.0279827287413809
chr2	169000001	169500000	-0.0485803949713653
chr2	169500001	170000000	-0.0265184156105231
chr2	170000001	170500000	-0.0464856627082992
chr2	170500001	171000000	0.0157458105247128
chr2	171000001	171500000	0.0100525647452876
chr2	171500001	172000000	-0.00261069598833286
chr2	172000001	172500000	-0.0688858684543847
chr2	172500001	173000000	0.118291811418097
chr2	173000001	173500000	-0.0375902955387827
chr2	173500001	174000000	-0.0584388599930683
chr2	174000001	174500000	-0.0545101460553003
chr2	174500001	175000000	-0.109981181127109
chr2	175000001	175500000	0.0584266679652321
chr2	175500001	176000000	-0.00965704524359732
chr2	176000001	176500000	-0.0253375454839697
chr2	176500001	177000000	0.0508495540310855
chr2	177000001	177500000	-0.0151855783485273
chr2	177500001	178000000	-0.0737244169791221
chr2	178000001	178500000	0.177691154991807
chr2	178500001	179000000	-0.0263664046390995
chr2	179000001	179500000	0.0167696731795855
chr2	179500001	180000000	-0.0225633585773611
chr2	180000001	180500000	-0.0791011656544436
chr2	180500001	181000000	0.0307886306604717
chr2	181000001	181500000	0.00314581108352304
chr2	181500001	182000000	0.0395386280527762
chr2	182000001	182500000	-0.118136403663138
chr2	182500001	183000000	-0.0101576911621152
chr2	183000001	183500000	-0.0452044433044718
chr2	183500001	184000000	-0.0133312481394594
chr2	184000001	184500000	-0.0121109060617099
chr2	184500001	185000000	0.0960290269246864
chr2	185000001	185500000	0.0215465056067204
chr2	185500001	186000000	0.0397260025904712
chr2	186000001	186500000	-0.0222125057266991
chr2	186500001	187000000	-0.00484427903953955
chr2	187000001	187500000	-0.0876815476941225
chr2	187500001	188000000	0.0115762595540914
chr2	188000001	188500000	0.00971102672323908
chr2	188500001	189000000	0.0465357100785576
chr2	189000001	189500000	-0.0303497242841222
chr2	189500001	190000000	-0.0406742846662809
chr2	190000001	190500000	0.0166220715730792
chr2	190500001	191000000	0.0271562615023252
chr2	191000001	191500000	0.0689461155941605
chr2	191500001	192000000	0.0367392307268495
chr2	192000001	192500000	-0.0134875599968672
chr2	192500001	193000000	0.0308451207860701
chr2	193000001	193500000	0.0315508090442968
chr2	193500001	194000000	-0.0300677499837512
chr2	194000001	194500000	-0.00868988045012474
chr2	194500001	195000000	-0.0218166725491164
chr2	195000001	195500000	-0.0386893546167154
chr2	195500001	196000000	0.0269637856302631
chr2	196000001	196500000	-0.0187668915680196
chr2	196500001	197000000	0.0125431828260135
chr2	197000001	197500000	0.0161408876158918
chr2	197500001	198000000	-0.104254802977411
chr2	198000001	198500000	0.0901955195697289
chr2	198500001	199000000	0.0536713196151133
chr2	199000001	199500000	-0.0025223777446869
chr2	199500001	200000000	-0.0200075510681257
chr2	200000001	200500000	-0.00690703162668025
chr2	200500001	201000000	0.00421790119207585
chr2	201000001	201500000	-0.0242490717306897
chr2	201500001	202000000	0.115253790975648
chr2	202000001	202500000	0.0436249913784761
chr2	202500001	203000000	0.021022277006219
chr2	203000001	203500000	0.00623454866663059
chr2	203500001	204000000	0.0809243352870128
chr2	204000001	204500000	0.0535416950132441
chr2	204500001	205000000	-0.0394180159219348
chr2	205000001	205500000	-0.0576134837992914
chr2	205500001	206000000	-0.0380872957772917
chr2	206000001	206500000	-0.0145069028522999
chr2	206500001	207000000	0.0401602982891277
chr2	207000001	207500000	0.031867230807067
chr2	207500001	208000000	-0.031906672776047
chr2	208000001	208500000	0.0180025279581438
chr2	208500001	209000000	0.120857737004599
chr2	209000001	209500000	0.0246378334252772
chr2	210000001	210500000	-0.13990023130392
chr2	210500001	211000000	0.0960186607605729
chr2	211000001	211500000	0.0756319931783951
chr2	211500001	212000000	-0.031228758077956
chr2	212000001	212500000	-0.0110470183322086
chr2	212500001	213000000	0.01348193384987
chr2	213000001	213500000	0.0726587383868709
chr2	213500001	214000000	-0.033205174809878
chr2	214000001	214500000	0.0309157632755814
chr2	214500001	215000000	-0.0542462278470135
chr2	215000001	215500000	-0.0152909150415591
chr2	215500001	216000000	-0.0409801940409402
chr2	216000001	216500000	0.0752619432548849
chr2	216500001	217000000	-0.0366175050528927
chr2	217000001	217500000	-0.0377835691746669
chr2	217500001	218000000	-0.0618198548644738
chr2	218000001	218500000	-0.0469250726508756
chr2	218500001	219000000	-0.0170240949952265
chr2	219000001	219500000	0.148002017330022
chr2	219500001	220000000	-0.0408747480431931
chr2	220000001	220500000	0.0454032412346385
chr2	220500001	221000000	-0.0917191332309633
chr2	221000001	221500000	0.0598214428540924
chr2	221500001	222000000	-0.00691582849312438
chr2	222000001	222500000	-0.00693795160833812
chr2	222500001	223000000	-0.0173897520641287
chr2	223000001	223500000	-0.0148899236352491
chr2	223500001	224000000	-0.0165904304233426
chr2	224000001	224500000	-0.0199699917290431
chr2	224500001	225000000	0.0198130763342297
chr2	225000001	225500000	0.0172369285177783
chr2	225500001	226000000	0.00557320331904232
chr2	226000001	226500000	-0.0295254244984576
chr2	226500001	227000000	0.0395492926664621
chr2	227000001	227500000	-0.00690974098187687
chr2	227500001	228000000	0.0615304913615613
chr2	228000001	228500000	0.0303251179405427
chr2	228500001	229000000	-0.00915600908576449
chr2	229000001	229500000	0.0293685767834043
chr2	229500001	230000000	-0.0220273868718649
chr2	230000001	230500000	0.0769666251215087
chr2	230500001	231000000	-0.0308348438352924
chr2	231000001	231500000	-0.0628050769923575
chr2	231500001	232000000	0.0494303565825932
chr2	232000001	232500000	0.0825765263458491
chr2	232500001	233000000	0.00317777022201828
chr2	233000001	233500000	0.0260014227436923
chr2	233500001	234000000	0.0108807176395186
chr2	234500001	235000000	-0.0310158863202517
chr2	235000001	235500000	-0.068260461753526
chr2	235500001	236000000	-0.11230211324483
chr2	236000001	236500000	-0.0573104562342339
chr2	236500001	237000000	-0.0257666032697279
chr2	237000001	237500000	0.00746338116323373
chr2	237500001	238000000	-0.049717087927477
chr2	238000001	238500000	-0.0130215622028067
chr2	238500001	239000000	0.0652901322507331
chr2	239000001	239500000	-0.0496232888842013
chr2	239500001	240000000	NA
chr2	240000001	240500000	0.0126335806567292
chr2	240500001	241000000	NA
chr2	241000001	241500000	0.0106086460706054
chr2	241500001	242000000	-0.0450665394892063
chr2	242000001	242500000	0.0222543969656747
chr2	242500001	243000000	-0.0701303074559924
chr3	500001	1000000	0.0617780769989258
chr3	1000001	1500000	0.0322712199277781
chr3	1500001	2000000	0.0671634508123514
chr3	2000001	2500000	0.0376386523273922
chr3	2500001	3000000	-0.0575017107320176
chr3	3000001	3500000	0.0424798436707634
chr3	3500001	4000000	-0.0225075478764243
chr3	4000001	4500000	-0.00290129139784687
chr3	4500001	5000000	0.00984829488716644
chr3	5000001	5500000	0.0168683831030235
chr3	5500001	6000000	-0.0362335264504277
chr3	6000001	6500000	-0.0220752081717084
chr3	6500001	7000000	0.02955827671614
chr3	7000001	7500000	0.0349040471599432
chr3	7500001	8000000	-0.0937491556116464
chr3	8000001	8500000	0.0280775567244697
chr3	8500001	9000000	-0.126586002725254
chr3	9000001	9500000	0.025634845892964
chr3	9500001	10000000	0.0980889887143657
chr3	10000001	10500000	0.042236917409068
chr3	10500001	11000000	-0.127783576326218
chr3	11000001	11500000	-0.0632078381561122
chr3	11500001	12000000	-0.0401523073592332
chr3	12000001	12500000	-0.023915026985664
chr3	12500001	13000000	0.00423486581449584
chr3	13000001	13500000	-0.00742129489908739
chr3	13500001	14000000	-0.0251510221779701
chr3	14000001	14500000	-0.000179368900641044
chr3	14500001	15000000	-0.0254943967315701
chr3	15000001	15500000	0.0539747667262022
chr3	15500001	16000000	-0.00597656512495365
chr3	16000001	16500000	-0.0119628318625984
chr3	16500001	17000000	-0.0656327655109302
chr3	17000001	17500000	0.00619517870744531
chr3	17500001	18000000	-0.0370462204914162
chr3	18000001	18500000	-0.0411156897912899
chr3	18500001	19000000	-0.0634310206242637
chr3	19000001	19500000	-0.0282965209551219
chr3	19500001	20000000	-0.021810878436849
chr3	20000001	20500000	0.0251652182558498
chr3	20500001	21000000	0.0439649192995216
chr3	21000001	21500000	0.0735291512328476
chr3	21500001	22000000	0.0195854641838963
chr3	22000001	22500000	-0.0578550507177868
chr3	22500001	23000000	-0.0976384742720201
chr3	23000001	23500000	-0.0442299515943266
chr3	23500001	24000000	0.114271487937978
chr3	24000001	24500000	-0.0353840918281852
chr3	24500001	25000000	-0.0045142487720291
chr3	25000001	25500000	-0.0142127950368626
chr3	25500001	26000000	0.00898155610346216
chr3	26000001	26500000	0.0641548272371614
chr3	26500001	27000000	0.0382652479069395
chr3	27000001	27500000	-0.0111499480710176
chr3	27500001	28000000	-0.00433623893172728
chr3	28000001	28500000	0.0962842997794514
chr3	28500001	29000000	-0.0602236489967387
chr3	29000001	29500000	-0.0329686753442202
chr3	29500001	30000000	-0.0255547695585996
chr3	30000001	30500000	-0.0610598522978023
chr3	30500001	31000000	-0.000736292800863795
chr3	31000001	31500000	-0.0196605058243435
chr3	31500001	32000000	0.0430168449127209
chr3	32000001	32500000	0.0653733258489704
chr3	32500001	33000000	0.0490179404440898
chr3	33000001	33500000	-0.0523744347403933
chr3	33500001	34000000	0.0321118854369281
chr3	34000001	34500000	-0.0524913354441991
chr3	34500001	35000000	-0.0340950491724982
chr3	35000001	35500000	0.0165406873735025
chr3	35500001	36000000	-0.00527598084785033
chr3	36000001	36500000	-0.0562392062452758
chr3	36500001	37000000	0.000156335582418862
chr3	37000001	37500000	0.0502121570546696
chr3	37500001	38000000	-0.0363576343213548
chr3	38000001	38500000	0.0800151152254802
chr3	38500001	39000000	-0.0321482539057359
chr3	39000001	39500000	0.047792118623532
chr3	39500001	40000000	-0.0859698022510526
chr3	40000001	40500000	-0.0465737933798185
chr3	40500001	41000000	-0.0010006058561553
chr3	41000001	41500000	-0.0506842406572257
chr3	41500001	42000000	-0.0428545717837691
chr3	42000001	42500000	0.0133797025919069
chr3	42500001	43000000	0.0748832761392937
chr3	43000001	43500000	0.00384323092728037
chr3	43500001	44000000	0.0236532497778458
chr3	44000001	44500000	0.0355432524695349
chr3	44500001	45000000	-0.047820729091682
chr3	45000001	45500000	-0.107011433441843
chr3	45500001	46000000	0.0834035787609369
chr3	46000001	46500000	0.0835940347994147
chr3	46500001	47000000	-0.0509233242882767
chr3	47000001	47500000	0.0817788953413314
chr3	47500001	48000000	0.0359570515718368
chr3	48000001	48500000	0.00124138797078687
chr3	48500001	49000000	0.0404915079765276
chr3	49000001	49500000	0.109053331612167
chr3	49500001	50000000	0.0728146136829709
chr3	50000001	50500000	0.00166406798136661
chr3	50500001	51000000	0.0432045438388974
chr3	51000001	51500000	-0.00587119362759595
chr3	51500001	52000000	0.0179106943768009
chr3	52000001	52500000	0.00172199750901396
chr3	52500001	53000000	0.0891956733187078
chr3	53000001	53500000	0.0799656053731243
chr3	53500001	54000000	-0.0939054787320071
chr3	54000001	54500000	0.0715312253963094
chr3	54500001	55000000	-0.0736266174554744
chr3	55000001	55500000	-0.107823729074676
chr3	55500001	56000000	-0.0138774078366053
chr3	56000001	56500000	-0.0721902158467216
chr3	56500001	57000000	-0.00914410766694333
chr3	57000001	57500000	0.0470464882267233
chr3	57500001	58000000	-0.0305864384588606
chr3	58000001	58500000	0.0212146878478474
chr3	58500001	59000000	-0.0431746410824613
chr3	59000001	59500000	-0.0277920304471952
chr3	59500001	60000000	-0.00798851627453105
chr3	60000001	60500000	NA
chr3	60500001	61000000	NA
chr3	61000001	61500000	-0.0963941233107864
chr3	61500001	62000000	-0.0167469401409579
chr3	62000001	62500000	0.104553521105622
chr3	62500001	63000000	-0.0805113435287995
chr3	63000001	63500000	-0.0518161548748807
chr3	63500001	64000000	0.000187794416001835
chr3	64000001	64500000	-0.0222750737790776
chr3	64500001	65000000	-0.0607657835813816
chr3	65000001	65500000	0.0265756434134142
chr3	65500001	66000000	-0.0682391383350405
chr3	66500001	67000000	-0.00484335523352744
chr3	67000001	67500000	-0.0526211878559056
chr3	67500001	68000000	-0.0116097952930416
chr3	68000001	68500000	-0.0389152749310091
chr3	68500001	69000000	0.0287970927193172
chr3	69000001	69500000	0.0923926084155529
chr3	69500001	70000000	-0.0170458439093749
chr3	70000001	70500000	-0.0197202804343103
chr3	70500001	71000000	-0.0727388326390419
chr3	71000001	71500000	0.0368458810914649
chr3	71500001	72000000	0.110938744846695
chr3	72000001	72500000	-0.0257257580121711
chr3	72500001	73000000	0.0202626615148422
chr3	73000001	73500000	-0.0425739670156299
chr3	73500001	74000000	0.0147322142468098
chr3	74000001	74500000	-0.0210979747442272
chr3	74500001	75000000	-0.0173427103958683
chr3	76000001	76500000	0.0084453687323483
chr3	76500001	77000000	-0.0269835646439093
chr3	77000001	77500000	0.0843886406303101
chr3	77500001	78000000	-0.0285280515565106
chr3	78000001	78500000	0.00703535504934422
chr3	78500001	79000000	-0.000640786905866671
chr3	79000001	79500000	-0.03489832165006
chr3	79500001	80000000	0.0529748545242806
chr3	80000001	80500000	0.0134873654990423
chr3	80500001	81000000	-0.0273032137248891
chr3	81000001	81500000	-0.115343930989692
chr3	81500001	82000000	0.00934129746811302
chr3	82000001	82500000	-0.088043474254871
chr3	82500001	83000000	0.0522344961857235
chr3	83000001	83500000	NA
chr3	83500001	84000000	0.0321730336334214
chr3	84000001	84500000	-0.111974031470446
chr3	84500001	85000000	-0.0328942600751296
chr3	85000001	85500000	0.000882462535538793
chr3	85500001	86000000	0.0411882105952039
chr3	86000001	86500000	0.0124263505468723
chr3	86500001	87000000	0.0392181166827634
chr3	87000001	87500000	-0.087870435930637
chr3	87500001	88000000	-0.0372854634536264
chr3	88000001	88500000	0.0525361126212424
chr3	88500001	89000000	0.0451771314061574
chr3	89000001	89500000	-0.0367982157043817
chr3	89500001	90000000	-0.0154766461551578
chr3	94000001	94500000	0.0447427465053762
chr3	94500001	95000000	0.0242773470510552
chr3	95000001	95500000	0.0274442945395254
chr3	95500001	96000000	-0.00179045938525265
chr3	96000001	96500000	0.0263949563252276
chr3	96500001	97000000	-0.00163506964373705
chr3	97000001	97500000	0.0207243556647282
chr3	97500001	98000000	0.0345975195472059
chr3	98000001	98500000	0.0430385275937759
chr3	98500001	99000000	-0.0017996045661093
chr3	99000001	99500000	0.0399694574557845
chr3	99500001	100000000	-0.03017049372964
chr3	100000001	100500000	0.0787372718874246
chr3	100500001	101000000	-0.0737787992209328
chr3	101000001	101500000	0.125559776639471
chr3	101500001	102000000	-0.0389312766056029
chr3	102000001	102500000	-0.00111023083195086
chr3	102500001	103000000	0.0478550029509105
chr3	103000001	103500000	-0.029301280330062
chr3	103500001	104000000	0.0277959076264786
chr3	104000001	104500000	-0.0125521300215445
chr3	104500001	105000000	0.0172001310567959
chr3	105000001	105500000	0.0462199887885448
chr3	105500001	106000000	0.0261488010134397
chr3	106000001	106500000	-0.0364682302891378
chr3	106500001	107000000	-0.0179628024505327
chr3	107000001	107500000	-0.0225301692107553
chr3	107500001	108000000	0.0147170597924903
chr3	108000001	108500000	-0.114184406814438
chr3	108500001	109000000	0.0447124850584025
chr3	109000001	109500000	0.0269675318267698
chr3	109500001	110000000	0.0410955157046556
chr3	110000001	110500000	0.0642094135146955
chr3	110500001	111000000	-0.0385488823404171
chr3	111000001	111500000	0.0239718046899881
chr3	111500001	112000000	-0.0121930236785955
chr3	112000001	112500000	0.0258609359322974
chr3	112500001	113000000	-0.0291635518448435
chr3	113000001	113500000	0.0336855076154331
chr3	113500001	114000000	-0.000911717502972245
chr3	114000001	114500000	-0.00282515552800665
chr3	114500001	115000000	0.01648801941677
chr3	115000001	115500000	-0.0434927967034955
chr3	115500001	116000000	0.00173183137945296
chr3	116000001	116500000	0.0353465411287434
chr3	116500001	117000000	-0.0187931652840663
chr3	117000001	117500000	-0.0611602194574401
chr3	117500001	118000000	0.0177069507883818
chr3	118000001	118500000	0.0416126525134412
chr3	118500001	119000000	-0.00390455477715023
chr3	119000001	119500000	0.0656059217824633
chr3	119500001	120000000	0.0645779777645796
chr3	120000001	120500000	0.000311867652159492
chr3	120500001	121000000	-0.0420296361355405
chr3	121000001	121500000	0.0239570291485412
chr3	121500001	122000000	-0.0222692665691388
chr3	122000001	122500000	0.0355358930886896
chr3	122500001	123000000	-0.0769841492873944
chr3	123000001	123500000	0.00936765872649429
chr3	123500001	124000000	-0.0514443919247676
chr3	124000001	124500000	0.0205674773973312
chr3	124500001	125000000	-0.0157158948595448
chr3	125000001	125500000	-0.0147524753855104
chr3	126000001	126500000	-0.0404733997886128
chr3	126500001	127000000	-0.118931390444403
chr3	127000001	127500000	-0.0947475947126475
chr3	127500001	128000000	0.00445928832720984
chr3	128000001	128500000	0.0170410506926094
chr3	128500001	129000000	0.0756346535472086
chr3	129000001	129500000	0.067598338792692
chr3	130000001	130500000	-0.0147787674968922
chr3	130500001	131000000	-0.0762277859799741
chr3	131000001	131500000	-0.0999658556057327
chr3	131500001	132000000	-0.0309001994817369
chr3	132000001	132500000	-0.0604847835590696
chr3	132500001	133000000	-0.0864261785084478
chr3	133000001	133500000	0.0597095315161669
chr3	133500001	134000000	0.00952188178672283
chr3	134000001	134500000	0.037721220719435
chr3	134500001	135000000	-0.0926918744992862
chr3	135000001	135500000	-0.06719649714971
chr3	135500001	136000000	0.0455158479404424
chr3	136000001	136500000	0.0332906321603055
chr3	136500001	137000000	0.00621699772520425
chr3	137000001	137500000	-0.0114393476265774
chr3	137500001	138000000	0.0168888956313428
chr3	138000001	138500000	-0.00183336570563509
chr3	138500001	139000000	0.00160149492920246
chr3	139000001	139500000	-0.0208694311532935
chr3	139500001	140000000	-0.0798494201104962
chr3	140000001	140500000	-0.0400080277252057
chr3	140500001	141000000	0.00776935293730582
chr3	141000001	141500000	0.0232547373114125
chr3	141500001	142000000	-0.0236489898561264
chr3	142000001	142500000	0.0404234661899028
chr3	142500001	143000000	0.00932631008079102
chr3	143000001	143500000	0.00631134875808698
chr3	143500001	144000000	0.0211030187690043
chr3	144000001	144500000	-0.0419517885351876
chr3	144500001	145000000	-0.165585494535981
chr3	145000001	145500000	0.074673632457441
chr3	145500001	146000000	0.0723425522883562
chr3	146000001	146500000	0.029764783485519
chr3	146500001	147000000	-0.000201635576611951
chr3	147000001	147500000	0.0643718292724203
chr3	147500001	148000000	-0.0428462958509735
chr3	148000001	148500000	0.00841104927271122
chr3	148500001	149000000	-0.0151435065125581
chr3	149000001	149500000	-0.00215710453919511
chr3	149500001	150000000	-0.049105271652132
chr3	150000001	150500000	0.0610734156391915
chr3	150500001	151000000	0.0246159342624744
chr3	151000001	151500000	-0.0578573945775103
chr3	151500001	152000000	0.0150075431454399
chr3	152000001	152500000	0.0069448145596184
chr3	152500001	153000000	-0.0394389376826698
chr3	153000001	153500000	0.0123794716388188
chr3	153500001	154000000	0.0190063727904348
chr3	154000001	154500000	-0.066041499616503
chr3	154500001	155000000	0.0178338198604343
chr3	155000001	155500000	0.0107900781880932
chr3	155500001	156000000	0.00171981793880681
chr3	156000001	156500000	0.00797414051011242
chr3	156500001	157000000	-0.0493326553262021
chr3	157000001	157500000	-0.0100863354549762
chr3	157500001	158000000	-0.0360711745374423
chr3	158000001	158500000	0.045606790056378
chr3	158500001	159000000	0.00944965986314718
chr3	159000001	159500000	0.0619815883324202
chr3	159500001	160000000	-0.0471273088378071
chr3	160000001	160500000	-0.0610087239107411
chr3	160500001	161000000	-0.0175993379354127
chr3	161000001	161500000	-0.0689387732305273
chr3	161500001	162000000	-0.126732678810613
chr3	162000001	162500000	-0.01682447949928
chr3	162500001	163000000	0.174147270718373
chr3	163000001	163500000	0.0707592106189696
chr3	163500001	164000000	-0.0526867806101341
chr3	164000001	164500000	0.0563955511682132
chr3	164500001	165000000	0.0219706699005779
chr3	165000001	165500000	-0.0374223642974836
chr3	165500001	166000000	0.048651761782597
chr3	166000001	166500000	-0.0643117166715071
chr3	166500001	167000000	0.0709848996108864
chr3	167000001	167500000	-0.0315713945264988
chr3	167500001	168000000	-0.0137124350690049
chr3	168000001	168500000	-0.107075951249647
chr3	168500001	169000000	-0.05411077972311
chr3	169000001	169500000	-0.00975704519312564
chr3	169500001	170000000	0.0710074553315918
chr3	170000001	170500000	0.00040966322909995
chr3	170500001	171000000	-0.039658250303928
chr3	171000001	171500000	-0.0363286814478775
chr3	171500001	172000000	0.0610009108473954
chr3	172000001	172500000	0.0688275829138641
chr3	172500001	173000000	-0.0724396932359218
chr3	173000001	173500000	-0.0367700197013449
chr3	173500001	174000000	0.0345236715855253
chr3	174000001	174500000	-0.0161847085971854
chr3	174500001	175000000	-0.0753258589929949
chr3	175000001	175500000	-0.0136069385521725
chr3	175500001	176000000	0.0492149924457793
chr3	176000001	176500000	0.017483694005517
chr3	176500001	177000000	0.041403807609696
chr3	177000001	177500000	-0.0335655144436692
chr3	177500001	178000000	-0.0133761934184659
chr3	178000001	178500000	-0.0609474388159906
chr3	178500001	179000000	-0.0211050760696929
chr3	179000001	179500000	0.0403736441104377
chr3	179500001	180000000	0.07431980244891
chr3	180000001	180500000	-0.0943995760312392
chr3	180500001	181000000	0.0973714582209886
chr3	181000001	181500000	0.0166978695417247
chr3	181500001	182000000	-0.101899186315531
chr3	182000001	182500000	-0.039693136524725
chr3	182500001	183000000	-0.0225567917220318
chr3	183000001	183500000	0.0160081658513507
chr3	183500001	184000000	0.0292213755299564
chr3	184000001	184500000	-0.0292375011230729
chr3	184500001	185000000	-0.0372574204436047
chr3	185000001	185500000	0.0314333979712521
chr3	185500001	186000000	0.0201722005764264
chr3	186000001	186500000	0.0165747355790564
chr3	186500001	187000000	0.0136058289865436
chr3	187000001	187500000	-0.0389585743317049
chr3	187500001	188000000	-0.0550115632670736
chr3	188000001	188500000	0.0108870414621449
chr3	188500001	189000000	-0.0670417767254642
chr3	189000001	189500000	0.0110550590760993
chr3	189500001	190000000	-0.034687780390458
chr3	190000001	190500000	-0.0397581631407605
chr3	190500001	191000000	0.0400625039004519
chr3	191000001	191500000	0.0526101465110306
chr3	191500001	192000000	0.0165845692660749
chr3	192000001	192500000	-0.00827211098741116
chr3	192500001	193000000	0.000331953994256048
chr3	193000001	193500000	0.0727329180856153
chr3	193500001	194000000	-0.0573481268315694
chr3	194000001	194500000	NA
chr3	194500001	195000000	-0.0441638769353103
chr3	195500001	196000000	0.0158891414635409
chr3	196000001	196500000	-0.00472493491520088
chr3	196500001	197000000	-0.000273030978346508
chr3	197000001	197500000	-0.0349948179458786
chr4	1	500000	NA
chr4	500001	1000000	0.0832371561055734
chr4	1500001	2000000	0.0576710067155413
chr4	2000001	2500000	0.0281151949045521
chr4	2500001	3000000	0.114746134734514
chr4	3000001	3500000	-0.0475667130124188
chr4	4500001	5000000	-0.0859216670065154
chr4	5000001	5500000	-0.0401217187017376
chr4	5500001	6000000	-0.105145043527823
chr4	6000001	6500000	-0.157774590952503
chr4	6500001	7000000	0.0789346600318784
chr4	7000001	7500000	-0.0796635039893943
chr4	7500001	8000000	-0.0368275575031121
chr4	8000001	8500000	-0.1050406378831
chr4	10000001	10500000	-0.0576738084967854
chr4	10500001	11000000	-0.0709584578865597
chr4	11000001	11500000	-0.0657444391423091
chr4	11500001	12000000	0.0181623264594214
chr4	12000001	12500000	0.0151934231877167
chr4	12500001	13000000	-0.00492442806771641
chr4	13000001	13500000	0.0229951233071242
chr4	13500001	14000000	-0.0139925825965348
chr4	14000001	14500000	-0.0391730441717597
chr4	14500001	15000000	-0.0576867668766466
chr4	15000001	15500000	0.0210327864160207
chr4	15500001	16000000	0.019678179503234
chr4	16000001	16500000	-0.0132607668097589
chr4	16500001	17000000	-0.0558640840180033
chr4	17000001	17500000	0.0792748136242337
chr4	17500001	18000000	0.0406337507875904
chr4	18000001	18500000	-0.0355541781523032
chr4	18500001	19000000	0.0375048823058468
chr4	19000001	19500000	-0.0238193087887998
chr4	19500001	20000000	0.00550410287563164
chr4	20000001	20500000	-0.0108333660864906
chr4	20500001	21000000	0.0637343390047143
chr4	21000001	21500000	0.072064467799246
chr4	21500001	22000000	-0.0591945964321983
chr4	22000001	22500000	0.00190969809474664
chr4	22500001	23000000	-0.0167498910769164
chr4	23000001	23500000	-0.0718259990429492
chr4	23500001	24000000	0.0439781074902167
chr4	24000001	24500000	0.0454142628834645
chr4	24500001	25000000	-0.107052028769767
chr4	25000001	25500000	0.0602775344274803
chr4	25500001	26000000	-0.000297908166652001
chr4	26000001	26500000	-0.0381836783618027
chr4	26500001	27000000	0.0461872048053724
chr4	27000001	27500000	-0.0535020007895744
chr4	27500001	28000000	-0.00930238671657649
chr4	28000001	28500000	0.0690958453528284
chr4	28500001	29000000	-0.00912119447502587
chr4	29000001	29500000	0.0199023755874592
chr4	29500001	30000000	-0.0141762864480552
chr4	30000001	30500000	0.00551021547767928
chr4	30500001	31000000	0.0171841156742417
chr4	31000001	31500000	0.0882683508405682
chr4	31500001	32000000	NA
chr4	32000001	32500000	-0.00612197630130683
chr4	32500001	33000000	NA
chr4	33000001	33500000	0.00748861208165254
chr4	33500001	34000000	0.0354142818456287
chr4	34000001	34500000	0.0184900971979118
chr4	34500001	35000000	0.0351579656800923
chr4	35000001	35500000	0.0370797489906222
chr4	35500001	36000000	0.00461193107158463
chr4	36000001	36500000	-0.0202088117567516
chr4	36500001	37000000	0.00289780215881049
chr4	37000001	37500000	0.00709259085639433
chr4	37500001	38000000	0.0485481885470003
chr4	38000001	38500000	-0.0486681147320545
chr4	38500001	39000000	0.078750142291151
chr4	39000001	39500000	0.0685908190891735
chr4	39500001	40000000	-0.00454525979671321
chr4	40000001	40500000	NA
chr4	40500001	41000000	-0.0658300152608754
chr4	41000001	41500000	-0.0423122494748169
chr4	41500001	42000000	0.00768411311335074
chr4	42000001	42500000	-0.0834565648969993
chr4	42500001	43000000	-0.049468877653719
chr4	43000001	43500000	-0.0482513277933049
chr4	43500001	44000000	0.0404112022253627
chr4	44000001	44500000	0.0230943616539952
chr4	44500001	45000000	-0.028771117965939
chr4	45000001	45500000	0.0528969686376898
chr4	45500001	46000000	0.0167736280928891
chr4	46000001	46500000	0.00196091232352189
chr4	46500001	47000000	0.0149177793043859
chr4	47000001	47500000	-0.0453895444640294
chr4	47500001	48000000	-0.0782743377015759
chr4	48000001	48500000	-0.0919286671958827
chr4	48500001	49000000	-0.00895836366201886
chr4	53000001	53500000	0.0646693011127431
chr4	53500001	54000000	-0.0778864323646746
chr4	54000001	54500000	-0.0133331890279679
chr4	54500001	55000000	0.000848648778385541
chr4	55000001	55500000	-0.0410733450020028
chr4	55500001	56000000	-0.0669213571376148
chr4	56000001	56500000	-0.0365662306153933
chr4	56500001	57000000	0.0248541768325136
chr4	57000001	57500000	0.0117950280693819
chr4	57500001	58000000	-0.0493486480958438
chr4	58000001	58500000	0.0084332753444701
chr4	58500001	59000000	-0.0297370781347132
chr4	59000001	59500000	-0.0159403335907154
chr4	60000001	60500000	0.0519672918848408
chr4	60500001	61000000	-0.00190784907817548
chr4	61000001	61500000	-0.0219815686995756
chr4	61500001	62000000	-0.041741361231706
chr4	62000001	62500000	0.0490804402442167
chr4	62500001	63000000	-0.0446702799709564
chr4	63000001	63500000	-0.0108426119923698
chr4	63500001	64000000	-0.00244173259257692
chr4	64000001	64500000	0.0400937518353581
chr4	64500001	65000000	NA
chr4	65000001	65500000	-0.00805601691802381
chr4	65500001	66000000	-0.0373574124655216
chr4	66000001	66500000	0.000621591794474474
chr4	66500001	67000000	0.0400603694933732
chr4	67000001	67500000	0.0148477930761859
chr4	67500001	68000000	0.0146189650926533
chr4	68000001	68500000	-0.213924688203432
chr4	68500001	69000000	-0.00502090054682737
chr4	69000001	69500000	0.0921191265371963
chr4	69500001	70000000	-0.0702542963297161
chr4	70500001	71000000	0.00399367993604503
chr4	71000001	71500000	0.0129404316844853
chr4	71500001	72000000	-0.00943063019383902
chr4	72000001	72500000	0.00038557739867673
chr4	72500001	73000000	-0.107036172268085
chr4	73000001	73500000	-0.0357385644540554
chr4	73500001	74000000	0.0255808457706397
chr4	74000001	74500000	0.0246057755625296
chr4	74500001	75000000	-0.0152998430512921
chr4	75500001	76000000	-0.0524473613235734
chr4	76000001	76500000	-0.00958449245958907
chr4	76500001	77000000	0.0489236514194187
chr4	77000001	77500000	0.0315791028490257
chr4	77500001	78000000	-0.0684503214272269
chr4	78000001	78500000	-0.11627750463874
chr4	78500001	79000000	0.0408359186601083
chr4	79000001	79500000	-0.0281680345754019
chr4	79500001	80000000	0.0240519187510049
chr4	80000001	80500000	-0.0074574518621657
chr4	80500001	81000000	-0.139255799726035
chr4	81000001	81500000	0.0118774393586867
chr4	81500001	82000000	-0.081182007138424
chr4	82000001	82500000	-0.0440800738242662
chr4	82500001	83000000	-0.111302571473893
chr4	83000001	83500000	-0.0281165754982418
chr4	83500001	84000000	0.01355283626626
chr4	84000001	84500000	0.0748912843288061
chr4	84500001	85000000	-0.0578888316372664
chr4	85000001	85500000	0.0025234288956676
chr4	85500001	86000000	6.5337122938932e-05
chr4	86000001	86500000	-0.0778251575599491
chr4	86500001	87000000	0.0222777747698292
chr4	87000001	87500000	-0.0834702660743202
chr4	87500001	88000000	0.05105387741573
chr4	88000001	88500000	0.00453632179378897
chr4	88500001	89000000	0.0600766270007061
chr4	89000001	89500000	0.0037684201354931
chr4	89500001	90000000	-0.00669237897557651
chr4	90000001	90500000	0.0236110529170949
chr4	90500001	91000000	-0.0696242674997666
chr4	91000001	91500000	-0.0810554945082047
chr4	91500001	92000000	0.0188082671889438
chr4	92000001	92500000	0.0398015924979108
chr4	92500001	93000000	0.0154667104934615
chr4	93000001	93500000	-0.0002495158914168
chr4	93500001	94000000	-0.0745693793959498
chr4	94000001	94500000	-0.064922102039905
chr4	94500001	95000000	0.0447011279707855
chr4	95000001	95500000	0.032499352615274
chr4	95500001	96000000	0.000680304627337931
chr4	96000001	96500000	-0.0803812109238412
chr4	96500001	97000000	0.0118145111883955
chr4	97000001	97500000	0.0337896753457713
chr4	97500001	98000000	-0.0459921363500848
chr4	98000001	98500000	-0.0104482121255373
chr4	98500001	99000000	0.0391951276201251
chr4	99000001	99500000	0.0649243029591266
chr4	99500001	100000000	0.00684900031195309
chr4	100000001	100500000	-0.0018110628999253
chr4	100500001	101000000	0.0527754729565771
chr4	101000001	101500000	-0.0617722332236525
chr4	101500001	102000000	0.0122123329327413
chr4	102000001	102500000	-0.0184749917953715
chr4	102500001	103000000	-0.0299288534019515
chr4	103000001	103500000	0.00486181260591201
chr4	103500001	104000000	-0.0177401632847215
chr4	104000001	104500000	0.0739447158499281
chr4	104500001	105000000	-0.0503805485987942
chr4	105000001	105500000	-0.0645872518761971
chr4	105500001	106000000	0.0168659752524188
chr4	106000001	106500000	0.032318479730265
chr4	106500001	107000000	-0.0779128801946269
chr4	107000001	107500000	0.0338223696029863
chr4	107500001	108000000	-0.0331364967703721
chr4	108000001	108500000	-0.0110555147901621
chr4	108500001	109000000	-0.0437262183658175
chr4	109000001	109500000	-0.0211397122796662
chr4	109500001	110000000	-0.00860453593359028
chr4	110000001	110500000	0.0388475826085638
chr4	110500001	111000000	0.0559088238232126
chr4	111000001	111500000	-0.0362533291446602
chr4	111500001	112000000	-0.00285711475181215
chr4	112000001	112500000	-0.00626831328395796
chr4	112500001	113000000	-0.0454162331752416
chr4	113000001	113500000	0.0246279746608391
chr4	113500001	114000000	0.0381985938412291
chr4	114000001	114500000	0.00057287971230284
chr4	114500001	115000000	-0.0262603649999722
chr4	115000001	115500000	-0.021644938381017
chr4	115500001	116000000	0.0399501217019518
chr4	116000001	116500000	-0.0339714115194939
chr4	116500001	117000000	-0.0169375773798062
chr4	117000001	117500000	-0.0758836326790165
chr4	117500001	118000000	0.0332329858428962
chr4	118000001	118500000	-0.0249006520248888
chr4	118500001	119000000	-0.0177938868083049
chr4	120500001	121000000	-0.0292070770525323
chr4	121000001	121500000	-0.0133888779609316
chr4	121500001	122000000	-0.0461164052602099
chr4	122000001	122500000	-0.0187492036051482
chr4	122500001	123000000	0.0410879269540279
chr4	123000001	123500000	0.0454992901589682
chr4	123500001	124000000	-0.0441049108868543
chr4	124000001	124500000	0.0443789637534184
chr4	124500001	125000000	-0.052438537256444
chr4	125000001	125500000	-0.108610492748445
chr4	125500001	126000000	-0.0178343587463822
chr4	126000001	126500000	-0.0167334737360705
chr4	126500001	127000000	0.0300794478744347
chr4	127000001	127500000	-0.0426152665089905
chr4	127500001	128000000	0.0752358533782115
chr4	128000001	128500000	0.0200065854592969
chr4	128500001	129000000	-0.0230859209677801
chr4	129000001	129500000	0.0171529981648718
chr4	129500001	130000000	0.0239511323151493
chr4	130000001	130500000	-0.027650061513711
chr4	130500001	131000000	-0.0346565813121692
chr4	131000001	131500000	-0.0215799428158222
chr4	131500001	132000000	0.0370281006092275
chr4	132000001	132500000	0.0119874196340509
chr4	133000001	133500000	0.0344295199295344
chr4	133500001	134000000	0.0627276095877158
chr4	134000001	134500000	0.0149547414637379
chr4	134500001	135000000	-0.00675925166080553
chr4	135000001	135500000	0.0491719949211196
chr4	135500001	136000000	-0.022905446570625
chr4	136000001	136500000	-0.0278141000906183
chr4	136500001	137000000	0.066480475724054
chr4	137000001	137500000	-0.0297770796404786
chr4	137500001	138000000	0.0589677687839008
chr4	138000001	138500000	-0.0373850813258953
chr4	138500001	139000000	0.059869869123662
chr4	139000001	139500000	0.026980139028046
chr4	139500001	140000000	0.0996158072291404
chr4	140000001	140500000	0.0362779138743997
chr4	140500001	141000000	0.0571125173076562
chr4	141000001	141500000	0.0588022370089096
chr4	141500001	142000000	-0.129163008116336
chr4	142000001	142500000	-0.0610980829188199
chr4	142500001	143000000	-0.0366317993308213
chr4	143000001	143500000	0.0722800755834091
chr4	143500001	144000000	0.00699706697995409
chr4	144000001	144500000	0.00022738576761766
chr4	145000001	145500000	0.00559552167510741
chr4	145500001	146000000	0.0244111249694237
chr4	146000001	146500000	-0.0315984662152741
chr4	146500001	147000000	-0.0524355683489799
chr4	147000001	147500000	-0.061296450265406
chr4	147500001	148000000	0.00541161653941624
chr4	148000001	148500000	0.0260614202090197
chr4	148500001	149000000	0.00993397611737824
chr4	149000001	149500000	-0.00841501416800174
chr4	149500001	150000000	-0.0290852981272539
chr4	150000001	150500000	0.0314342950846205
chr4	150500001	151000000	-0.00733054533736101
chr4	151000001	151500000	0.133645548426995
chr4	151500001	152000000	-0.0255217294703085
chr4	152000001	152500000	-0.0112365954350858
chr4	152500001	153000000	-0.0761730341402043
chr4	153000001	153500000	0.0312843748287985
chr4	153500001	154000000	0.0158089325852957
chr4	154000001	154500000	0.0448155750356327
chr4	154500001	155000000	0.010482515878981
chr4	155000001	155500000	0.00408710400492563
chr4	155500001	156000000	0.0572883361140655
chr4	156000001	156500000	-0.0284183481277543
chr4	156500001	157000000	-0.0617162276376375
chr4	157000001	157500000	-0.027622192624508
chr4	157500001	158000000	-0.0249048556425304
chr4	158000001	158500000	-0.0448908403305816
chr4	158500001	159000000	0.0747968634406984
chr4	159000001	159500000	-0.0514194770517161
chr4	159500001	160000000	-0.00452339458347877
chr4	160000001	160500000	-0.0317118760544737
chr4	160500001	161000000	0.0890486574034398
chr4	161000001	161500000	0.0474375944914915
chr4	161500001	162000000	0.0117390421592006
chr4	162000001	162500000	0.0299621705229934
chr4	162500001	163000000	0.00570905389978878
chr4	163000001	163500000	0.0419329028840978
chr4	163500001	164000000	0.0520512737168173
chr4	164000001	164500000	0.0345597810087263
chr4	164500001	165000000	-0.0136044344239928
chr4	165000001	165500000	-0.0170373854699813
chr4	165500001	166000000	0.0570654780557636
chr4	166000001	166500000	0.0773100538577406
chr4	166500001	167000000	0.0705187421108506
chr4	167000001	167500000	-0.0840724962943304
chr4	167500001	168000000	0.0804328699390755
chr4	168000001	168500000	-0.0319036510507088
chr4	168500001	169000000	-0.0663903747560477
chr4	169000001	169500000	0.0592746847655602
chr4	169500001	170000000	-0.0162985057658047
chr4	170000001	170500000	0.0201641232335433
chr4	170500001	171000000	0.0282610447691368
chr4	171000001	171500000	0.00236615423495491
chr4	171500001	172000000	-0.0799839160735893
chr4	172000001	172500000	0.0341646444913768
chr4	172500001	173000000	-0.084466704242212
chr4	173000001	173500000	-0.0343453194311385
chr4	173500001	174000000	-0.0446878529696896
chr4	174000001	174500000	0.0562615630063619
chr4	174500001	175000000	0.0194584985950862
chr4	175000001	175500000	0.00926612215499851
chr4	175500001	176000000	0.0273458918425158
chr4	176000001	176500000	0.015900974441076
chr4	176500001	177000000	0.0243760814802242
chr4	177000001	177500000	0.0192771035577977
chr4	177500001	178000000	0.00766464674924287
chr4	178000001	178500000	-0.0817746444177271
chr4	178500001	179000000	0.0837827561902232
chr4	179000001	179500000	0.0370424661786964
chr4	179500001	180000000	0.0891203283110848
chr4	180000001	180500000	-0.000685652217715341
chr4	180500001	181000000	-0.047145659051747
chr4	181000001	181500000	0.00458499466293361
chr4	181500001	182000000	-0.0574274465101694
chr4	182000001	182500000	0.0780226940873863
chr4	182500001	183000000	0.110801214565427
chr4	183000001	183500000	0.0299945222995089
chr4	183500001	184000000	0.00417553403601798
chr4	184000001	184500000	0.0413909475433472
chr4	184500001	185000000	-0.0310182524098901
chr4	185000001	185500000	0.0164682610742347
chr4	185500001	186000000	0.0146930024303506
chr4	186000001	186500000	0.0649972521300406
chr4	186500001	187000000	-0.0119813293117582
chr4	187000001	187500000	0.0678578328357309
chr4	187500001	188000000	0.0688550770987677
chr4	188000001	188500000	0.113746610785287
chr4	188500001	189000000	0.0956349072005358
chr4	189000001	189500000	0.0585707567607167
chr4	189500001	190000000	-0.00340267155512538
chr4	190000001	190500000	0.0103386209532851
chr5	1000001	1500000	-0.107874812575025
chr5	1500001	2000000	-0.0500293118667016
chr5	2000001	2500000	0.0544058991706207
chr5	2500001	3000000	0.0767711323385987
chr5	3000001	3500000	0.00300906287539378
chr5	3500001	4000000	0.0199226097178779
chr5	4000001	4500000	-0.0256847804171513
chr5	4500001	5000000	-0.0151504361560908
chr5	5000001	5500000	0.0166407079157054
chr5	5500001	6000000	0.0416696306752731
chr5	6000001	6500000	-0.00364077153256865
chr5	6500001	7000000	-0.0258565840472573
chr5	7000001	7500000	0.0594129279629301
chr5	7500001	8000000	0.0560908824826167
chr5	8000001	8500000	-0.00285331264550743
chr5	8500001	9000000	-0.0442434988668959
chr5	9000001	9500000	0.00503581562029203
chr5	9500001	10000000	0.0315289579557369
chr5	10000001	10500000	0.0272159085297602
chr5	10500001	11000000	0.00864889468171663
chr5	11000001	11500000	0.0450920364608027
chr5	11500001	12000000	0.0132471213856329
chr5	12000001	12500000	-0.0104082291909807
chr5	12500001	13000000	-0.00468072481459569
chr5	13000001	13500000	-0.0640985021221817
chr5	13500001	14000000	-0.0229278263827662
chr5	14000001	14500000	0.0145244864437633
chr5	14500001	15000000	0.0361342968663087
chr5	15000001	15500000	0.0390608824144113
chr5	15500001	16000000	-0.0297647615229383
chr5	16000001	16500000	0.0991109796841049
chr5	16500001	17000000	-0.0468336044813148
chr5	17000001	17500000	-0.0153763760214607
chr5	18000001	18500000	0.0340953343309593
chr5	18500001	19000000	-0.0321515735533239
chr5	19000001	19500000	0.0261904628978961
chr5	19500001	20000000	-0.013912684808137
chr5	20000001	20500000	0.0298922238135152
chr5	22500001	23000000	-0.0448343317881093
chr5	23000001	23500000	0.0658514528023574
chr5	23500001	24000000	-0.027204299746088
chr5	24000001	24500000	-0.00141978837850692
chr5	24500001	25000000	0.0862940460363021
chr5	25000001	25500000	0.019108884020133
chr5	25500001	26000000	0.0227492131907342
chr5	26000001	26500000	0.0361187320137194
chr5	26500001	27000000	-0.0271211566353951
chr5	27000001	27500000	-0.0246181705147867
chr5	27500001	28000000	-0.0744800285854473
chr5	28000001	28500000	0.00619367850357616
chr5	28500001	29000000	0.0513494513254889
chr5	29000001	29500000	0.0449543952065839
chr5	29500001	30000000	-0.00755581008733871
chr5	30000001	30500000	0.00939167239443419
chr5	30500001	31000000	0.0189254651700646
chr5	31000001	31500000	0.0146243126209317
chr5	31500001	32000000	-0.0202256134052772
chr5	32000001	32500000	0.0451263447596352
chr5	32500001	33000000	-0.0632430334325675
chr5	33000001	33500000	0.0156160250648056
chr5	33500001	34000000	-0.0671275235576357
chr5	34500001	35000000	-0.0263183660794623
chr5	35000001	35500000	0.00156436061048646
chr5	35500001	36000000	-0.0761075436795095
chr5	36000001	36500000	-0.0189846471324193
chr5	36500001	37000000	-0.00526933869942488
chr5	37000001	37500000	0.02211157494389
chr5	37500001	38000000	-0.0508263950679807
chr5	38000001	38500000	-0.0204975965864313
chr5	38500001	39000000	0.0127524346205129
chr5	39000001	39500000	0.0113551728246445
chr5	39500001	40000000	-0.0620315898794421
chr5	40000001	40500000	0.00244355499869443
chr5	40500001	41000000	0.0933042462654746
chr5	41000001	41500000	-0.0334695707916953
chr5	41500001	42000000	-0.0801604510299073
chr5	42000001	42500000	0.0329062358782076
chr5	42500001	43000000	0.0511171195357928
chr5	43000001	43500000	-0.00770738853490907
chr5	43500001	44000000	0.0161444241279817
chr5	44000001	44500000	0.0676234910244085
chr5	44500001	45000000	0.055417861379738
chr5	45000001	45500000	0.0424111384341934
chr5	45500001	46000000	0.0401933096007792
chr5	50000001	50500000	0.0172776327541327
chr5	50500001	51000000	0.0136666842457182
chr5	51000001	51500000	-0.0574306877525235
chr5	51500001	52000000	0.0199912016324281
chr5	52000001	52500000	0.0616108927834955
chr5	52500001	53000000	-0.0447626357062648
chr5	53000001	53500000	-0.0800993852529934
chr5	53500001	54000000	0.07144798124865
chr5	54000001	54500000	-0.0723090848971078
chr5	54500001	55000000	-0.0105037724106604
chr5	55000001	55500000	0.0750848130556666
chr5	55500001	56000000	-0.082067620486415
chr5	56000001	56500000	0.0737733314479084
chr5	56500001	57000000	-0.0636486934042201
chr5	57000001	57500000	-0.0248696778501661
chr5	57500001	58000000	-0.0493412659509974
chr5	58000001	58500000	-0.0393314749211331
chr5	58500001	59000000	-0.0207905519748452
chr5	59000001	59500000	-0.0114577827108972
chr5	59500001	60000000	-0.0359116962929054
chr5	60000001	60500000	0.0367723967593595
chr5	60500001	61000000	0.0386854080019572
chr5	61000001	61500000	-0.0549019133481601
chr5	61500001	62000000	0.0343137063417322
chr5	62000001	62500000	-0.0437229845163442
chr5	62500001	63000000	-0.0155497349606859
chr5	63000001	63500000	0.014907964869979
chr5	63500001	64000000	0.0801369501708718
chr5	64000001	64500000	0.0783465486002291
chr5	64500001	65000000	-0.0631844300554413
chr5	65000001	65500000	-0.0210036295946286
chr5	65500001	66000000	-0.0245258561917535
chr5	66000001	66500000	0.00720745395043751
chr5	66500001	67000000	0.033684189865268
chr5	67000001	67500000	-0.0555416458180342
chr5	67500001	68000000	0.0401581342545742
chr5	68000001	68500000	0.0293513791615237
chr5	71000001	71500000	-0.00123615200549852
chr5	71500001	72000000	0.0285795082919061
chr5	72000001	72500000	-0.0103731633703479
chr5	72500001	73000000	0.014886089942028
chr5	73000001	73500000	-0.0464067451999845
chr5	73500001	74000000	-0.0354609182690524
chr5	74000001	74500000	-0.025749460911093
chr5	74500001	75000000	-0.0511711377839264
chr5	75000001	75500000	-0.0893330477251087
chr5	75500001	76000000	0.0196723964284788
chr5	76000001	76500000	0.0119357352368822
chr5	76500001	77000000	0.0107030551563591
chr5	77000001	77500000	-0.0143013647919268
chr5	77500001	78000000	0.0180099643862481
chr5	78000001	78500000	0.00333500349582611
chr5	78500001	79000000	0.0407607837568909
chr5	79000001	79500000	-0.0791050022431224
chr5	79500001	80000000	0.0485084255250955
chr5	80000001	80500000	-0.0361716965418201
chr5	80500001	81000000	-0.00101618482054687
chr5	81000001	81500000	0.0505815202250378
chr5	81500001	82000000	-0.00501133376378473
chr5	82000001	82500000	-0.0251280558385236
chr5	82500001	83000000	-0.00479996291938245
chr5	83000001	83500000	0.0576609657135669
chr5	83500001	84000000	-0.0394591124332426
chr5	84000001	84500000	-0.00567388271386101
chr5	84500001	85000000	-0.0220756104466629
chr5	85000001	85500000	-0.00693804055121978
chr5	85500001	86000000	0.0417429217484053
chr5	86000001	86500000	-0.0691653639999622
chr5	86500001	87000000	0.0138093919548694
chr5	87000001	87500000	-0.000535787825353744
chr5	87500001	88000000	-0.0203696246168838
chr5	88000001	88500000	0.0215526584496326
chr5	88500001	89000000	0.00535995631670445
chr5	89000001	89500000	0.00621964454720117
chr5	89500001	90000000	-0.0630179156597294
chr5	90000001	90500000	0.0145800302131847
chr5	90500001	91000000	0.076181514434752
chr5	91000001	91500000	0.0753702309437915
chr5	92000001	92500000	-0.11143528631234
chr5	92500001	93000000	0.0663544498980778
chr5	93000001	93500000	-0.0800563451930498
chr5	93500001	94000000	-0.0363956910083354
chr5	94000001	94500000	0.00971658605163122
chr5	94500001	95000000	0.0804959613506363
chr5	95000001	95500000	0.0487850763163194
chr5	95500001	96000000	0.009891111439023
chr5	96000001	96500000	0.00918019433762651
chr5	96500001	97000000	0.0814433055813449
chr5	97000001	97500000	0.00134358546270129
chr5	97500001	98000000	0.0206417962446131
chr5	98000001	98500000	-0.0265439484437406
chr5	99000001	99500000	0.00546925062357506
chr5	100000001	100500000	0.0243546557944791
chr5	100500001	101000000	0.0160694765376416
chr5	101000001	101500000	0.0264292606281722
chr5	101500001	102000000	-0.101940282652026
chr5	102000001	102500000	0.015246750273765
chr5	102500001	103000000	-0.0396033036691088
chr5	103000001	103500000	-0.00158316126031465
chr5	103500001	104000000	-0.00596936313228048
chr5	104000001	104500000	0.00637897787430405
chr5	104500001	105000000	NA
chr5	105000001	105500000	0.0153247745647546
chr5	105500001	106000000	0.0145590471156674
chr5	106000001	106500000	-0.0563427144581615
chr5	106500001	107000000	-0.0714597332167824
chr5	107000001	107500000	0.00825606724387872
chr5	107500001	108000000	0.0488259286037287
chr5	108000001	108500000	0.0421200025490479
chr5	108500001	109000000	0.000251993441428134
chr5	109000001	109500000	-0.0148773563530224
chr5	109500001	110000000	-0.0263434041679174
chr5	110000001	110500000	0.0137168993653971
chr5	110500001	111000000	0.0153218255732202
chr5	111000001	111500000	-0.0408030092001212
chr5	111500001	112000000	-0.0803394651424863
chr5	112000001	112500000	-0.0279520485661103
chr5	112500001	113000000	-0.0851314812436968
chr5	113000001	113500000	-0.0180918920078794
chr5	113500001	114000000	0.054622379678994
chr5	114000001	114500000	0.0567193291910185
chr5	114500001	115000000	-0.00751742360437757
chr5	115000001	115500000	0.0296080645877035
chr5	115500001	116000000	0.0620314130400888
chr5	116000001	116500000	-0.0218844813459605
chr5	116500001	117000000	-0.0394434789636858
chr5	117000001	117500000	-0.013827870269881
chr5	117500001	118000000	-0.0059251410335034
chr5	118000001	118500000	0.0504749002018683
chr5	118500001	119000000	0.0197829810295933
chr5	119000001	119500000	0.0820101219126529
chr5	119500001	120000000	0.0395502608168307
chr5	120000001	120500000	-0.0443297028443811
chr5	120500001	121000000	-0.0444835136542712
chr5	121000001	121500000	-0.0297631652433364
chr5	121500001	122000000	-0.0123528843373454
chr5	122000001	122500000	-0.00619965885447087
chr5	122500001	123000000	0.0154907245464469
chr5	123000001	123500000	0.000394009460964396
chr5	123500001	124000000	-0.0583361941476089
chr5	124000001	124500000	-0.0582036874284889
chr5	124500001	125000000	-0.000642219048705629
chr5	125000001	125500000	0.0564746098871472
chr5	125500001	126000000	0.0791801903729951
chr5	126000001	126500000	-0.00885441569109582
chr5	126500001	127000000	-0.0510140805908301
chr5	127000001	127500000	0.0534957974929216
chr5	127500001	128000000	-0.00948815114129565
chr5	128000001	128500000	-0.0193728453843017
chr5	128500001	129000000	0.040604398412541
chr5	129000001	129500000	-0.0124861084125376
chr5	129500001	130000000	0.00443800791209988
chr5	130000001	130500000	-0.00230016631293483
chr5	130500001	131000000	0.0863664417763062
chr5	131000001	131500000	-0.0426264437112455
chr5	131500001	132000000	0.0757753678354137
chr5	132000001	132500000	0.0782765300139256
chr5	132500001	133000000	-0.0462714640507662
chr5	133000001	133500000	-0.0626251978200938
chr5	133500001	134000000	0.0981334833795539
chr5	134000001	134500000	-0.0330016699150308
chr5	134500001	135000000	-0.0235480562776654
chr5	135000001	135500000	0.0016308838623965
chr5	135500001	136000000	0.00804043856414078
chr5	136000001	136500000	-0.0488156392756829
chr5	136500001	137000000	-0.0253898562248711
chr5	137000001	137500000	0.0186405981006907
chr5	137500001	138000000	0.0622624565563441
chr5	138000001	138500000	0.0185371492140961
chr5	139000001	139500000	0.0582446290016673
chr5	139500001	140000000	0.0612490092623403
chr5	140000001	140500000	0.20351413361733
chr5	140500001	141000000	0.127202173063015
chr5	141000001	141500000	0.0402957426920829
chr5	141500001	142000000	-0.118017613673893
chr5	142000001	142500000	0.0131309255709556
chr5	142500001	143000000	0.0291387164982749
chr5	143000001	143500000	-0.00257024393562845
chr5	143500001	144000000	-0.00561049231517747
chr5	144000001	144500000	0.0265246929736658
chr5	144500001	145000000	0.0324436205669513
chr5	145000001	145500000	-0.0750828955523728
chr5	145500001	146000000	0.0298546068293915
chr5	146000001	146500000	-0.0123256329966153
chr5	146500001	147000000	-0.0203508323443833
chr5	147000001	147500000	-0.0564883954254143
chr5	147500001	148000000	-0.0103289832938116
chr5	148000001	148500000	0.0170474279412306
chr5	148500001	149000000	0.0482124761783717
chr5	149000001	149500000	-0.022583199619709
chr5	149500001	150000000	-0.0897442472497418
chr5	150000001	150500000	0.0170675033086938
chr5	150500001	151000000	0.00752324929793319
chr5	151000001	151500000	0.0475398152523875
chr5	151500001	152000000	-0.0107801133496408
chr5	152000001	152500000	0.00844700639300246
chr5	152500001	153000000	-0.00534321639852517
chr5	153000001	153500000	-0.11518145263518
chr5	153500001	154000000	-0.0150129261791381
chr5	154000001	154500000	0.0654410941775956
chr5	154500001	155000000	-0.00892078409787061
chr5	155500001	156000000	0.0434600038295921
chr5	156000001	156500000	0.0864876628825039
chr5	156500001	157000000	-0.0127958786993003
chr5	157000001	157500000	0.0324229996310119
chr5	157500001	158000000	-0.0783955867523235
chr5	158000001	158500000	0.0249378428599264
chr5	158500001	159000000	-0.0551475369935196
chr5	159000001	159500000	-0.0693995077337149
chr5	159500001	160000000	0.022141340590345
chr5	160000001	160500000	0.00770667533589528
chr5	160500001	161000000	-0.0495663265464549
chr5	161000001	161500000	-0.0162084141823649
chr5	161500001	162000000	-0.0145881979321295
chr5	162000001	162500000	0.0183713825071425
chr5	162500001	163000000	0.0540711248038108
chr5	163000001	163500000	-0.0434895564757747
chr5	163500001	164000000	-0.0316260165901739
chr5	164000001	164500000	0.0631361999886908
chr5	164500001	165000000	-0.05597010877837
chr5	165000001	165500000	-0.0195642660885724
chr5	165500001	166000000	0.0510976701654936
chr5	166000001	166500000	-0.0239811428190718
chr5	166500001	167000000	0.0445492933946278
chr5	167000001	167500000	-0.0333057445230746
chr5	167500001	168000000	-0.0241865847580618
chr5	168000001	168500000	-0.0931382461193962
chr5	168500001	169000000	-0.00350551892535611
chr5	169000001	169500000	-0.0246092236510426
chr5	169500001	170000000	-0.0353492352455365
chr5	170000001	170500000	-0.0593185220811606
chr5	170500001	171000000	-0.0018657692784185
chr5	171000001	171500000	0.0288736667049041
chr5	171500001	172000000	-0.0156783101239781
chr5	172000001	172500000	-0.00389243615231114
chr5	172500001	173000000	-0.109505925170733
chr5	173000001	173500000	-0.0158042826583372
chr5	173500001	174000000	-0.04431321501314
chr5	174000001	174500000	0.0507374556026191
chr5	174500001	175000000	-0.117625205588341
chr5	176000001	176500000	0.00590658739336513
chr5	176500001	177000000	0.164776819143609
chr5	177500001	178000000	-0.015907720632077
chr5	178000001	178500000	0.0112449598690389
chr5	178500001	179000000	-0.0633526065730991
chr5	179000001	179500000	0.124324972092982
chr5	179500001	180000000	0.0390235818332481
chr5	180000001	180500000	0.0322716176997625
chr6	500001	1000000	0.05166405257008
chr6	1000001	1500000	-0.0589568441926462
chr6	1500001	2000000	-0.0507787160779514
chr6	2000001	2500000	-0.103155351733835
chr6	2500001	3000000	0.0852433335658056
chr6	3000001	3500000	0.0668918798904764
chr6	3500001	4000000	-0.0166685760743999
chr6	4000001	4500000	-0.125648180533715
chr6	4500001	5000000	-0.0263922725960695
chr6	5000001	5500000	0.029425486963519
chr6	5500001	6000000	-0.0533308152353413
chr6	6000001	6500000	0.0538025217733426
chr6	6500001	7000000	0.00494104255602021
chr6	7000001	7500000	0.0567798015224612
chr6	7500001	8000000	0.0450774228300541
chr6	8000001	8500000	-0.060738792584283
chr6	8500001	9000000	-0.127630933516114
chr6	9000001	9500000	0.0144474212072551
chr6	9500001	10000000	-0.0271446205833477
chr6	10000001	10500000	0.0526068161334783
chr6	10500001	11000000	-0.0301857998569396
chr6	11000001	11500000	-0.0175780685590919
chr6	11500001	12000000	0.0570255137411719
chr6	12000001	12500000	0.0122985636631098
chr6	12500001	13000000	-0.0788641215018858
chr6	13000001	13500000	0.0848127341075768
chr6	13500001	14000000	0.0815362174212561
chr6	14000001	14500000	-0.0564558625019501
chr6	14500001	15000000	-0.00521353798996906
chr6	15000001	15500000	0.0272006959232114
chr6	15500001	16000000	-0.0189419055815221
chr6	16000001	16500000	4.97659789855231e-05
chr6	16500001	17000000	-0.111359747791499
chr6	17000001	17500000	-0.0559261043688083
chr6	17500001	18000000	0.0865639336488538
chr6	18000001	18500000	0.0758138017833918
chr6	18500001	19000000	0.0318221267560533
chr6	19000001	19500000	-0.0266237351728928
chr6	19500001	20000000	0.00684279401260456
chr6	20000001	20500000	-0.0361169449377477
chr6	20500001	21000000	0.0173737215349413
chr6	21000001	21500000	-0.0393064340472966
chr6	21500001	22000000	0.0160377147242223
chr6	22000001	22500000	0.00758550788643322
chr6	22500001	23000000	-0.0942870574448123
chr6	23000001	23500000	0.0221863544079169
chr6	23500001	24000000	-0.0452458767031218
chr6	24000001	24500000	-0.0607827954021191
chr6	24500001	25000000	0.110606662928419
chr6	25000001	25500000	0.0351153185480384
chr6	25500001	26000000	-0.0480567771344764
chr6	26000001	26500000	0.109098844106829
chr6	27000001	27500000	0.0945961504182093
chr6	27500001	28000000	0.089338093939868
chr6	28000001	28500000	0.0272335679583915
chr6	28500001	29000000	0.0212341912583075
chr6	29000001	29500000	-0.103537101901123
chr6	29500001	30000000	-0.0430222061555761
chr6	30000001	30500000	0.0825305019444646
chr6	30500001	31000000	0.0854327054280942
chr6	31000001	31500000	0.117016758333424
chr6	31500001	32000000	0.0913359364846863
chr6	32000001	32500000	0.0107448980695239
chr6	32500001	33000000	0.139920382406016
chr6	33000001	33500000	0.150161130024118
chr6	33500001	34000000	-0.127849987769966
chr6	34000001	34500000	-0.0135645996433178
chr6	34500001	35000000	-0.000296735977584128
chr6	35000001	35500000	-0.0537760590143279
chr6	35500001	36000000	-0.0192503626613076
chr6	36000001	36500000	0.0540517785180399
chr6	36500001	37000000	0.0317030515356303
chr6	37000001	37500000	0.036450902690639
chr6	37500001	38000000	0.0529763343355705
chr6	38000001	38500000	0.0418114418305515
chr6	38500001	39000000	-0.0530652434627568
chr6	39000001	39500000	-0.0735270668399303
chr6	39500001	40000000	0.0134319814441239
chr6	40000001	40500000	-0.0907316393922079
chr6	40500001	41000000	-0.0346060678362102
chr6	41000001	41500000	0.0234241161905257
chr6	41500001	42000000	0.0726589225245543
chr6	42000001	42500000	-0.0479713329360965
chr6	42500001	43000000	0.0983181177772252
chr6	43000001	43500000	0.0458228993641589
chr6	43500001	44000000	-0.0414447953795657
chr6	44000001	44500000	0.0456949907720614
chr6	44500001	45000000	-0.0710925022611846
chr6	45000001	45500000	0.0240409467620018
chr6	45500001	46000000	-0.104294610071186
chr6	46000001	46500000	-0.13360486066922
chr6	46500001	47000000	-0.0534488297664601
chr6	47000001	47500000	-0.0138729568371158
chr6	47500001	48000000	-0.00290265234791259
chr6	48000001	48500000	-0.0458400042433577
chr6	48500001	49000000	0.0200180444427515
chr6	49000001	49500000	0.00424553511347908
chr6	49500001	50000000	-0.0973684330679477
chr6	50000001	50500000	-0.0532515811738245
chr6	50500001	51000000	0.013811596835861
chr6	51000001	51500000	-0.0430619894137838
chr6	51500001	52000000	-0.0167231013811948
chr6	52000001	52500000	-0.0432552657845737
chr6	52500001	53000000	-0.014749940057013
chr6	53000001	53500000	-0.0107161304384253
chr6	53500001	54000000	0.000861869507274641
chr6	54000001	54500000	0.00932092875565374
chr6	54500001	55000000	-0.0271384454222564
chr6	55000001	55500000	0.0245421523709281
chr6	55500001	56000000	-0.035583110046985
chr6	56000001	56500000	-0.0302068115997097
chr6	56500001	57000000	0.0117943253406403
chr6	57000001	57500000	0.0364046349295116
chr6	62500001	63000000	-0.00963727281573884
chr6	63000001	63500000	0.0156050036979915
chr6	63500001	64000000	0.0350167219140129
chr6	64000001	64500000	0.019126989466791
chr6	64500001	65000000	-0.00294664830856706
chr6	65000001	65500000	0.0359453442912234
chr6	65500001	66000000	-0.0365302378826537
chr6	66000001	66500000	-0.00770942378604798
chr6	66500001	67000000	0.000537487749617861
chr6	67000001	67500000	0.040242160169071
chr6	67500001	68000000	0.0361470137292744
chr6	68000001	68500000	-0.0431037257352881
chr6	68500001	69000000	-0.00585494255505194
chr6	69000001	69500000	-0.00295521963314263
chr6	69500001	70000000	-0.0361963716114324
chr6	70000001	70500000	-0.0101086852880661
chr6	70500001	71000000	0.0344108362987174
chr6	71000001	71500000	-0.00396998084185185
chr6	71500001	72000000	-0.0489293373207381
chr6	72000001	72500000	0.026522133395743
chr6	72500001	73000000	-0.0628990791338288
chr6	73000001	73500000	-0.052963959746462
chr6	73500001	74000000	-0.0891296225023363
chr6	74000001	74500000	0.0476775325492419
chr6	74500001	75000000	0.0907024907611256
chr6	75000001	75500000	0.0229839653430031
chr6	75500001	76000000	0.0375177231052419
chr6	76000001	76500000	0.0248431972003828
chr6	76500001	77000000	-0.0365090605704887
chr6	77000001	77500000	0.0398846098309729
chr6	77500001	78000000	0.0780030199377054
chr6	78000001	78500000	-0.057935320389504
chr6	78500001	79000000	-0.0264399979783921
chr6	79000001	79500000	-0.0676046653274472
chr6	79500001	80000000	-0.0961010260608202
chr6	80000001	80500000	0.070064719003489
chr6	80500001	81000000	-0.029339508876128
chr6	81000001	81500000	0.0205693321443234
chr6	81500001	82000000	0.0532287801979892
chr6	82000001	82500000	-0.0410377460860619
chr6	82500001	83000000	-0.0557045359309061
chr6	83000001	83500000	0.0227272126338878
chr6	83500001	84000000	-0.0783489003893404
chr6	84000001	84500000	-0.0064768874717899
chr6	84500001	85000000	0.0437931145500511
chr6	85000001	85500000	0.00823091443538057
chr6	85500001	86000000	0.0664025912812426
chr6	86000001	86500000	-0.0126018406650628
chr6	87000001	87500000	0.0171772730398828
chr6	87500001	88000000	0.0400880758209962
chr6	88000001	88500000	0.060074726209911
chr6	88500001	89000000	0.00331023254066938
chr6	89000001	89500000	-0.0559701519815991
chr6	89500001	90000000	0.0750680322635101
chr6	90000001	90500000	0.0478179971003349
chr6	90500001	91000000	-0.00117457077050481
chr6	91000001	91500000	-0.00453134288479887
chr6	91500001	92000000	0.00586698096750909
chr6	92000001	92500000	0.0511531162878603
chr6	92500001	93000000	-0.0225967665473013
chr6	93000001	93500000	0.0667963227470185
chr6	93500001	94000000	0.0597541297130161
chr6	94000001	94500000	-0.0495189700369256
chr6	94500001	95000000	-0.00514246310474026
chr6	95000001	95500000	0.0660127627006042
chr6	96000001	96500000	-0.0300298448791634
chr6	96500001	97000000	0.0253171347371718
chr6	97000001	97500000	-0.033377376270092
chr6	97500001	98000000	-0.00129958000084454
chr6	98000001	98500000	0.0460080252676807
chr6	98500001	99000000	0.0176736377289095
chr6	99000001	99500000	0.0700163212352834
chr6	99500001	100000000	-0.00942510310618709
chr6	100000001	100500000	-0.0519267535340349
chr6	100500001	101000000	0.00845201140267664
chr6	101000001	101500000	-0.0426049636503831
chr6	101500001	102000000	0.0238535629148629
chr6	102000001	102500000	NA
chr6	102500001	103000000	-0.0682149188314805
chr6	103000001	103500000	0.0303429315284033
chr6	103500001	104000000	-0.0340529518896507
chr6	104000001	104500000	0.0632930565737597
chr6	104500001	105000000	0.106580070962922
chr6	105000001	105500000	0.0363172642530513
chr6	105500001	106000000	-0.051009286029678
chr6	106000001	106500000	-0.0601807540075347
chr6	106500001	107000000	0.0108920647207277
chr6	107000001	107500000	0.000951957689011469
chr6	107500001	108000000	0.0436068493013241
chr6	108000001	108500000	-0.0283774812478788
chr6	108500001	109000000	0.00872862074369941
chr6	109000001	109500000	0.0784687149245547
chr6	109500001	110000000	0.0609631549498146
chr6	110000001	110500000	-0.0392111964174788
chr6	110500001	111000000	-0.0617620342200778
chr6	111000001	111500000	0.0606064313963569
chr6	111500001	112000000	0.0191416377007332
chr6	112000001	112500000	-0.0764677298195923
chr6	112500001	113000000	-0.0166889176228301
chr6	113000001	113500000	0.0437364800871232
chr6	113500001	114000000	-0.0308906613431673
chr6	114000001	114500000	0.044939749801784
chr6	114500001	115000000	-0.00735334099196558
chr6	115000001	115500000	-0.062445375776936
chr6	115500001	116000000	NA
chr6	116000001	116500000	-0.0220640398154652
chr6	116500001	117000000	0.0403327916972623
chr6	117000001	117500000	0.0103528351220669
chr6	117500001	118000000	-0.025960947288112
chr6	118000001	118500000	-0.0642340207309234
chr6	118500001	119000000	-0.0255527128569871
chr6	119000001	119500000	0.0814355410277406
chr6	119500001	120000000	0.0297863294334287
chr6	120000001	120500000	-0.00512763814696839
chr6	120500001	121000000	0.0114692521720072
chr6	121000001	121500000	-0.0132679699985086
chr6	121500001	122000000	0.00648549860339318
chr6	122000001	122500000	0.055781373128662
chr6	122500001	123000000	0.0192409295909043
chr6	123000001	123500000	0.00351133299194875
chr6	123500001	124000000	0.0256984864877788
chr6	124000001	124500000	-0.000302900841770852
chr6	124500001	125000000	0.0125478557119457
chr6	125000001	125500000	-0.0716156876173275
chr6	125500001	126000000	-0.0302364602979593
chr6	126000001	126500000	0.075552794323379
chr6	126500001	127000000	-0.0479304708125174
chr6	127000001	127500000	-0.0652613103128138
chr6	127500001	128000000	-0.0232190585620178
chr6	128000001	128500000	0.034270996439535
chr6	128500001	129000000	0.0503183801066506
chr6	129000001	129500000	-0.048084308712264
chr6	129500001	130000000	-0.00320323945755416
chr6	130000001	130500000	0.00317831079117479
chr6	130500001	131000000	-0.0423296177958397
chr6	131000001	131500000	-0.0224403301379738
chr6	131500001	132000000	0.021974264435034
chr6	132000001	132500000	0.0189542852044196
chr6	132500001	133000000	0.0308345366589509
chr6	133000001	133500000	0.0884466739744083
chr6	133500001	134000000	-0.0224328446215478
chr6	134000001	134500000	0.0488637750888018
chr6	134500001	135000000	0.0338777551253304
chr6	135000001	135500000	-0.0385543400951783
chr6	135500001	136000000	0.00553076329067746
chr6	136000001	136500000	-0.010241928293414
chr6	136500001	137000000	0.039269953544003
chr6	137000001	137500000	0.0232226929315149
chr6	137500001	138000000	-0.0448446175953959
chr6	138000001	138500000	0.0822412566822638
chr6	138500001	139000000	-0.0519255870042601
chr6	139000001	139500000	0.0247785814560377
chr6	139500001	140000000	0.0117781942819096
chr6	140000001	140500000	-0.0608023483287684
chr6	140500001	141000000	0.00755391496763234
chr6	141000001	141500000	-0.063741382216687
chr6	141500001	142000000	-0.0906850131751944
chr6	142000001	142500000	0.0343963333761242
chr6	142500001	143000000	0.0114417913618295
chr6	143000001	143500000	-0.0342820257826277
chr6	143500001	144000000	0.0754434340932359
chr6	144000001	144500000	-0.019157851829
chr6	144500001	145000000	0.155856074365964
chr6	145000001	145500000	0.0223520922777975
chr6	145500001	146000000	-0.0566338545135764
chr6	146000001	146500000	0.0107537483526448
chr6	146500001	147000000	-0.0817869917225066
chr6	147000001	147500000	0.00431698366449159
chr6	147500001	148000000	0.0881705785322053
chr6	148000001	148500000	-0.0349901609245648
chr6	148500001	149000000	-0.000977253158551858
chr6	149000001	149500000	-0.0253685435103255
chr6	149500001	150000000	0.0244466894081278
chr6	150000001	150500000	-0.0410360471893648
chr6	150500001	151000000	-0.0582198817172214
chr6	151000001	151500000	0.0514985242012033
chr6	151500001	152000000	-0.0119014478467467
chr6	152000001	152500000	-0.057499134480318
chr6	152500001	153000000	0.0175670191191835
chr6	153000001	153500000	-0.010979225054519
chr6	153500001	154000000	-0.103128356875401
chr6	154000001	154500000	0.0901532780007276
chr6	154500001	155000000	0.0955849325014359
chr6	155000001	155500000	0.0489765937999389
chr6	155500001	156000000	-0.0306930092775623
chr6	156000001	156500000	-0.0860694152787607
chr6	156500001	157000000	-0.108573146679476
chr6	157000001	157500000	0.0901508383157835
chr6	158000001	158500000	-0.0711744203306561
chr6	158500001	159000000	0.00847177747502499
chr6	159000001	159500000	-0.0124260446249417
chr6	159500001	160000000	0.0189430622783376
chr6	160000001	160500000	0.047159429814015
chr6	160500001	161000000	-0.00691483993208376
chr6	161000001	161500000	-0.0251327083787673
chr6	161500001	162000000	-0.024288982465664
chr6	162000001	162500000	0.0268909714943245
chr6	162500001	163000000	-0.000677241201121594
chr6	163000001	163500000	-0.00469577841479064
chr6	163500001	164000000	0.0881290660508547
chr6	164000001	164500000	0.0302698881467736
chr6	164500001	165000000	0.0600043853503395
chr6	165000001	165500000	0.036268295356785
chr6	165500001	166000000	0.0438646955501806
chr6	166000001	166500000	-0.0011510352463299
chr6	166500001	167000000	0.0497073548766771
chr6	167000001	167500000	-0.0614634995234643
chr6	168000001	168500000	NA
chr6	168500001	169000000	-0.0685905212028668
chr6	169000001	169500000	0.0420176971728025
chr6	169500001	170000000	0.0649871979893708
chr7	500001	1000000	-0.0639560655626379
chr7	1000001	1500000	-0.0457109579999145
chr7	1500001	2000000	-0.0688310209172398
chr7	2000001	2500000	-0.0725992872308843
chr7	2500001	3000000	0.0618937841339173
chr7	3000001	3500000	-0.115031253786627
chr7	3500001	4000000	-0.015189170026664
chr7	4000001	4500000	-0.0896988024057028
chr7	4500001	5000000	0.0463874265007402
chr7	5000001	5500000	-0.0123329312663104
chr7	5500001	6000000	0.0504437247450946
chr7	6000001	6500000	0.0440094594573897
chr7	7000001	7500000	0.0263289839931019
chr7	7500001	8000000	-0.00272265128730028
chr7	8000001	8500000	0.0628428680222228
chr7	8500001	9000000	-0.025133050524113
chr7	9000001	9500000	-0.0149550713804376
chr7	9500001	10000000	-0.0172036961352524
chr7	10000001	10500000	-0.0151330355422423
chr7	10500001	11000000	-0.0204973297725793
chr7	11000001	11500000	0.0589240593159576
chr7	11500001	12000000	0.0637292616577944
chr7	12000001	12500000	-0.0702133273099401
chr7	12500001	13000000	0.0207581542226107
chr7	13000001	13500000	-0.0343778694771341
chr7	13500001	14000000	-0.0228568028266107
chr7	14000001	14500000	-0.0639464416624073
chr7	14500001	15000000	-0.0262329543306975
chr7	15000001	15500000	-0.0364240044842403
chr7	15500001	16000000	0.0196309635442899
chr7	16000001	16500000	-0.0801253713194883
chr7	16500001	17000000	0.0155354971168152
chr7	17000001	17500000	0.060788355326387
chr7	17500001	18000000	-0.00222945234919979
chr7	18000001	18500000	0.0123896138035092
chr7	18500001	19000000	-0.00241862331189834
chr7	19000001	19500000	0.0485369389079663
chr7	19500001	20000000	-0.0123329111702172
chr7	20000001	20500000	0.0234475991656745
chr7	20500001	21000000	0.024041474189395
chr7	21000001	21500000	-0.00184801288773153
chr7	21500001	22000000	-0.00763163477665781
chr7	22000001	22500000	-0.0483317378294609
chr7	22500001	23000000	-0.0516645553208585
chr7	23000001	23500000	0.0445175673314592
chr7	23500001	24000000	0.111036475518256
chr7	24000001	24500000	-0.0339084097867783
chr7	24500001	25000000	-0.0964397589819515
chr7	25000001	25500000	0.0258265417776935
chr7	25500001	26000000	-0.0228300541266645
chr7	26000001	26500000	-0.00722601278164637
chr7	26500001	27000000	-0.0516065986549491
chr7	27000001	27500000	-0.0166000218431087
chr7	27500001	28000000	0.0229014757058661
chr7	28000001	28500000	-0.0379725990319336
chr7	28500001	29000000	0.00588563006917469
chr7	29000001	29500000	-0.0390960501966453
chr7	29500001	30000000	-0.0676716348244739
chr7	30000001	30500000	-0.0022662195698797
chr7	30500001	31000000	-0.0653730521820132
chr7	31000001	31500000	0.0501261664773503
chr7	31500001	32000000	-0.0380687905355843
chr7	32000001	32500000	-0.020760226340969
chr7	33000001	33500000	-0.0559806232453192
chr7	33500001	34000000	0.00809723418601245
chr7	34000001	34500000	0.0081930429097261
chr7	34500001	35000000	0.0860719617580167
chr7	35500001	36000000	-0.0368451453404655
chr7	36000001	36500000	-0.00910316197736466
chr7	36500001	37000000	0.0408371901098036
chr7	37000001	37500000	0.0211508207485248
chr7	37500001	38000000	-0.0578778040103946
chr7	38000001	38500000	-0.151056340008678
chr7	38500001	39000000	0.0456044389631707
chr7	39000001	39500000	-0.0858155083343143
chr7	39500001	40000000	-0.0633007168901003
chr7	40000001	40500000	0.0235413162199805
chr7	40500001	41000000	-0.0278633315914248
chr7	41000001	41500000	-0.0602284772488946
chr7	41500001	42000000	0.00652598986630668
chr7	42000001	42500000	0.0606155750869699
chr7	42500001	43000000	0.0193396653654184
chr7	43000001	43500000	-0.0454100820528433
chr7	43500001	44000000	-0.023456295766635
chr7	44000001	44500000	0.0174176541260656
chr7	44500001	45000000	0.0835500619282967
chr7	45000001	45500000	0.0406135202546799
chr7	46000001	46500000	-0.038187416478403
chr7	46500001	47000000	-0.0164944419199558
chr7	47000001	47500000	-0.0217387459216873
chr7	47500001	48000000	-0.0243047393722045
chr7	48000001	48500000	-0.0608867409096133
chr7	48500001	49000000	-0.00388975846935947
chr7	49000001	49500000	-0.0137527767559191
chr7	49500001	50000000	-0.0364757728951873
chr7	50000001	50500000	NA
chr7	50500001	51000000	0.0152671331803611
chr7	51000001	51500000	0.0323922481992269
chr7	51500001	52000000	-0.0344133415866695
chr7	52000001	52500000	0.0171423093717462
chr7	52500001	53000000	0.0417772279481027
chr7	53000001	53500000	0.0310527901069635
chr7	53500001	54000000	0.0413818818861303
chr7	54000001	54500000	-0.0480711673731909
chr7	54500001	55000000	0.0981568896966272
chr7	55000001	55500000	-0.0845827472205088
chr7	62000001	62500000	0.0427831302788358
chr7	63500001	64000000	0.0771219131989545
chr7	64000001	64500000	0.107589160116589
chr7	65500001	66000000	-0.018347347776834
chr7	66000001	66500000	0.0906381840109761
chr7	67000001	67500000	0.0202999105194556
chr7	67500001	68000000	0.0246443475916369
chr7	68000001	68500000	-0.0161294514771727
chr7	68500001	69000000	-0.0804289827333388
chr7	69000001	69500000	-0.0465790365968281
chr7	69500001	70000000	-0.0094564105431834
chr7	70000001	70500000	-0.112167612338377
chr7	70500001	71000000	0.0591104110110794
chr7	71000001	71500000	-0.0359733808568923
chr7	71500001	72000000	-0.107112762924533
chr7	73000001	73500000	0.0361825038663501
chr7	73500001	74000000	-0.0719896723747432
chr7	75500001	76000000	-0.0375948726569426
chr7	77000001	77500000	0.132892537168666
chr7	77500001	78000000	0.00116405501223777
chr7	78000001	78500000	-0.0586356648675249
chr7	78500001	79000000	0.0345475053467979
chr7	79000001	79500000	0.0558791169274567
chr7	79500001	80000000	0.0609289534233929
chr7	80000001	80500000	-0.0915286222229079
chr7	80500001	81000000	-0.00963785984118236
chr7	81000001	81500000	-0.0370929665214979
chr7	81500001	82000000	-0.00297533811355576
chr7	82000001	82500000	0.026850967451961
chr7	82500001	83000000	-0.0515338017068383
chr7	83000001	83500000	0.00700816017345543
chr7	83500001	84000000	0.0301875188260154
chr7	84000001	84500000	-0.0665559057980812
chr7	84500001	85000000	-0.0285460949271996
chr7	85000001	85500000	-0.081764439759375
chr7	85500001	86000000	-0.0184908200454019
chr7	86000001	86500000	0.0293415699250474
chr7	86500001	87000000	0.0468604476262672
chr7	87000001	87500000	-0.0561680080104206
chr7	87500001	88000000	0.000898735169519948
chr7	88000001	88500000	0.0456094188798668
chr7	88500001	89000000	-0.00429464693046541
chr7	89000001	89500000	0.0138762593221146
chr7	89500001	90000000	-0.0254651449736293
chr7	90000001	90500000	-0.017617632484298
chr7	90500001	91000000	-0.029508761346665
chr7	91000001	91500000	-0.00977903097692143
chr7	91500001	92000000	0.109457481596549
chr7	92000001	92500000	-0.00273604608640489
chr7	92500001	93000000	-0.00764915644127019
chr7	93000001	93500000	-0.00972495455075367
chr7	93500001	94000000	0.0108787321250074
chr7	94000001	94500000	-0.0237265490568343
chr7	94500001	95000000	-0.00652806247634717
chr7	95000001	95500000	-0.0205724575643247
chr7	95500001	96000000	0.0863523291783944
chr7	96000001	96500000	-0.0572317728233932
chr7	96500001	97000000	-0.0134616994925301
chr7	97000001	97500000	-0.0135479396015893
chr7	98000001	98500000	-0.0544525101220922
chr7	98500001	99000000	0.00280416912219054
chr7	99000001	99500000	0.0767896783332178
chr7	100000001	100500000	0.064234834164316
chr7	101000001	101500000	-0.116473164924656
chr7	101500001	102000000	-0.0771268417462526
chr7	103000001	103500000	-0.0510122335683335
chr7	103500001	104000000	0.00238520953251153
chr7	104000001	104500000	-0.081454267792774
chr7	104500001	105000000	0.0283717324002073
chr7	105000001	105500000	-0.0327533674548505
chr7	105500001	106000000	0.0616139763401759
chr7	106000001	106500000	0.0701777005805028
chr7	106500001	107000000	-0.0253010319540609
chr7	107000001	107500000	-0.0399140446469851
chr7	107500001	108000000	0.0811044338963905
chr7	108000001	108500000	0.0690145741951321
chr7	108500001	109000000	-0.0572437228352097
chr7	109000001	109500000	0.0617393240125064
chr7	109500001	110000000	-0.0734117871385388
chr7	110000001	110500000	-0.0148659343179979
chr7	110500001	111000000	-0.0147362777473016
chr7	111000001	111500000	-0.0206853231930902
chr7	111500001	112000000	0.0188878891369197
chr7	112000001	112500000	-0.0113016042964314
chr7	112500001	113000000	0.0134970744273875
chr7	113000001	113500000	-0.0137477801150309
chr7	113500001	114000000	0.0302650135805587
chr7	114000001	114500000	-0.00737434561429018
chr7	114500001	115000000	-0.0236617208251992
chr7	115000001	115500000	-0.0828619677333696
chr7	115500001	116000000	-0.0916551351104996
chr7	116000001	116500000	-0.0282848314810765
chr7	116500001	117000000	0.0764887344993532
chr7	117000001	117500000	-0.0368509569874375
chr7	117500001	118000000	0.0143917697877456
chr7	118000001	118500000	-0.0181789578257683
chr7	118500001	119000000	-0.0100694217591666
chr7	119000001	119500000	0.00134987615366063
chr7	119500001	120000000	-0.0421047032419623
chr7	120000001	120500000	0.0601136337587877
chr7	120500001	121000000	0.0153418940412553
chr7	121000001	121500000	-0.0136166356080204
chr7	121500001	122000000	0.0550547081132187
chr7	122000001	122500000	-0.019431433214904
chr7	122500001	123000000	0.0408975441353646
chr7	123000001	123500000	-0.0518870281894497
chr7	123500001	124000000	0.0338968936837481
chr7	124000001	124500000	0.0326524010868238
chr7	124500001	125000000	0.0305550979919422
chr7	125000001	125500000	-0.0123117849610753
chr7	125500001	126000000	0.0642732920227261
chr7	126000001	126500000	-0.0561246305280166
chr7	126500001	127000000	0.0483885109296577
chr7	127000001	127500000	0.0424773254571971
chr7	127500001	128000000	-0.0202164965162284
chr7	128500001	129000000	0.0382630190518895
chr7	129000001	129500000	0.10168216637358
chr7	129500001	130000000	0.0267560629969064
chr7	130500001	131000000	0.0947272902758308
chr7	131000001	131500000	0.0443012126776424
chr7	131500001	132000000	-0.0886883708396476
chr7	132000001	132500000	-0.142178247254499
chr7	132500001	133000000	-0.0200331322094165
chr7	133000001	133500000	0.0265089840212296
chr7	133500001	134000000	-0.0380425973905982
chr7	134000001	134500000	-0.0438132104221085
chr7	134500001	135000000	0.0666822223676241
chr7	135000001	135500000	0.043520988608934
chr7	135500001	136000000	0.00279504133005319
chr7	136000001	136500000	-0.0542912876577312
chr7	136500001	137000000	0.0417115929989886
chr7	137000001	137500000	-0.00595927528669499
chr7	137500001	138000000	0.0278676013893678
chr7	138000001	138500000	0.0835267752937158
chr7	138500001	139000000	0.066660631783804
chr7	139000001	139500000	NA
chr7	139500001	140000000	0.0647457343367349
chr7	140000001	140500000	-0.0627798496577797
chr7	140500001	141000000	0.0456196374206561
chr7	141000001	141500000	0.00138192661936616
chr7	141500001	142000000	0.0523395181470835
chr7	142500001	143000000	-0.0220952838634538
chr7	144000001	144500000	0.153563713988609
chr7	144500001	145000000	-0.0694074658607076
chr7	145000001	145500000	-0.0351990792933617
chr7	145500001	146000000	-0.0676774354996485
chr7	146000001	146500000	-0.0671200667980932
chr7	146500001	147000000	0.00961387332969956
chr7	147000001	147500000	0.0641177170884336
chr7	147500001	148000000	-0.0430547107403209
chr7	148000001	148500000	-0.0197092221261742
chr7	148500001	149000000	0.14107760972288
chr7	149000001	149500000	0.060497203204201
chr7	150000001	150500000	0.0430907681888966
chr7	150500001	151000000	0.0738227883639241
chr7	151000001	151500000	0.0513932185215128
chr7	151500001	152000000	0.00536834727084931
chr7	152000001	152500000	0.0392934159907143
chr7	152500001	153000000	-0.0101469168787127
chr7	153000001	153500000	0.00616530539160489
chr7	154500001	155000000	0.0610190539017278
chr7	155000001	155500000	-0.102634089170965
chr7	155500001	156000000	0.0461792030561291
chr7	156000001	156500000	-0.0588926580583269
chr7	156500001	157000000	0.0898084343838116
chr7	157000001	157500000	0.0183472705818386
chr7	157500001	158000000	-0.0882039576026549
chr7	158000001	158500000	0.109623322710402
chr7	158500001	159000000	0.0245821782264977
chr8	500001	1000000	-0.00268932052259323
chr8	1000001	1500000	-0.039076460581564
chr8	1500001	2000000	-0.0585974450549881
chr8	2000001	2500000	-0.0141731582128095
chr8	2500001	3000000	0.0741242949917821
chr8	3000001	3500000	0.0693158936610191
chr8	3500001	4000000	-0.056678030697851
chr8	4000001	4500000	0.0031020292671403
chr8	4500001	5000000	-0.058284824403261
chr8	5000001	5500000	0.0292706970778688
chr8	5500001	6000000	-0.105546184544365
chr8	6000001	6500000	0.047933320386976
chr8	8500001	9000000	-0.0332292261639185
chr8	9000001	9500000	-0.0556739411307323
chr8	9500001	10000000	0.0164056943365165
chr8	10000001	10500000	-0.0494845066576433
chr8	10500001	11000000	0.0192436425609421
chr8	11000001	11500000	-0.049849018267813
chr8	12500001	13000000	-0.0087208098941445
chr8	13000001	13500000	-0.0149625714910777
chr8	13500001	14000000	0.00868706113619803
chr8	14000001	14500000	-0.0420954053735089
chr8	14500001	15000000	0.0128415307690016
chr8	15000001	15500000	0.0691660186575276
chr8	15500001	16000000	0.0163860059762346
chr8	16000001	16500000	-0.0636479638879647
chr8	16500001	17000000	-0.0655144468595906
chr8	17000001	17500000	0.00947686261527679
chr8	17500001	18000000	0.0181139410333104
chr8	18000001	18500000	0.0445893534835751
chr8	18500001	19000000	-0.0137200476640116
chr8	19000001	19500000	-0.0827245635080719
chr8	19500001	20000000	0.00332362463508293
chr8	20000001	20500000	0.0311920234775835
chr8	20500001	21000000	-0.124004940164835
chr8	21000001	21500000	-0.112250683984953
chr8	21500001	22000000	0.0319142250166599
chr8	22000001	22500000	-0.00193946269202546
chr8	22500001	23000000	-0.00483352265748212
chr8	23000001	23500000	0.0632006029801853
chr8	23500001	24000000	0.00800901915957417
chr8	24000001	24500000	-0.076570359451871
chr8	24500001	25000000	0.0468297564290462
chr8	25000001	25500000	-0.0100791094110509
chr8	25500001	26000000	-0.0382160001866561
chr8	26000001	26500000	0.0176409977407163
chr8	26500001	27000000	-0.066365734133592
chr8	27000001	27500000	0.0952841151583988
chr8	27500001	28000000	-0.0107142075272894
chr8	28000001	28500000	0.0335933037759528
chr8	28500001	29000000	0.0490831960040979
chr8	29000001	29500000	-0.0872127050390209
chr8	29500001	30000000	0.0186339063331505
chr8	30000001	30500000	0.0268377227159944
chr8	30500001	31000000	-0.0183946933706704
chr8	31000001	31500000	0.00819973306750759
chr8	31500001	32000000	0.0199414860055782
chr8	32000001	32500000	0.023452416506711
chr8	32500001	33000000	0.00753711932432883
chr8	33000001	33500000	-0.0213442356943608
chr8	33500001	34000000	0.0600709433137501
chr8	34000001	34500000	0.0461141222267615
chr8	34500001	35000000	0.0472660343827513
chr8	35000001	35500000	-0.041846639032659
chr8	35500001	36000000	0.107471987976763
chr8	36000001	36500000	0.00038240728604643
chr8	36500001	37000000	-0.0275073499707883
chr8	37000001	37500000	-0.0587389752075823
chr8	37500001	38000000	-0.0463376073447466
chr8	38000001	38500000	-0.0161192213171056
chr8	38500001	39000000	0.0473454397135806
chr8	39000001	39500000	-0.0901503807111183
chr8	39500001	40000000	-0.00733078349324986
chr8	40000001	40500000	-0.0307151406080513
chr8	40500001	41000000	-0.0530771664386632
chr8	41000001	41500000	0.0738376230063957
chr8	41500001	42000000	0.0777799929504702
chr8	42000001	42500000	-0.0658516044475842
chr8	42500001	43000000	0.0813222879465867
chr8	43000001	43500000	-0.888588384903144
chr8	47000001	47500000	-0.0324960231438671
chr8	47500001	48000000	0.00547960281446894
chr8	48000001	48500000	NA
chr8	48500001	49000000	0.0163877786443259
chr8	49000001	49500000	0.0070988856868866
chr8	49500001	50000000	-0.0880800495726948
chr8	50000001	50500000	0.0240180798949448
chr8	50500001	51000000	0.0150241699689128
chr8	51000001	51500000	0.0669349841357915
chr8	51500001	52000000	-0.0211165835467136
chr8	52000001	52500000	0.0878530792723328
chr8	52500001	53000000	0.050988716391427
chr8	53000001	53500000	-0.0205756485406102
chr8	53500001	54000000	0.041604114480527
chr8	54000001	54500000	0.05813184166475
chr8	54500001	55000000	-0.00636061085415044
chr8	55000001	55500000	0.00102613062483713
chr8	55500001	56000000	-0.0104862602761479
chr8	56000001	56500000	-0.0470357572496822
chr8	56500001	57000000	-0.00997671353742428
chr8	57000001	57500000	0.0441333596735872
chr8	57500001	58000000	0.0285001414515996
chr8	58000001	58500000	-0.108989813807969
chr8	58500001	59000000	-0.035880345132763
chr8	59000001	59500000	0.0234332259580761
chr8	59500001	60000000	-0.0211369544907615
chr8	60000001	60500000	0.00152561988832839
chr8	60500001	61000000	0.0512406693941082
chr8	61000001	61500000	-0.108496674226491
chr8	61500001	62000000	-0.0108426825788921
chr8	62000001	62500000	-0.0424520524414188
chr8	62500001	63000000	0.0313071053987766
chr8	63000001	63500000	0.0486152699774153
chr8	63500001	64000000	-0.0691074480694415
chr8	64000001	64500000	0.010760071352094
chr8	64500001	65000000	-0.0396916455844267
chr8	65000001	65500000	-0.00237343488271764
chr8	65500001	66000000	-0.0568602152102871
chr8	66000001	66500000	-0.0476492160707047
chr8	66500001	67000000	0.0636689973668409
chr8	67000001	67500000	-0.032147725538431
chr8	67500001	68000000	0.104175681984409
chr8	68000001	68500000	-0.0155193313036652
chr8	68500001	69000000	-0.0395299551675645
chr8	69000001	69500000	0.0137264891104215
chr8	69500001	70000000	0.0446188586525785
chr8	70000001	70500000	-0.0693084143737976
chr8	70500001	71000000	-0.121620294005981
chr8	71000001	71500000	0.0521043430137366
chr8	71500001	72000000	-0.0303578555783273
chr8	72000001	72500000	0.0195216639709013
chr8	72500001	73000000	-0.00885908503342906
chr8	73000001	73500000	-0.0243453778399411
chr8	73500001	74000000	-0.103046802581241
chr8	74000001	74500000	0.0434710939315855
chr8	74500001	75000000	0.0318416294370575
chr8	75000001	75500000	-0.0221459286147905
chr8	75500001	76000000	-0.0312752245619449
chr8	76000001	76500000	0.0612380853515231
chr8	76500001	77000000	0.0215326810655831
chr8	77000001	77500000	-0.0039773610539143
chr8	77500001	78000000	-0.0434811273805319
chr8	78000001	78500000	-0.0458684783252388
chr8	78500001	79000000	-0.00676388692464835
chr8	79000001	79500000	-0.0457995066755773
chr8	79500001	80000000	0.0312337972095883
chr8	80000001	80500000	-0.0718040348752962
chr8	80500001	81000000	0.0253183938562534
chr8	81000001	81500000	-0.0748853370736577
chr8	81500001	82000000	0.0231539844230046
chr8	82000001	82500000	-0.0166133997032404
chr8	82500001	83000000	-0.00453092155907802
chr8	83000001	83500000	-0.0425156242712958
chr8	83500001	84000000	-0.0669352893303221
chr8	84000001	84500000	0.030749952790881
chr8	84500001	85000000	-0.0188807858899047
chr8	85000001	85500000	0.0383282749239432
chr8	85500001	86000000	-0.00178177276601242
chr8	86000001	86500000	0.0174051106685716
chr8	87000001	87500000	0.0517163174414258
chr8	87500001	88000000	0.0295058849622912
chr8	88000001	88500000	-0.00407956249708694
chr8	88500001	89000000	0.0740080033800258
chr8	89000001	89500000	0.00807772059684257
chr8	89500001	90000000	0.0538859432198284
chr8	90000001	90500000	-0.00618924414661823
chr8	90500001	91000000	0.0791678905707237
chr8	91000001	91500000	-0.0717187211401184
chr8	91500001	92000000	0.0828002921267631
chr8	92000001	92500000	-0.0262645946210708
chr8	92500001	93000000	0.009615716879193
chr8	93000001	93500000	-0.023513251155384
chr8	93500001	94000000	-0.0562397516373992
chr8	94000001	94500000	-0.046330984127431
chr8	94500001	95000000	0.0413248633589706
chr8	95000001	95500000	-0.0907895612417748
chr8	95500001	96000000	0.0859451725815362
chr8	96000001	96500000	-0.167048123421146
chr8	96500001	97000000	-0.00182239482090718
chr8	97000001	97500000	-0.0322793675465938
chr8	97500001	98000000	-0.065795955244439
chr8	98000001	98500000	0.00184184261092654
chr8	98500001	99000000	-0.0545786335463041
chr8	99000001	99500000	-0.0502849282682972
chr8	99500001	100000000	-0.0016338049720138
chr8	100000001	100500000	-0.0556467911599428
chr8	100500001	101000000	-0.0949946529018679
chr8	101000001	101500000	-0.0576667348131965
chr8	101500001	102000000	0.0507946831380028
chr8	102000001	102500000	0.0101835560294642
chr8	102500001	103000000	-0.0229262635311037
chr8	103000001	103500000	0.0341394256499191
chr8	103500001	104000000	0.0634313228131131
chr8	104000001	104500000	0.0177322826929538
chr8	104500001	105000000	-0.0463004565440436
chr8	105000001	105500000	-0.0310221293722575
chr8	105500001	106000000	-0.033677815270593
chr8	106000001	106500000	-0.0135871453392879
chr8	106500001	107000000	-0.0612740953749494
chr8	107000001	107500000	-0.161386195335158
chr8	107500001	108000000	-0.0308033245229431
chr8	108000001	108500000	-0.0462718213724459
chr8	108500001	109000000	-0.0216541606553651
chr8	109000001	109500000	-0.0309836004327375
chr8	109500001	110000000	-0.0672717148091675
chr8	110000001	110500000	0.0379102475190447
chr8	110500001	111000000	-0.0183796893493978
chr8	111000001	111500000	-0.0878483312416837
chr8	111500001	112000000	-0.00367354651731167
chr8	112000001	112500000	0.0083897739538135
chr8	112500001	113000000	-0.00109933546198729
chr8	113000001	113500000	-0.0286476389424066
chr8	113500001	114000000	NA
chr8	114000001	114500000	-0.00798442972297635
chr8	114500001	115000000	-0.0183569931836566
chr8	115000001	115500000	0.0487817075022843
chr8	115500001	116000000	0.038752352780281
chr8	116000001	116500000	-0.0402325288195282
chr8	116500001	117000000	-0.00535757977197669
chr8	117000001	117500000	-0.118178739625619
chr8	117500001	118000000	0.000692136611479453
chr8	118000001	118500000	-0.0232990685394226
chr8	118500001	119000000	0.0316463787175933
chr8	119000001	119500000	0.0391332628307098
chr8	119500001	120000000	0.0331856490825106
chr8	120000001	120500000	-0.0967074672153035
chr8	120500001	121000000	0.0167971825550417
chr8	121000001	121500000	-0.0465233567622726
chr8	121500001	122000000	-0.0840187213394983
chr8	122000001	122500000	-0.163122058870258
chr8	122500001	123000000	0.0162116605590175
chr8	123000001	123500000	0.030621748964949
chr8	123500001	124000000	0.0137934495359673
chr8	124000001	124500000	0.0444445716491506
chr8	124500001	125000000	-0.0588350967543787
chr8	125000001	125500000	-0.0385964792626495
chr8	125500001	126000000	0.00862348562112093
chr8	126000001	126500000	0.0577239938875276
chr8	126500001	127000000	-0.0318716494960375
chr8	127000001	127500000	-0.013070900926158
chr8	127500001	128000000	-0.0380470604950163
chr8	128000001	128500000	-0.035361992776641
chr8	128500001	129000000	-0.122487180257652
chr8	129000001	129500000	-0.0295926947842667
chr8	129500001	130000000	-0.123380654542967
chr8	130000001	130500000	-0.0631177803451002
chr8	130500001	131000000	0.0376428746744306
chr8	131000001	131500000	0.0366627717867685
chr8	131500001	132000000	-0.0939492623825004
chr8	132000001	132500000	-0.0145041335803711
chr8	132500001	133000000	0.111082658419084
chr8	133000001	133500000	-0.0118133407585717
chr8	133500001	134000000	-0.048711476995034
chr8	134000001	134500000	-0.0123479097977483
chr8	134500001	135000000	0.0202621846538573
chr8	135000001	135500000	-0.0871045912144103
chr8	135500001	136000000	0.0192634461483926
chr8	136000001	136500000	-0.0477565746688952
chr8	136500001	137000000	0.0485245507129082
chr8	137000001	137500000	0.044239962797238
chr8	137500001	138000000	0.0100498637068447
chr8	138000001	138500000	0.0293399667519375
chr8	138500001	139000000	0.0142819526010293
chr8	139000001	139500000	-0.0668819740431355
chr8	139500001	140000000	-0.0382807005461138
chr8	140000001	140500000	-0.101264074647142
chr8	140500001	141000000	-0.0416812024353053
chr8	141000001	141500000	-0.00731074637199481
chr8	141500001	142000000	0.0863170427236447
chr8	142000001	142500000	0.0107562457161401
chr8	143000001	143500000	-0.129421280509952
chr8	143500001	144000000	-0.0551257633005611
chr8	144000001	144500000	-0.0601393210680179
chr8	144500001	145000000	0.0517611926187704
chr8	145500001	146000000	0.0768989860775056
chr9	500001	1000000	-0.0149569440856539
chr9	1000001	1500000	-0.0109954258750064
chr9	1500001	2000000	0.0401028961625478
chr9	2000001	2500000	-0.0431343746690582
chr9	2500001	3000000	0.00414803125126094
chr9	3000001	3500000	-0.00395091587992614
chr9	3500001	4000000	-0.0825177252350862
chr9	4000001	4500000	-0.0354033677810104
chr9	4500001	5000000	0.0597521175381308
chr9	5000001	5500000	-0.00415272224737005
chr9	5500001	6000000	0.0524558363767164
chr9	6000001	6500000	0.00565455987753671
chr9	6500001	7000000	0.000788721176322157
chr9	7000001	7500000	-0.0518381296884982
chr9	7500001	8000000	-0.0108836888401902
chr9	8000001	8500000	-0.058208465676109
chr9	8500001	9000000	0.0205570672308189
chr9	9000001	9500000	0.0200833345837777
chr9	9500001	10000000	-0.0369074341828617
chr9	10000001	10500000	0.00215896887170049
chr9	10500001	11000000	0.0342758986906483
chr9	11000001	11500000	0.0559267038824275
chr9	11500001	12000000	0.0433542688673957
chr9	12000001	12500000	-0.0284476766718296
chr9	12500001	13000000	-0.0012954201430323
chr9	13000001	13500000	0.00336019775825851
chr9	13500001	14000000	-0.0296405341816253
chr9	14000001	14500000	0.0296505232704303
chr9	14500001	15000000	-0.040944085830597
chr9	15000001	15500000	-0.0497323072941075
chr9	15500001	16000000	-0.0760173176136397
chr9	16000001	16500000	-0.0699877163907865
chr9	16500001	17000000	0.0127977239918845
chr9	17000001	17500000	0.0149705504457107
chr9	17500001	18000000	0.0495874338296646
chr9	18000001	18500000	-0.0222227092338224
chr9	18500001	19000000	-0.0052073547773056
chr9	19000001	19500000	0.0860886585286897
chr9	19500001	20000000	-0.0269383422633759
chr9	20000001	20500000	-0.118181374293127
chr9	20500001	21000000	0.0477782027000309
chr9	21000001	21500000	-0.0264419815591489
chr9	21500001	22000000	0.0212342050792224
chr9	22000001	22500000	-0.112557753020849
chr9	22500001	23000000	0.0777173072741685
chr9	23000001	23500000	-0.0199149509785853
chr9	23500001	24000000	-0.0225218542371986
chr9	24000001	24500000	0.0525031936229353
chr9	24500001	25000000	0.0409384548035012
chr9	25000001	25500000	-0.00067396105806252
chr9	25500001	26000000	0.0147990219683257
chr9	26000001	26500000	0.00814181507164911
chr9	26500001	27000000	0.0244167785909995
chr9	27000001	27500000	-0.0671812369951481
chr9	27500001	28000000	0.0664453411608751
chr9	28000001	28500000	0.00171228979882339
chr9	28500001	29000000	0.00516522666096203
chr9	29000001	29500000	0.0394461047897779
chr9	29500001	30000000	-0.00321055994888083
chr9	30000001	30500000	0.0327682350417004
chr9	30500001	31000000	0.0508277795037705
chr9	31000001	31500000	0.0317160664968127
chr9	31500001	32000000	0.0613848434899845
chr9	32000001	32500000	-0.058012387314294
chr9	32500001	33000000	0.0380880378127209
chr9	33000001	33500000	0.0754208518472632
chr9	33500001	34000000	0.0416449451749919
chr9	34000001	34500000	0.0441844311640784
chr9	34500001	35000000	-0.0128707118631492
chr9	35000001	35500000	0.0570712876492866
chr9	35500001	36000000	0.0178860658967442
chr9	36000001	36500000	0.0575708902983437
chr9	36500001	37000000	-0.0726039261692408
chr9	37000001	37500000	0.0491456041586407
chr9	37500001	38000000	0.0453498347696776
chr9	38000001	38500000	-0.082365296405884
chr9	71000001	71500000	-0.00694428382451636
chr9	71500001	72000000	0.0443718844389043
chr9	72000001	72500000	0.0431865701525697
chr9	72500001	73000000	-0.0777428166895497
chr9	73000001	73500000	0.0305273128971377
chr9	73500001	74000000	-0.0222616332727808
chr9	74000001	74500000	0.0124345932819866
chr9	74500001	75000000	-0.0270944149690026
chr9	75000001	75500000	0.00488811200262671
chr9	75500001	76000000	-0.0537046020215019
chr9	76000001	76500000	0.00899944156592994
chr9	76500001	77000000	0.0445423210588776
chr9	77000001	77500000	-0.0276824112739353
chr9	77500001	78000000	0.0343218775629052
chr9	78000001	78500000	-0.0296656444649484
chr9	78500001	79000000	-0.0174498019926879
chr9	79000001	79500000	-0.0607828104242404
chr9	79500001	80000000	-0.0487059376860609
chr9	80000001	80500000	-0.00945507835434848
chr9	80500001	81000000	0.00599038545559895
chr9	81000001	81500000	-0.0604372128092221
chr9	81500001	82000000	-0.0548747055146343
chr9	82000001	82500000	0.0582347465689233
chr9	82500001	83000000	-0.0845942956610423
chr9	83000001	83500000	-0.0298728744258591
chr9	83500001	84000000	0.0699544725293468
chr9	84000001	84500000	-0.0271621964166101
chr9	84500001	85000000	0.0220108172254943
chr9	85000001	85500000	0.0041152355515597
chr9	85500001	86000000	-0.0134396769532619
chr9	86000001	86500000	0.0618081527158962
chr9	86500001	87000000	0.00756731979871537
chr9	87000001	87500000	-0.0607561178668833
chr9	87500001	88000000	-0.0626405496763185
chr9	88000001	88500000	-0.019538880456134
chr9	88500001	89000000	-0.039549294633852
chr9	89000001	89500000	-0.0618298317485624
chr9	89500001	90000000	-0.0761758123264565
chr9	90000001	90500000	0.0645117093945287
chr9	90500001	91000000	-0.00242492907973321
chr9	91000001	91500000	-0.0613332261572753
chr9	91500001	92000000	0.0186708519570111
chr9	93000001	93500000	-0.12613441497841
chr9	93500001	94000000	-0.00870917016468325
chr9	94000001	94500000	0.0134151351699172
chr9	94500001	95000000	0.0170718387498701
chr9	95000001	95500000	0.0572616165069384
chr9	95500001	96000000	0.0639513889003859
chr9	96000001	96500000	0.0319223501287974
chr9	96500001	97000000	-0.0377384012259822
chr9	97500001	98000000	0.0215905969056518
chr9	98000001	98500000	-0.0787146984733191
chr9	98500001	99000000	-0.0782390925516257
chr9	99000001	99500000	0.109512334498405
chr9	100000001	100500000	-0.0589640181371904
chr9	100500001	101000000	0.0479952557900808
chr9	101000001	101500000	-0.0250881335992942
chr9	101500001	102000000	0.0477969064473925
chr9	102000001	102500000	-0.0207062711163147
chr9	102500001	103000000	-0.0869277692073598
chr9	103000001	103500000	0.0522407915988845
chr9	103500001	104000000	-0.0588456470038428
chr9	104000001	104500000	0.0543579859437418
chr9	104500001	105000000	-0.0176159914897648
chr9	105000001	105500000	-0.0172257929853275
chr9	105500001	106000000	0.0142549708661414
chr9	106000001	106500000	-0.0338491429521315
chr9	106500001	107000000	-0.0199305524226274
chr9	107000001	107500000	0.00211147322283554
chr9	107500001	108000000	0.0132071315037331
chr9	108000001	108500000	0.0733857319684283
chr9	108500001	109000000	-0.0165490357161268
chr9	109000001	109500000	-0.0765548173189623
chr9	109500001	110000000	0.0365994470346056
chr9	110000001	110500000	-0.0321332441459456
chr9	110500001	111000000	-0.0599322765218735
chr9	111000001	111500000	-0.117195138182608
chr9	111500001	112000000	0.00782745704245869
chr9	112000001	112500000	0.00322760147228707
chr9	112500001	113000000	-0.0739427742486194
chr9	113000001	113500000	-0.0490469664772776
chr9	113500001	114000000	-0.077054905818503
chr9	114000001	114500000	0.043499081660934
chr9	114500001	115000000	0.0614167764457782
chr9	115000001	115500000	0.0233687364965164
chr9	115500001	116000000	0.0360637420877028
chr9	116000001	116500000	0.0300855381212769
chr9	116500001	117000000	-0.0487795189573935
chr9	117000001	117500000	0.00361896659154082
chr9	117500001	118000000	-0.0794182083817876
chr9	118000001	118500000	-0.00787268876026062
chr9	118500001	119000000	0.0100283080410666
chr9	119000001	119500000	0.0562976817278991
chr9	119500001	120000000	-0.100896304862493
chr9	120000001	120500000	-0.0218591796825603
chr9	120500001	121000000	-0.00526692425755471
chr9	121000001	121500000	-0.0100805978636786
chr9	121500001	122000000	0.019123698917434
chr9	122000001	122500000	-0.0603761058332849
chr9	122500001	123000000	-0.0416287241951798
chr9	123000001	123500000	0.0214145970214799
chr9	123500001	124000000	0.165644248215733
chr9	124000001	124500000	0.067761977596412
chr9	124500001	125000000	-0.105680314059562
chr9	125000001	125500000	-0.0136234762592993
chr9	125500001	126000000	0.0318261882853124
chr9	126000001	126500000	0.00792635529805
chr9	126500001	127000000	-0.151637070194985
chr9	127000001	127500000	0.0908291612538819
chr9	127500001	128000000	0.0643206627608623
chr9	128000001	128500000	0.0687270245661538
chr9	128500001	129000000	0.0297289892137724
chr9	129000001	129500000	-0.0101875267689236
chr9	129500001	130000000	-0.119909350254625
chr9	130000001	130500000	-0.024267602338541
chr9	130500001	131000000	-0.0106995151788429
chr9	131000001	131500000	0.0492598824914849
chr9	131500001	132000000	-0.0526969028730027
chr9	132000001	132500000	-0.0595196696539907
chr9	132500001	133000000	0.0397259235743237
chr9	133500001	134000000	-0.0269523567371734
chr9	134000001	134500000	-0.0134423531214067
chr9	134500001	135000000	-0.000644748049865664
chr9	135000001	135500000	-0.0445104114717021
chr9	135500001	136000000	-0.0498307467489733
chr9	136000001	136500000	-0.0617013743110194
chr9	136500001	137000000	-0.0797460853909615
chr9	137500001	138000000	-0.114127429741698
chr9	138000001	138500000	-0.112160235844464
chr9	138500001	139000000	0.00161761457755107
chr9	139500001	140000000	0.0478603958910574
chr9	140000001	140500000	-0.0222106073355406
chr9	140500001	141000000	-0.0341009434011884
chr10	500001	1000000	0.0211798603960025
chr10	1000001	1500000	-0.00469558332531666
chr10	1500001	2000000	-0.0560001367974421
chr10	2000001	2500000	0.0246618935205195
chr10	2500001	3000000	-0.0334400926741679
chr10	3000001	3500000	0.0139834036042868
chr10	3500001	4000000	0.040833807329896
chr10	4000001	4500000	-0.0172085370327125
chr10	4500001	5000000	0.0253168588280257
chr10	5000001	5500000	-0.110429924951145
chr10	5500001	6000000	0.0829937505178093
chr10	6000001	6500000	0.00518849946998076
chr10	6500001	7000000	-0.0616749851752905
chr10	7000001	7500000	0.0187078673712951
chr10	7500001	8000000	0.00288339838250577
chr10	8000001	8500000	0.000615495175880878
chr10	8500001	9000000	-0.0683473176968314
chr10	9000001	9500000	-0.0847863225522964
chr10	9500001	10000000	-0.0526715582114008
chr10	10000001	10500000	-0.00986186576645507
chr10	10500001	11000000	-0.108636975748478
chr10	11000001	11500000	-0.0863485018335935
chr10	11500001	12000000	-0.044865045174016
chr10	12000001	12500000	0.0554305322358573
chr10	12500001	13000000	-0.0919236820939076
chr10	13000001	13500000	-0.07994530502003
chr10	13500001	14000000	-0.0386465524904711
chr10	14000001	14500000	-0.0454744059880141
chr10	14500001	15000000	-0.0145170352503959
chr10	15000001	15500000	0.0545815576911309
chr10	15500001	16000000	0.00637013601259552
chr10	16000001	16500000	-0.0427383449913084
chr10	16500001	17000000	-0.0576981715844794
chr10	17000001	17500000	-0.00654751495257994
chr10	18500001	19000000	-0.0160724720823708
chr10	19000001	19500000	0.000191944321508387
chr10	19500001	20000000	-0.0843372909892421
chr10	20000001	20500000	0.0650168114389807
chr10	20500001	21000000	-0.0535904678064943
chr10	21000001	21500000	-0.0152318922340272
chr10	21500001	22000000	-0.0379388147251422
chr10	22000001	22500000	-0.0490759238000365
chr10	22500001	23000000	0.0448449931722363
chr10	23000001	23500000	0.0340585668995748
chr10	23500001	24000000	-0.0592616537308141
chr10	24000001	24500000	-0.0318509512182742
chr10	24500001	25000000	-0.0367368283578241
chr10	25000001	25500000	-0.00337207024086707
chr10	25500001	26000000	-0.095432098783603
chr10	26000001	26500000	-0.00534815678013893
chr10	26500001	27000000	0.0707320748381879
chr10	27000001	27500000	0.0461315199120769
chr10	27500001	28000000	-0.0696860256711241
chr10	28000001	28500000	-0.0846647497158269
chr10	28500001	29000000	0.0632569081556089
chr10	29000001	29500000	-0.0798323326392197
chr10	29500001	30000000	-0.00631944663225378
chr10	30000001	30500000	-0.0323359166062674
chr10	30500001	31000000	0.0731692145054788
chr10	31000001	31500000	-0.041766168118231
chr10	31500001	32000000	-0.0297887740378679
chr10	32000001	32500000	0.0316994594541057
chr10	32500001	33000000	-0.0278131510604274
chr10	33000001	33500000	-0.0420460589806087
chr10	33500001	34000000	-0.0341538304839221
chr10	34000001	34500000	-0.0697207020721819
chr10	34500001	35000000	0.0190600026165852
chr10	35000001	35500000	0.0254633861251261
chr10	35500001	36000000	0.0378908422761789
chr10	36000001	36500000	-0.0932182945729524
chr10	36500001	37000000	-0.0393838165526456
chr10	37000001	37500000	NA
chr10	37500001	38000000	0.0611414685403479
chr10	38000001	38500000	0.087979630490281
chr10	43000001	43500000	0.0104213319270617
chr10	43500001	44000000	0.0302703460108983
chr10	44000001	44500000	-0.0313610329925396
chr10	44500001	45000000	-0.0447453942003548
chr10	45000001	45500000	-0.0236749881773145
chr10	45500001	46000000	0.0437313346692542
chr10	49500001	50000000	0.0743466307836231
chr10	50000001	50500000	-0.0348273653157243
chr10	50500001	51000000	-0.0422846232817663
chr10	52000001	52500000	-0.0120457553672747
chr10	52500001	53000000	-0.0528249384919177
chr10	53000001	53500000	-0.0619883524397497
chr10	53500001	54000000	-0.0466341669144331
chr10	54000001	54500000	0.0278219200944275
chr10	54500001	55000000	NA
chr10	55000001	55500000	-0.0142524633277522
chr10	55500001	56000000	0.0312923791868588
chr10	56000001	56500000	0.00886621178094444
chr10	56500001	57000000	-0.0101317121126134
chr10	57000001	57500000	0.0115402482033141
chr10	57500001	58000000	-0.0315078290456866
chr10	58000001	58500000	-0.0403608590871849
chr10	58500001	59000000	0.0435675326993178
chr10	59000001	59500000	-0.0496113821836852
chr10	59500001	60000000	0.00564626256675983
chr10	60000001	60500000	NA
chr10	60500001	61000000	-0.00392386653002258
chr10	61000001	61500000	NA
chr10	61500001	62000000	0.0121061370284304
chr10	62000001	62500000	-0.0331829925316439
chr10	62500001	63000000	-0.0785043893967656
chr10	63000001	63500000	-0.122839254634595
chr10	63500001	64000000	0.102254584695847
chr10	64000001	64500000	NA
chr10	64500001	65000000	0.045531453063044
chr10	65000001	65500000	0.0674891595287478
chr10	65500001	66000000	0.0105426054185645
chr10	66000001	66500000	-0.019330373283083
chr10	66500001	67000000	0.0274386993984489
chr10	67000001	67500000	-0.00494669565166846
chr10	67500001	68000000	-0.0413961327200249
chr10	68000001	68500000	0.0155760491116849
chr10	68500001	69000000	-0.0541355449902203
chr10	69000001	69500000	0.0609113003065194
chr10	69500001	70000000	0.0254038074616771
chr10	70000001	70500000	0.0398083916468298
chr10	70500001	71000000	-0.00241164899983153
chr10	71000001	71500000	-0.0476499410060492
chr10	71500001	72000000	-0.0265474101640278
chr10	72000001	72500000	-0.137181723715255
chr10	72500001	73000000	-0.138518656363917
chr10	73000001	73500000	-0.0781005146234094
chr10	73500001	74000000	0.00924782228137071
chr10	74000001	74500000	0.0808935813727829
chr10	74500001	75000000	0.00909654907369894
chr10	75000001	75500000	0.0602954164587686
chr10	75500001	76000000	0.203888435616775
chr10	76000001	76500000	-0.0512158177038154
chr10	76500001	77000000	0.0667101028106366
chr10	77000001	77500000	-0.056524745022049
chr10	77500001	78000000	-0.0566541063584346
chr10	78000001	78500000	-0.175710247190404
chr10	78500001	79000000	-0.108874486327226
chr10	79000001	79500000	-0.0517625671450233
chr10	79500001	80000000	-0.118605916340514
chr10	80000001	80500000	-0.0767575634682563
chr10	80500001	81000000	-0.0244694798379809
chr10	82000001	82500000	0.0286391499447208
chr10	82500001	83000000	0.0218856880719531
chr10	83000001	83500000	-0.0543063860816928
chr10	83500001	84000000	-0.0396040701331465
chr10	84000001	84500000	0.0253121762093597
chr10	84500001	85000000	-0.0453536829520513
chr10	85000001	85500000	0.0881194054406458
chr10	85500001	86000000	0.0461554610911546
chr10	86000001	86500000	0.00111326718161935
chr10	86500001	87000000	0.0664145591270335
chr10	87000001	87500000	-0.0733221984388051
chr10	87500001	88000000	-0.068681651687113
chr10	88000001	88500000	0.0312373595490606
chr10	89500001	90000000	-0.0631209221565514
chr10	90000001	90500000	-0.0423893303739229
chr10	90500001	91000000	-0.0134115589382275
chr10	91000001	91500000	0.0760178062988022
chr10	91500001	92000000	0.0326303685030217
chr10	92000001	92500000	-0.0272070465823798
chr10	92500001	93000000	0.00607546522465163
chr10	93000001	93500000	-0.0435228640246158
chr10	93500001	94000000	-0.0418453809844764
chr10	94000001	94500000	-0.0118896762915528
chr10	94500001	95000000	-0.0303479214437778
chr10	95000001	95500000	-0.0285633928641202
chr10	95500001	96000000	-0.00806130302485373
chr10	96000001	96500000	-0.00249882929351287
chr10	97000001	97500000	-0.0695333571857584
chr10	97500001	98000000	0.0185069787457376
chr10	98000001	98500000	0.00527758974568886
chr10	98500001	99000000	0.031604510327921
chr10	99000001	99500000	0.0294158683269832
chr10	99500001	100000000	0.00262916014575958
chr10	100000001	100500000	0.03481746505289
chr10	100500001	101000000	-0.0920022951080137
chr10	101000001	101500000	0.00531076395842391
chr10	101500001	102000000	0.0305455311347226
chr10	102000001	102500000	-0.0515089965017742
chr10	102500001	103000000	-0.0332206871594448
chr10	103000001	103500000	0.0355347507357859
chr10	103500001	104000000	0.103223949282319
chr10	104000001	104500000	0.0703782743864168
chr10	104500001	105000000	0.0950471143289038
chr10	105000001	105500000	-0.0344823958118685
chr10	105500001	106000000	0.0134064569237123
chr10	106000001	106500000	-0.0289772329901855
chr10	106500001	107000000	-0.0439269285061079
chr10	107000001	107500000	-0.0468201655212665
chr10	107500001	108000000	0.00152115621783961
chr10	108000001	108500000	-0.0453773402014132
chr10	108500001	109000000	0.00080897568580824
chr10	109000001	109500000	0.0789956941744571
chr10	109500001	110000000	-0.018478462753301
chr10	110000001	110500000	0.0139521766535328
chr10	110500001	111000000	-0.0476708018252643
chr10	111000001	111500000	-0.0653622570101121
chr10	111500001	112000000	0.0117676252478955
chr10	112000001	112500000	0.120132168571836
chr10	112500001	113000000	0.0219422282646257
chr10	113000001	113500000	0.0257587143524422
chr10	113500001	114000000	-0.0191308950610931
chr10	114000001	114500000	-0.109467684512266
chr10	114500001	115000000	-0.0704269761651714
chr10	115000001	115500000	-0.0522260301562072
chr10	115500001	116000000	0.0111176685150047
chr10	116000001	116500000	NA
chr10	116500001	117000000	0.015100157797627
chr10	117000001	117500000	-0.060241475264962
chr10	117500001	118000000	0.0446569604754022
chr10	118000001	118500000	0.0202569058880102
chr10	118500001	119000000	-0.0732009320835945
chr10	119000001	119500000	0.0457737300606714
chr10	119500001	120000000	-0.0194041656361249
chr10	120000001	120500000	-0.0184514056898341
chr10	120500001	121000000	-0.0488560485592416
chr10	121000001	121500000	0.0404321141197573
chr10	121500001	122000000	0.0370440425254053
chr10	122000001	122500000	-0.0263795158709307
chr10	122500001	123000000	-0.0336490306531878
chr10	123000001	123500000	-0.0222686977681662
chr10	123500001	124000000	0.0217592957930179
chr10	124000001	124500000	-0.00206640917740422
chr10	124500001	125000000	-0.00401957255037093
chr10	125000001	125500000	-0.133396922139904
chr10	126000001	126500000	0.0592672736150791
chr10	126500001	127000000	0.0283391192724743
chr10	127000001	127500000	-0.120297910906812
chr10	127500001	128000000	-0.000594702358422045
chr10	128000001	128500000	-0.0541237961280083
chr10	129000001	129500000	-0.0445777577460288
chr10	129500001	130000000	-0.0350324930860016
chr10	130000001	130500000	0.0177762837421682
chr10	130500001	131000000	-0.0818973146095144
chr10	131000001	131500000	-0.0380132811264832
chr10	131500001	132000000	-0.0298795557810309
chr10	132000001	132500000	-0.027579981702864
chr10	132500001	133000000	-0.0611466982266654
chr10	134000001	134500000	-0.0215542930121403
chr10	134500001	135000000	-0.0605661272358311
chr11	500001	1000000	0.00238751092570881
chr11	1500001	2000000	0.0597124161480881
chr11	2000001	2500000	-0.0491383206657101
chr11	2500001	3000000	-0.0359438338418992
chr11	4500001	5000000	-0.129835773487797
chr11	5000001	5500000	0.0199071293721377
chr11	5500001	6000000	0.0342353428531868
chr11	6000001	6500000	-0.00996201982581096
chr11	6500001	7000000	0.0962756804212543
chr11	7000001	7500000	-0.0320721725612578
chr11	7500001	8000000	-0.0563191610564123
chr11	8000001	8500000	-0.0364512947723034
chr11	8500001	9000000	0.00995825655532215
chr11	9000001	9500000	-0.0193173919137989
chr11	9500001	10000000	-0.00774319796695812
chr11	10000001	10500000	-0.0524300528137972
chr11	10500001	11000000	-0.0188068660357613
chr11	11000001	11500000	0.0283159826294508
chr11	11500001	12000000	-0.0689187019169316
chr11	12000001	12500000	-0.0780460793245263
chr11	12500001	13000000	-0.0437517073151656
chr11	13000001	13500000	-0.0459683296381975
chr11	13500001	14000000	0.0419599089550682
chr11	14000001	14500000	-0.0593848751715958
chr11	14500001	15000000	-0.0271194400345924
chr11	15000001	15500000	-0.00872585960626598
chr11	15500001	16000000	0.0039333334153324
chr11	16000001	16500000	-0.0204134072443035
chr11	16500001	17000000	-0.063155360641535
chr11	17000001	17500000	0.0484420464148111
chr11	17500001	18000000	-0.00979648588414356
chr11	18000001	18500000	-0.0353298382228059
chr11	18500001	19000000	0.00774729719101475
chr11	19000001	19500000	-0.0756874795346864
chr11	19500001	20000000	-0.0133260996204993
chr11	20000001	20500000	0.00173999924267658
chr11	20500001	21000000	-0.00724922586015639
chr11	21000001	21500000	0.0166788598447797
chr11	21500001	22000000	0.0168335608507737
chr11	22000001	22500000	0.021586149963833
chr11	22500001	23000000	-0.0204239501201174
chr11	23000001	23500000	0.02827245828163
chr11	23500001	24000000	-0.0130582807722784
chr11	24000001	24500000	0.0488535939318063
chr11	24500001	25000000	0.0572886337557445
chr11	25000001	25500000	-0.0161117951618776
chr11	25500001	26000000	0.0684056948719571
chr11	26000001	26500000	-0.00144128947206641
chr11	26500001	27000000	-0.0286751527385322
chr11	27000001	27500000	-0.0307169072383385
chr11	27500001	28000000	-0.0239617263023889
chr11	28000001	28500000	-0.0581914541171302
chr11	28500001	29000000	-0.0240059767977913
chr11	29000001	29500000	-0.00198006602840104
chr11	29500001	30000000	0.00148497205200907
chr11	30000001	30500000	0.0271881995616488
chr11	30500001	31000000	-0.0286894700828191
chr11	31000001	31500000	0.0232387938280406
chr11	31500001	32000000	0.0145640526234025
chr11	32000001	32500000	-0.101127730184828
chr11	32500001	33000000	-0.00545306333871776
chr11	33000001	33500000	0.0177252315140089
chr11	33500001	34000000	-0.0330783811670547
chr11	34000001	34500000	0.0669456929157319
chr11	34500001	35000000	0.0231430527856759
chr11	35000001	35500000	-0.061197341443444
chr11	35500001	36000000	-0.0455531405525896
chr11	36000001	36500000	-0.000868070065759305
chr11	36500001	37000000	-0.00157793735050895
chr11	37000001	37500000	0.00289822647882305
chr11	37500001	38000000	-0.0605319252601717
chr11	38000001	38500000	-0.0193104072030573
chr11	38500001	39000000	0.0896309757406599
chr11	39000001	39500000	-0.0400367145015944
chr11	39500001	40000000	-0.0774094978352922
chr11	40000001	40500000	0.0777416813398931
chr11	40500001	41000000	0.015718111708793
chr11	41000001	41500000	0.0346835914433872
chr11	41500001	42000000	0.0244857002543229
chr11	42000001	42500000	0.043241472264812
chr11	42500001	43000000	0.0880416585678181
chr11	43000001	43500000	-0.0263644206983879
chr11	43500001	44000000	0.00230845833419641
chr11	44000001	44500000	-0.0101966557605534
chr11	44500001	45000000	-0.0407254671104026
chr11	45000001	45500000	-0.121242604051901
chr11	45500001	46000000	-0.0552165348028275
chr11	46000001	46500000	0.0826104794140651
chr11	46500001	47000000	0.0684065966782513
chr11	47000001	47500000	0.00719919161873641
chr11	47500001	48000000	0.0965192631482673
chr11	48000001	48500000	0.0706100690178677
chr11	50000001	50500000	0.00769085428929564
chr11	55500001	56000000	0.0595714581111901
chr11	56000001	56500000	-0.0367664575208137
chr11	56500001	57000000	-0.0775806974456254
chr11	57000001	57500000	-0.0561747662810567
chr11	57500001	58000000	-0.0386794185396961
chr11	58000001	58500000	-0.0402660098392911
chr11	58500001	59000000	0.0196329263600134
chr11	59000001	59500000	0.00381752508337531
chr11	59500001	60000000	0.0453139875138846
chr11	60000001	60500000	-0.0621945599739657
chr11	60500001	61000000	-0.104918450465996
chr11	61000001	61500000	-0.123818893539628
chr11	61500001	62000000	0.0949837961861004
chr11	62000001	62500000	0.00726914706578311
chr11	62500001	63000000	-0.0130100617878408
chr11	63000001	63500000	-0.041499185168858
chr11	63500001	64000000	0.0493263623540587
chr11	64000001	64500000	-0.00109626104495576
chr11	64500001	65000000	0.134846664908266
chr11	65000001	65500000	0.176908803817668
chr11	65500001	66000000	0.0688510562977703
chr11	66000001	66500000	0.0414258270063535
chr11	66500001	67000000	0.0294196438255299
chr11	67000001	67500000	0.0411415640243417
chr11	68000001	68500000	-0.0127248312570395
chr11	68500001	69000000	-0.0568273972118682
chr11	70000001	70500000	-0.0547886625695346
chr11	70500001	71000000	-0.138492296716256
chr11	71500001	72000000	0.0719175044304881
chr11	72000001	72500000	0.0318674423103321
chr11	72500001	73000000	0.0729321592945527
chr11	73000001	73500000	0.0185031063856572
chr11	73500001	74000000	0.0192319603762834
chr11	74000001	74500000	-0.00705811470781176
chr11	74500001	75000000	-0.0288069179055215
chr11	75000001	75500000	-0.0303472144391445
chr11	75500001	76000000	0.0858076488351451
chr11	76000001	76500000	0.0649828790121406
chr11	76500001	77000000	-0.0481232360198754
chr11	77000001	77500000	0.0215134830640267
chr11	77500001	78000000	-0.0402253753302664
chr11	78000001	78500000	0.0596409785139931
chr11	78500001	79000000	-0.0363512197708378
chr11	79000001	79500000	0.0381665169053704
chr11	79500001	80000000	0.00798653978244399
chr11	80000001	80500000	-0.0414904563919294
chr11	80500001	81000000	0.0353813707856083
chr11	81000001	81500000	-0.00425676724253637
chr11	81500001	82000000	-0.0620373344844863
chr11	82000001	82500000	0.0795983075994996
chr11	82500001	83000000	0.0543623610154428
chr11	83000001	83500000	-0.027756602037691
chr11	83500001	84000000	-0.0417089176253417
chr11	84000001	84500000	-0.0356055800412503
chr11	84500001	85000000	0.082911394747818
chr11	85000001	85500000	0.0449523863098241
chr11	85500001	86000000	0.149257839189731
chr11	86000001	86500000	-0.0342039979736371
chr11	86500001	87000000	-0.0800943252729902
chr11	87000001	87500000	-0.0179002936620804
chr11	88000001	88500000	-0.0435722862572566
chr11	90000001	90500000	0.0259407524899611
chr11	90500001	91000000	0.0466256213999201
chr11	91000001	91500000	0.0355493914511679
chr11	91500001	92000000	-0.0162101310312077
chr11	92000001	92500000	0.0344301172247543
chr11	92500001	93000000	0.0275701700419513
chr11	93000001	93500000	0.0356360662736996
chr11	93500001	94000000	0.068477098568432
chr11	94000001	94500000	-0.0520630403423118
chr11	94500001	95000000	-0.00394379776103825
chr11	95000001	95500000	-0.0272025087564734
chr11	95500001	96000000	0.0476370222304596
chr11	96500001	97000000	0.00923405982075347
chr11	97000001	97500000	0.0259608309969391
chr11	97500001	98000000	0.00616836522200988
chr11	98000001	98500000	-0.0193113468297153
chr11	98500001	99000000	0.0978813049513094
chr11	99000001	99500000	-0.0261181261490386
chr11	99500001	100000000	-0.0147850434072023
chr11	100000001	100500000	-0.00449255527937061
chr11	100500001	101000000	0.0121259208482784
chr11	101000001	101500000	0.0729537420972141
chr11	101500001	102000000	-0.00313254519345606
chr11	102000001	102500000	0.00864968240371764
chr11	102500001	103000000	0.0233433952782078
chr11	103000001	103500000	0.0326880361589511
chr11	103500001	104000000	-0.105037813720783
chr11	104000001	104500000	0.0470657165022861
chr11	104500001	105000000	0.0243448936228273
chr11	105000001	105500000	0.0346038639426233
chr11	105500001	106000000	0.0649323755964661
chr11	106000001	106500000	0.0612343467509855
chr11	106500001	107000000	0.070630544244724
chr11	107000001	107500000	0.00750086881241151
chr11	107500001	108000000	-0.00571395171570304
chr11	108000001	108500000	-0.0679628794768283
chr11	108500001	109000000	-0.0113194485975003
chr11	109000001	109500000	-0.0466015491661982
chr11	109500001	110000000	0.0203310141381513
chr11	110000001	110500000	-0.0482230161519175
chr11	110500001	111000000	-0.087109488121719
chr11	111000001	111500000	0.0401094999475
chr11	111500001	112000000	0.0994037950434345
chr11	112000001	112500000	-0.0102598803954097
chr11	112500001	113000000	0.0159488877948639
chr11	113000001	113500000	-0.0817000652336449
chr11	113500001	114000000	-0.0463938944026542
chr11	114000001	114500000	0.0275594350271879
chr11	114500001	115000000	-0.0242456536502685
chr11	115000001	115500000	-0.0371380577911936
chr11	115500001	116000000	0.0181123524000474
chr11	116000001	116500000	-0.11320682264208
chr11	116500001	117000000	0.0624014745132979
chr11	117000001	117500000	-0.0603944794083888
chr11	117500001	118000000	-0.0798860189059163
chr11	118000001	118500000	0.021090831218396
chr11	118500001	119000000	0.0542167168007864
chr11	119000001	119500000	-0.085503308220767
chr11	119500001	120000000	-0.136068495955516
chr11	120000001	120500000	-0.0380910298894232
chr11	120500001	121000000	-0.0427531695605061
chr11	121000001	121500000	-0.0358497604289516
chr11	121500001	122000000	-0.0247525686992521
chr11	122000001	122500000	-0.0635266791712757
chr11	122500001	123000000	-0.0245030169433541
chr11	123000001	123500000	-0.0594623411982884
chr11	123500001	124000000	0.0100812186062766
chr11	124000001	124500000	0.00495357196039208
chr11	124500001	125000000	0.035602773110239
chr11	125000001	125500000	0.0200728818176506
chr11	125500001	126000000	-0.0058506646497775
chr11	126000001	126500000	0.0103539050441248
chr11	126500001	127000000	-0.12481185626403
chr11	127000001	127500000	-0.0535949407797111
chr11	127500001	128000000	-0.0596486003909981
chr11	128000001	128500000	0.0548229600431812
chr11	128500001	129000000	0.0367936801879752
chr11	129000001	129500000	0.0106096924427082
chr11	129500001	130000000	-0.0762901325501949
chr11	130000001	130500000	0.0374191982236474
chr11	130500001	131000000	0.0697437127554369
chr11	131000001	131500000	-0.0436959928665321
chr11	131500001	132000000	-0.0738094031753978
chr11	132000001	132500000	-0.0223471421957421
chr11	132500001	133000000	0.0196383109373513
chr11	133000001	133500000	-0.0626900197880088
chr11	133500001	134000000	0.0320629628610871
chr11	134000001	134500000	0.0253990959788003
chr12	500001	1000000	0.125307732630942
chr12	1000001	1500000	0.00991415824912354
chr12	1500001	2000000	0.0511324843587177
chr12	2000001	2500000	-0.0154221511868805
chr12	2500001	3000000	-0.0864103794945755
chr12	3000001	3500000	-0.0885115525989261
chr12	3500001	4000000	-0.0845854747648567
chr12	4000001	4500000	0.00876986624633718
chr12	4500001	5000000	-0.0233937311557778
chr12	5000001	5500000	-0.103722180303057
chr12	5500001	6000000	-0.0443940168123822
chr12	6000001	6500000	0.0112233843554253
chr12	6500001	7000000	NA
chr12	7500001	8000000	-0.00129223544189155
chr12	9000001	9500000	0.0471166533442005
chr12	10000001	10500000	0.0514395499893842
chr12	10500001	11000000	-0.0922565610407786
chr12	11000001	11500000	0.0109177403396605
chr12	11500001	12000000	0.122263601931317
chr12	12000001	12500000	-0.0521078236371238
chr12	12500001	13000000	0.0959148532107753
chr12	13000001	13500000	-0.0269472048017138
chr12	13500001	14000000	-0.100769608748904
chr12	14000001	14500000	0.0519318456602049
chr12	14500001	15000000	-0.0113699296069513
chr12	15000001	15500000	-0.0193072814647881
chr12	15500001	16000000	0.00521868871061407
chr12	16000001	16500000	0.00580975771424901
chr12	16500001	17000000	0.0116524434078109
chr12	17000001	17500000	-0.0334771216325784
chr12	17500001	18000000	-0.0206905876355596
chr12	18000001	18500000	0.077291260443699
chr12	18500001	19000000	-0.0640482463682204
chr12	19000001	19500000	-0.0454385996602124
chr12	19500001	20000000	-0.00746060423764507
chr12	20000001	20500000	-0.00534370797768646
chr12	20500001	21000000	-0.068125894199291
chr12	21000001	21500000	0.00585226070998609
chr12	21500001	22000000	-0.00532693145840336
chr12	22000001	22500000	-0.041099265949766
chr12	22500001	23000000	0.000631546793095163
chr12	23000001	23500000	0.0567406546639524
chr12	23500001	24000000	-0.0307151972513862
chr12	24000001	24500000	-0.0603964615544044
chr12	24500001	25000000	-0.0543526676402365
chr12	25000001	25500000	0.00797773907939688
chr12	25500001	26000000	-0.0684487474143027
chr12	26000001	26500000	-0.029087173802189
chr12	26500001	27000000	0.0278600432400978
chr12	27000001	27500000	0.024680204696184
chr12	27500001	28000000	-0.0370034523576208
chr12	28000001	28500000	-0.0419125560682732
chr12	28500001	29000000	-0.0199369023688691
chr12	29000001	29500000	0.029831652758663
chr12	29500001	30000000	-0.00744846762629819
chr12	30000001	30500000	0.0299886188466011
chr12	30500001	31000000	0.0139617305650779
chr12	31500001	32000000	-0.0328308254145237
chr12	32000001	32500000	0.0340433027133587
chr12	32500001	33000000	0.0366537740555054
chr12	33000001	33500000	-0.0164128850231364
chr12	33500001	34000000	-0.018741938024175
chr12	34000001	34500000	0.0672176368064256
chr12	38000001	38500000	-0.0749713799938682
chr12	38500001	39000000	0.0215442908304726
chr12	39000001	39500000	0.00303636763352091
chr12	39500001	40000000	-0.0735387762899233
chr12	40000001	40500000	-0.0099680568104612
chr12	40500001	41000000	0.0280751060287852
chr12	41000001	41500000	0.00871094971508063
chr12	41500001	42000000	-0.0122857327495539
chr12	42000001	42500000	-0.132642056061979
chr12	42500001	43000000	0.0542090217869009
chr12	43000001	43500000	0.0297019797293074
chr12	43500001	44000000	0.000207557789937038
chr12	44000001	44500000	-0.0473469383513579
chr12	44500001	45000000	0.0428455413166494
chr12	45000001	45500000	-0.0420784718767616
chr12	45500001	46000000	0.0403343758113229
chr12	46000001	46500000	0.0856622475599314
chr12	46500001	47000000	-0.023529493490177
chr12	47000001	47500000	-0.0788844972968623
chr12	47500001	48000000	0.069428971649856
chr12	48000001	48500000	0.0899270546985277
chr12	48500001	49000000	-0.104547222908207
chr12	49000001	49500000	0.0361465806757118
chr12	49500001	50000000	0.0400404838491906
chr12	50000001	50500000	0.0378486835555112
chr12	50500001	51000000	0.103979309154202
chr12	51000001	51500000	0.0571900209153896
chr12	51500001	52000000	0.070819817939819
chr12	52000001	52500000	-0.0720179249211554
chr12	52500001	53000000	-0.108022544355026
chr12	53000001	53500000	-0.0714743280812358
chr12	53500001	54000000	0.089215975058387
chr12	54000001	54500000	0.00180078128406334
chr12	54500001	55000000	-0.0478745680421502
chr12	55000001	55500000	0.00761980715228622
chr12	56000001	56500000	0.0993456124552323
chr12	56500001	57000000	0.0976934666258147
chr12	57000001	57500000	0.0152044781869425
chr12	57500001	58000000	0.0241023319827614
chr12	58000001	58500000	0.131625021173012
chr12	58500001	59000000	0.0234891942960248
chr12	59000001	59500000	-0.0295858129704428
chr12	59500001	60000000	-0.0652076623550079
chr12	60000001	60500000	-0.0194577189691415
chr12	60500001	61000000	-0.00150930747636098
chr12	61000001	61500000	0.0367246207192745
chr12	61500001	62000000	0.0147510820553081
chr12	62000001	62500000	-0.0359113215225835
chr12	62500001	63000000	0.0659880684007998
chr12	63000001	63500000	0.0115596890676978
chr12	63500001	64000000	-0.0252921423243178
chr12	64500001	65000000	-0.0162903234562629
chr12	65000001	65500000	0.0892518403897447
chr12	65500001	66000000	-0.0833497064580475
chr12	66000001	66500000	-0.0931190849587155
chr12	66500001	67000000	0.0289771557112823
chr12	67000001	67500000	-0.0383743880596518
chr12	67500001	68000000	0.0139791555835491
chr12	68000001	68500000	-0.0565697461271185
chr12	68500001	69000000	0.0231304699119687
chr12	69000001	69500000	0.0565175922056514
chr12	69500001	70000000	0.0531985720275583
chr12	70000001	70500000	-0.0463259672646008
chr12	70500001	71000000	-0.0411272486759768
chr12	71000001	71500000	-0.0420473951857731
chr12	71500001	72000000	0.00613345937385634
chr12	72000001	72500000	0.0369424717853555
chr12	72500001	73000000	0.00483307227195047
chr12	73000001	73500000	-0.0368038383408921
chr12	73500001	74000000	-0.0810102775601483
chr12	74000001	74500000	-0.0178885446689567
chr12	74500001	75000000	0.0237303956408566
chr12	75000001	75500000	0.00204851629281401
chr12	75500001	76000000	0.0438288522566253
chr12	76000001	76500000	-0.0344066674458863
chr12	76500001	77000000	0.0960003046711457
chr12	77000001	77500000	0.041033440727963
chr12	77500001	78000000	-0.0542051989218106
chr12	78000001	78500000	-0.0667904539491867
chr12	78500001	79000000	0.0508114944304208
chr12	79000001	79500000	-0.0282531054617138
chr12	79500001	80000000	0.0679952650382213
chr12	80000001	80500000	-0.0345158205977077
chr12	80500001	81000000	-0.0630297730614085
chr12	81000001	81500000	0.0386792912885844
chr12	81500001	82000000	-0.0354422304731051
chr12	82000001	82500000	-0.0115143292452583
chr12	82500001	83000000	-0.0482339003287289
chr12	83000001	83500000	0.0293565561341318
chr12	83500001	84000000	0.00713818636110749
chr12	84000001	84500000	0.0446673532311204
chr12	84500001	85000000	-0.00965395324277878
chr12	85000001	85500000	-0.000705014389913658
chr12	85500001	86000000	-0.00659649593438583
chr12	86000001	86500000	0.0384696894566065
chr12	86500001	87000000	-0.0108274128987727
chr12	87000001	87500000	-0.0573406098073219
chr12	87500001	88000000	-0.0023175532079996
chr12	88000001	88500000	0.0118095835548231
chr12	88500001	89000000	-0.0829270319688643
chr12	89000001	89500000	-0.0480457340459285
chr12	89500001	90000000	0.145576317718729
chr12	90000001	90500000	0.0720589521468094
chr12	90500001	91000000	-0.0360965272204046
chr12	91000001	91500000	-0.0380177386075635
chr12	91500001	92000000	0.0104004751887667
chr12	92000001	92500000	-0.0111402003951028
chr12	92500001	93000000	0.0314683366843092
chr12	93000001	93500000	-0.00492963475865387
chr12	93500001	94000000	-0.0040791649120619
chr12	94000001	94500000	-0.0320943781698619
chr12	94500001	95000000	-0.00304649752863573
chr12	95000001	95500000	0.032335060937771
chr12	95500001	96000000	0.00173792647871179
chr12	96000001	96500000	-0.0757672409683144
chr12	96500001	97000000	0.0147886827472787
chr12	97000001	97500000	0.0354906310893308
chr12	97500001	98000000	0.0372538197286229
chr12	98000001	98500000	-0.0482978118809093
chr12	98500001	99000000	-0.0676689335039269
chr12	99000001	99500000	0.0479380486818683
chr12	99500001	100000000	0.0301854930995648
chr12	100000001	100500000	0.00447304214380989
chr12	100500001	101000000	0.00347183643148128
chr12	101000001	101500000	0.0103067320913187
chr12	101500001	102000000	0.069480076130048
chr12	102000001	102500000	0.0634381392703204
chr12	102500001	103000000	-0.0354825778991195
chr12	103000001	103500000	-0.00140493725855085
chr12	103500001	104000000	0.00641320257352086
chr12	104000001	104500000	0.0613535022222814
chr12	104500001	105000000	0.0157275739585372
chr12	105000001	105500000	0.0710660803415214
chr12	105500001	106000000	0.00551610776989212
chr12	106000001	106500000	-0.0807740649500921
chr12	106500001	107000000	0.0164585612397185
chr12	107000001	107500000	-0.00361972068197967
chr12	107500001	108000000	-0.0667823246317204
chr12	108000001	108500000	-0.00322504704230871
chr12	108500001	109000000	0.0174081609985468
chr12	109500001	110000000	-0.0137197635043273
chr12	110000001	110500000	-0.00409463544865263
chr12	110500001	111000000	0.0192918229314337
chr12	111000001	111500000	-0.0155178074295701
chr12	111500001	112000000	-0.00887033780897801
chr12	112000001	112500000	-0.00283552644931843
chr12	112500001	113000000	0.00932355722421454
chr12	113000001	113500000	-0.0742050215364773
chr12	113500001	114000000	-0.0781394268403775
chr12	114000001	114500000	-0.0624779229871273
chr12	114500001	115000000	-0.0588487386088734
chr12	115000001	115500000	-0.0479490365328969
chr12	115500001	116000000	-0.00899949337169691
chr12	116000001	116500000	0.0490722540842627
chr12	116500001	117000000	0.0848050200070236
chr12	117000001	117500000	-0.0233837949788242
chr12	117500001	118000000	-0.0963281771780362
chr12	118000001	118500000	-0.0471570118037616
chr12	118500001	119000000	0.0701570580636807
chr12	119000001	119500000	-0.122497399130455
chr12	119500001	120000000	-0.0633136953780974
chr12	120000001	120500000	-0.0713179133961696
chr12	120500001	121000000	0.00402859636093178
chr12	121000001	121500000	0.00653475522267552
chr12	121500001	122000000	NA
chr12	122000001	122500000	-0.0205902845323044
chr12	123000001	123500000	0.104542855148945
chr12	123500001	124000000	NA
chr12	124000001	124500000	0.0212627425871431
chr12	124500001	125000000	-0.0247020826981101
chr12	125000001	125500000	-0.0244633202567153
chr12	125500001	126000000	-0.0339310521458531
chr12	126000001	126500000	-0.0296709539676011
chr12	126500001	127000000	-0.00538156889857503
chr12	127000001	127500000	-0.0284161133746762
chr12	127500001	128000000	-0.0776290999635928
chr12	128000001	128500000	-0.0782730787468897
chr12	128500001	129000000	-0.0317929479902259
chr12	129000001	129500000	-0.0463833738997117
chr12	129500001	130000000	-0.0133931720835399
chr12	130000001	130500000	0.0295128191791387
chr12	130500001	131000000	-0.000743597616800613
chr12	131000001	131500000	-0.0390137034676335
chr12	131500001	132000000	-0.0847098248855762
chr12	132000001	132500000	-0.0666766795014808
chr12	133000001	133500000	0.0299596817122532
chr12	133500001	134000000	NA
chr13	19500001	20000000	0.0236482902842884
chr13	20500001	21000000	0.00570959928636806
chr13	21000001	21500000	0.174847572698088
chr13	21500001	22000000	0.0608432428501197
chr13	22000001	22500000	0.0025407550112697
chr13	22500001	23000000	0.000512386019404728
chr13	23000001	23500000	-0.0276431749025849
chr13	23500001	24000000	1.97028947796218e-05
chr13	24000001	24500000	-0.108104926516595
chr13	24500001	25000000	0.00624374608508099
chr13	25000001	25500000	0.0161782172436095
chr13	25500001	26000000	0.0336967540046002
chr13	26000001	26500000	-0.0277483699175296
chr13	26500001	27000000	0.013457828762547
chr13	27000001	27500000	-0.0150297328379638
chr13	27500001	28000000	0.0809818670131638
chr13	28000001	28500000	-0.01001714964339
chr13	28500001	29000000	-0.0129236587648451
chr13	29000001	29500000	0.0403979558389824
chr13	29500001	30000000	0.016295881907421
chr13	30000001	30500000	-0.0830235393445861
chr13	30500001	31000000	-0.0402533584711387
chr13	31000001	31500000	0.0497122577647762
chr13	31500001	32000000	0.0174390368446083
chr13	32000001	32500000	-0.0617440142892954
chr13	32500001	33000000	0.00895677061983191
chr13	33000001	33500000	0.0604582255168752
chr13	33500001	34000000	0.0439521886525072
chr13	34000001	34500000	0.023827536024041
chr13	34500001	35000000	-0.0419577262901589
chr13	35000001	35500000	0.029313386964103
chr13	35500001	36000000	-0.0565154637417011
chr13	36000001	36500000	0.00598964465299761
chr13	36500001	37000000	0.00749266087846731
chr13	37000001	37500000	0.0217053988758901
chr13	37500001	38000000	0.0517690847564164
chr13	38000001	38500000	-0.0403698647202789
chr13	38500001	39000000	-0.0287401184429273
chr13	39000001	39500000	-0.058840870930868
chr13	39500001	40000000	0.064107561074479
chr13	40000001	40500000	-0.107108043195762
chr13	40500001	41000000	0.00577035177082539
chr13	41000001	41500000	0.0641139106340594
chr13	41500001	42000000	0.118988548264525
chr13	42000001	42500000	-0.0187432359398085
chr13	42500001	43000000	-0.0155840627057211
chr13	43000001	43500000	-0.0896384782587681
chr13	43500001	44000000	-0.0586430254065923
chr13	44000001	44500000	0.0100285467725395
chr13	44500001	45000000	-0.0672044248152414
chr13	45000001	45500000	-0.0610722154778163
chr13	45500001	46000000	0.0614543365178586
chr13	46000001	46500000	-0.058441963105041
chr13	46500001	47000000	-0.0156075916995443
chr13	47000001	47500000	-0.0116621439226738
chr13	47500001	48000000	0.0379455174472686
chr13	48000001	48500000	-0.114125811257708
chr13	48500001	49000000	0.0674024118872568
chr13	49000001	49500000	0.0382496227521424
chr13	49500001	50000000	0.0472051808574473
chr13	50000001	50500000	0.0734674623866059
chr13	50500001	51000000	0.0674887259264021
chr13	51000001	51500000	-0.0966886467989723
chr13	51500001	52000000	0.014567352141891
chr13	52000001	52500000	0.0809973718690451
chr13	53500001	54000000	-0.0517167017605741
chr13	54000001	54500000	0.00493692119493924
chr13	54500001	55000000	0.0498286686406605
chr13	55000001	55500000	0.0490789975137606
chr13	55500001	56000000	0.147264092757505
chr13	56000001	56500000	0.0176446153698004
chr13	56500001	57000000	-0.022115222852037
chr13	57000001	57500000	0.0980972786940801
chr13	57500001	58000000	0.04101417554974
chr13	58000001	58500000	0.0471664401359315
chr13	58500001	59000000	-0.00312215319475056
chr13	59000001	59500000	0.0505582079275142
chr13	59500001	60000000	-0.00336305449506945
chr13	60000001	60500000	-0.0627436027167454
chr13	60500001	61000000	-0.060319280697578
chr13	61000001	61500000	-0.0972730503736816
chr13	61500001	62000000	0.0830194036900787
chr13	62000001	62500000	0.0487279067576909
chr13	62500001	63000000	0.0345976217943704
chr13	63000001	63500000	NA
chr13	63500001	64000000	-0.0369279190049963
chr13	64000001	64500000	0.0291725208251125
chr13	64500001	65000000	-0.0451574764638017
chr13	65000001	65500000	0.0366134093908597
chr13	65500001	66000000	-0.0278061794676796
chr13	66000001	66500000	-0.0284093628788311
chr13	66500001	67000000	0.0570751652327252
chr13	67000001	67500000	-0.00282897640524032
chr13	67500001	68000000	-0.0201155215745422
chr13	68000001	68500000	-0.0321105241737815
chr13	68500001	69000000	0.00712215536091433
chr13	69000001	69500000	NA
chr13	69500001	70000000	NA
chr13	70000001	70500000	-0.0311628071097475
chr13	70500001	71000000	-0.035623064635576
chr13	71000001	71500000	-0.0403750685560667
chr13	71500001	72000000	-0.0322614219239798
chr13	72000001	72500000	-0.00872229033349344
chr13	72500001	73000000	-0.0102024297803021
chr13	73000001	73500000	-0.00260759068476009
chr13	73500001	74000000	0.0299599653273924
chr13	74000001	74500000	-0.0466633258295916
chr13	74500001	75000000	-0.0601528323800596
chr13	75000001	75500000	0.00058877528128185
chr13	75500001	76000000	-0.0188096213148856
chr13	76000001	76500000	-0.0299551021584529
chr13	76500001	77000000	-0.0139398449614511
chr13	77000001	77500000	0.0733567571872684
chr13	77500001	78000000	-0.00206716611338489
chr13	78000001	78500000	-0.043713364575348
chr13	78500001	79000000	-0.0899565695706368
chr13	79000001	79500000	0.0183616788564011
chr13	79500001	80000000	0.0360166009810429
chr13	80000001	80500000	0.00808350591604532
chr13	80500001	81000000	-0.023299971800549
chr13	81000001	81500000	-0.0254636927220983
chr13	81500001	82000000	-0.0182104452895729
chr13	82000001	82500000	0.0043791998680419
chr13	82500001	83000000	0.0893952019240654
chr13	83000001	83500000	NA
chr13	83500001	84000000	-0.0384265986379555
chr13	84000001	84500000	0.0501415000908613
chr13	84500001	85000000	-0.0363716770100337
chr13	85000001	85500000	-0.0830262958481286
chr13	85500001	86000000	0.0553114016263923
chr13	86000001	86500000	0.0786318937758371
chr13	87000001	87500000	0.0786483581242938
chr13	87500001	88000000	0.00808544372280464
chr13	88000001	88500000	0.0377496163252711
chr13	88500001	89000000	-0.0295664090571176
chr13	89000001	89500000	-0.0545529633290748
chr13	89500001	90000000	-0.0318989624311396
chr13	90000001	90500000	0.0709528244333468
chr13	90500001	91000000	0.0331475291640773
chr13	91000001	91500000	-0.0319438300985463
chr13	91500001	92000000	-0.0268673488034754
chr13	92000001	92500000	0.0387780879544906
chr13	92500001	93000000	0.0121209101724749
chr13	93000001	93500000	0.040850009392393
chr13	93500001	94000000	0.028741707268939
chr13	94000001	94500000	-0.0470587488899148
chr13	94500001	95000000	0.0318787614809804
chr13	95000001	95500000	0.00167989531391609
chr13	95500001	96000000	-0.0469592880414857
chr13	96000001	96500000	-0.0383221033745023
chr13	96500001	97000000	-0.0181828153986896
chr13	97000001	97500000	0.0157227284679022
chr13	97500001	98000000	0.0127370857992954
chr13	98000001	98500000	-0.0165606532189318
chr13	98500001	99000000	-0.00396930921292926
chr13	99000001	99500000	-0.00421674192595822
chr13	99500001	100000000	0.0550570665606576
chr13	100000001	100500000	-0.00805913940879063
chr13	100500001	101000000	-0.0152751653084584
chr13	101000001	101500000	0.0064867926427449
chr13	101500001	102000000	-0.0161302549413886
chr13	102000001	102500000	-0.0281615279569492
chr13	102500001	103000000	0.004325617238309
chr13	103000001	103500000	0.0556379536550733
chr13	103500001	104000000	0.021474031943033
chr13	104000001	104500000	0.0181837449735254
chr13	104500001	105000000	-0.0513765673282646
chr13	105000001	105500000	0.0269853438595029
chr13	105500001	106000000	0.00275957128605237
chr13	106000001	106500000	0.0299051199833305
chr13	106500001	107000000	0.0193337597538789
chr13	107000001	107500000	-0.0777342166061855
chr13	107500001	108000000	-0.000873831887351274
chr13	108000001	108500000	-0.0447413970473335
chr13	108500001	109000000	0.029401392803043
chr13	109000001	109500000	-0.027987597666592
chr13	109500001	110000000	0.00966777537110304
chr13	110000001	110500000	-0.00610830851460619
chr13	110500001	111000000	-0.031150531203869
chr13	111000001	111500000	0.0423871844824677
chr13	111500001	112000000	0.0221393830865164
chr13	112500001	113000000	NA
chr13	113000001	113500000	-0.0321332828368018
chr13	113500001	114000000	0.0335959339153592
chr14	20500001	21000000	0.000506716405632573
chr14	21000001	21500000	0.0764870899091571
chr14	21500001	22000000	0.0818584348062727
chr14	22000001	22500000	-0.300586194251219
chr14	22500001	23000000	-2.28394852720583
chr14	23000001	23500000	0.0535039364709711
chr14	23500001	24000000	0.0789049428762992
chr14	24000001	24500000	0.0341698892142605
chr14	24500001	25000000	0.104425132328397
chr14	25000001	25500000	-0.00665150769733788
chr14	25500001	26000000	-0.00994757018651967
chr14	26000001	26500000	-0.0308742944595082
chr14	26500001	27000000	-0.0144081313717634
chr14	27000001	27500000	-0.0259572805564589
chr14	27500001	28000000	-0.0142607030067148
chr14	28000001	28500000	-0.0366974017460503
chr14	28500001	29000000	-0.0187609707933255
chr14	29000001	29500000	0.0327563338448917
chr14	29500001	30000000	-0.0206969509694151
chr14	30000001	30500000	-0.0369943297316157
chr14	30500001	31000000	-0.0366548981761019
chr14	31000001	31500000	0.00159014643881139
chr14	31500001	32000000	0.134813935881774
chr14	32000001	32500000	-0.0384367768060529
chr14	32500001	33000000	-0.00737087616435912
chr14	33000001	33500000	-0.085060391055169
chr14	33500001	34000000	0.000589322553892872
chr14	34000001	34500000	-0.0635647042785308
chr14	34500001	35000000	-0.0710005016730705
chr14	35000001	35500000	0.0831155497000804
chr14	35500001	36000000	0.0161521232285788
chr14	36000001	36500000	0.0692563025362454
chr14	36500001	37000000	-0.0157209839682086
chr14	37000001	37500000	-0.00369263085414783
chr14	37500001	38000000	-0.0133365257111684
chr14	38000001	38500000	0.0472643004453767
chr14	38500001	39000000	-0.0156726926718883
chr14	39000001	39500000	0.0261721253881261
chr14	39500001	40000000	-0.000465163440670879
chr14	40000001	40500000	-0.0377027651715967
chr14	40500001	41000000	0.0282871476722662
chr14	41000001	41500000	-0.0249120901495678
chr14	41500001	42000000	-0.0560819196701078
chr14	42000001	42500000	0.0516786041875169
chr14	42500001	43000000	0.0135127628186633
chr14	43000001	43500000	-0.0469099991613966
chr14	43500001	44000000	-0.0160543071622767
chr14	44000001	44500000	-0.0615275657592159
chr14	44500001	45000000	0.0555841408543809
chr14	45000001	45500000	0.0280508933900429
chr14	45500001	46000000	-0.00297610848627441
chr14	46000001	46500000	0.00636346212361503
chr14	46500001	47000000	0.0010149602749563
chr14	47000001	47500000	0.0189129456910058
chr14	47500001	48000000	-0.0174392185460092
chr14	48000001	48500000	0.00425515517239127
chr14	48500001	49000000	-0.0105673817945059
chr14	49000001	49500000	0.0830362420405937
chr14	49500001	50000000	-0.0277568691952777
chr14	50000001	50500000	0.114210056984033
chr14	50500001	51000000	0.0363404342247184
chr14	51000001	51500000	0.0341198903580404
chr14	51500001	52000000	-0.000309658884465581
chr14	52000001	52500000	-0.0543737203435089
chr14	52500001	53000000	0.0225827277134163
chr14	53000001	53500000	0.0305627122737879
chr14	53500001	54000000	0.0428810352602953
chr14	54000001	54500000	-0.0271041134699985
chr14	54500001	55000000	-0.018546548095801
chr14	55000001	55500000	0.0645370127596409
chr14	55500001	56000000	0.0443837256785315
chr14	56000001	56500000	-0.0859186100654612
chr14	56500001	57000000	-0.000520381662277993
chr14	57000001	57500000	0.0451499757119729
chr14	57500001	58000000	0.0160206585878353
chr14	58000001	58500000	-0.0365773831274493
chr14	58500001	59000000	-0.0374263112686011
chr14	59000001	59500000	-0.0409482782408944
chr14	59500001	60000000	0.0136969829361434
chr14	60000001	60500000	-0.0222106028633479
chr14	60500001	61000000	-0.0584641435740021
chr14	61000001	61500000	-0.052932898372164
chr14	61500001	62000000	0.00518652602223679
chr14	62000001	62500000	0.00487423415171649
chr14	62500001	63000000	0.0128917040027566
chr14	63000001	63500000	-0.00853959298040559
chr14	63500001	64000000	-0.0709726906822166
chr14	64000001	64500000	0.0214326755774626
chr14	64500001	65000000	-0.024879347887464
chr14	65000001	65500000	0.022929382503326
chr14	65500001	66000000	0.0742265528597436
chr14	66000001	66500000	0.00639949779965131
chr14	66500001	67000000	0.0211383788811764
chr14	67000001	67500000	-0.0607841242359911
chr14	67500001	68000000	-0.00614151235147941
chr14	68000001	68500000	0.091771584663129
chr14	68500001	69000000	-0.0389294310340834
chr14	69000001	69500000	0.0737656826033303
chr14	69500001	70000000	-0.0714737094948085
chr14	70000001	70500000	0.0689658188517265
chr14	70500001	71000000	-0.00831880412381517
chr14	71000001	71500000	-0.0121539063944579
chr14	71500001	72000000	-0.00560043117097153
chr14	72000001	72500000	-0.00709943574866517
chr14	72500001	73000000	-0.0402822549170206
chr14	73000001	73500000	-0.0452861978484848
chr14	73500001	74000000	0.0682712627070966
chr14	74000001	74500000	0.0630551745100923
chr14	74500001	75000000	-0.0819089336628389
chr14	75000001	75500000	0.0343142680484308
chr14	75500001	76000000	0.0913267061269731
chr14	76000001	76500000	-0.0510269823404371
chr14	76500001	77000000	-0.074717678947465
chr14	77000001	77500000	-0.0332792707053663
chr14	77500001	78000000	0.0208185153911025
chr14	78000001	78500000	0.0762003884559483
chr14	78500001	79000000	-0.029732157729126
chr14	79000001	79500000	-0.0173187421302982
chr14	79500001	80000000	-0.103542114371619
chr14	80000001	80500000	0.0125506261219556
chr14	80500001	81000000	0.0118485285340588
chr14	81000001	81500000	0.0397421648772131
chr14	81500001	82000000	0.0354756182470419
chr14	82000001	82500000	-0.0460652451205056
chr14	82500001	83000000	0.0249224611016313
chr14	83000001	83500000	0.00141123238722681
chr14	83500001	84000000	0.0089377662868299
chr14	84000001	84500000	0.0133913920701627
chr14	84500001	85000000	-0.0102597608644638
chr14	85000001	85500000	0.0213033872052625
chr14	85500001	86000000	-0.0327949093948065
chr14	86000001	86500000	-0.00267343917806365
chr14	86500001	87000000	-0.0853021888752629
chr14	87000001	87500000	0.00454976508031051
chr14	87500001	88000000	0.0278890251244743
chr14	88000001	88500000	0.00243930757698292
chr14	88500001	89000000	-0.0436271573271038
chr14	89000001	89500000	-0.0284542962938659
chr14	89500001	90000000	0.00255832059326353
chr14	90000001	90500000	-0.0381606370754751
chr14	90500001	91000000	-0.0265722113346806
chr14	91000001	91500000	0.0903243996665181
chr14	91500001	92000000	0.00426922369438694
chr14	92000001	92500000	0.0329214556997922
chr14	92500001	93000000	0.00702072910382657
chr14	93000001	93500000	0.0234910345772628
chr14	93500001	94000000	-0.00216795513229717
chr14	94000001	94500000	0.0372713648670784
chr14	94500001	95000000	-0.00305620058998639
chr14	95000001	95500000	-0.070722909188553
chr14	95500001	96000000	-0.0102379638362856
chr14	96000001	96500000	-0.133700302491812
chr14	96500001	97000000	0.0443343686923491
chr14	97000001	97500000	0.0533134255595211
chr14	97500001	98000000	-0.072112397989594
chr14	98000001	98500000	-0.0290643952713228
chr14	98500001	99000000	-0.0306936016752326
chr14	99000001	99500000	0.0359620336678865
chr14	99500001	100000000	-0.0102799437520505
chr14	100000001	100500000	0.000436599388887488
chr14	100500001	101000000	0.046495206774897
chr14	101000001	101500000	-0.0548221013792945
chr14	101500001	102000000	-0.0775022245730043
chr14	102000001	102500000	-0.0242540656432132
chr14	102500001	103000000	0.0369894493488584
chr14	103000001	103500000	0.0637629411891951
chr14	103500001	104000000	0.128740046653413
chr14	104000001	104500000	0.0380424611432078
chr14	104500001	105000000	-0.103677429854707
chr14	105000001	105500000	-0.0648953693322207
chr14	105500001	106000000	-0.00245889854601157
chr14	106500001	107000000	-0.0644900991323284
chr15	24000001	24500000	0.0863759981002026
chr15	25000001	25500000	0.0183135362224302
chr15	25500001	26000000	0.0655371819683537
chr15	26000001	26500000	0.0290505319594131
chr15	26500001	27000000	0.0712161521255603
chr15	27000001	27500000	-0.0320416069858439
chr15	27500001	28000000	NA
chr15	28000001	28500000	0.0108429712978575
chr15	29500001	30000000	-0.0231937202936774
chr15	31000001	31500000	0.0230875380580404
chr15	31500001	32000000	0.0437632131685906
chr15	32000001	32500000	-0.0346424071755078
chr15	33000001	33500000	-0.0109843959492096
chr15	33500001	34000000	-0.0601496361280693
chr15	34000001	34500000	-0.000919061712631522
chr15	35000001	35500000	0.0566807862681036
chr15	35500001	36000000	-0.0324515238855542
chr15	36000001	36500000	-0.0469346227192157
chr15	36500001	37000000	-0.023838719136051
chr15	37000001	37500000	0.0553358660059308
chr15	37500001	38000000	-0.0208215855165185
chr15	38000001	38500000	0.00131982993220518
chr15	38500001	39000000	-0.0283708255386687
chr15	39000001	39500000	-0.036301748286406
chr15	39500001	40000000	0.0228867263754514
chr15	40000001	40500000	-0.012854383123677
chr15	40500001	41000000	0.0997731471729993
chr15	41000001	41500000	0.0140355687710289
chr15	41500001	42000000	0.0258846315530774
chr15	42000001	42500000	-0.0156931693833313
chr15	42500001	43000000	0.0798375359265038
chr15	43000001	43500000	0.0452932271517574
chr15	44000001	44500000	0.00676469621948475
chr15	44500001	45000000	0.00430034285193732
chr15	45500001	46000000	0.104628121954447
chr15	46000001	46500000	-0.062228150222432
chr15	46500001	47000000	-0.0451977840818165
chr15	47000001	47500000	-0.00776077014252558
chr15	47500001	48000000	-0.0025749286688527
chr15	48000001	48500000	0.0172604325807037
chr15	48500001	49000000	-0.0151730643569968
chr15	49000001	49500000	0.0308821708889016
chr15	49500001	50000000	-0.0749887325109304
chr15	50000001	50500000	-0.0257026351372977
chr15	50500001	51000000	0.00722445348567772
chr15	51000001	51500000	-5.99152965270744e-06
chr15	51500001	52000000	0.0313065581547997
chr15	52000001	52500000	0.0187501638741024
chr15	52500001	53000000	-0.0102673541684402
chr15	53000001	53500000	-0.0127479401883332
chr15	53500001	54000000	-0.154817612811909
chr15	54000001	54500000	-0.055305018029723
chr15	54500001	55000000	-0.0828879142843424
chr15	55000001	55500000	-0.0387737231744689
chr15	55500001	56000000	0.0936442893299662
chr15	56000001	56500000	-0.0339584157601557
chr15	56500001	57000000	0.00346207439151851
chr15	57000001	57500000	-0.0413409694557059
chr15	57500001	58000000	-0.0232262823323854
chr15	58000001	58500000	-0.0466882593714219
chr15	58500001	59000000	0.0154295036503151
chr15	59000001	59500000	0.0852559935864689
chr15	59500001	60000000	-0.0237943473605533
chr15	60000001	60500000	-0.0722399197819641
chr15	60500001	61000000	-0.0773352320142355
chr15	61000001	61500000	-0.0983170906707257
chr15	61500001	62000000	-0.0784911925365191
chr15	62000001	62500000	-0.011798614311248
chr15	62500001	63000000	-0.0302969023299823
chr15	63000001	63500000	0.0011879175234408
chr15	63500001	64000000	-0.00610093657456283
chr15	64000001	64500000	0.06836245294016
chr15	64500001	65000000	-0.0220964668162369
chr15	65000001	65500000	0.0889446254326656
chr15	65500001	66000000	0.0187679599840146
chr15	66000001	66500000	0.0238433595883876
chr15	66500001	67000000	0.0343565304176357
chr15	67000001	67500000	-0.0861200098066313
chr15	67500001	68000000	-0.061030137979524
chr15	68000001	68500000	0.0355372493759263
chr15	68500001	69000000	-0.0100159641416446
chr15	69000001	69500000	0.00316847650044646
chr15	69500001	70000000	-0.00747212668505584
chr15	70000001	70500000	-0.116649512962619
chr15	70500001	71000000	-0.0700987210597221
chr15	71000001	71500000	-0.0382833658293241
chr15	71500001	72000000	-0.0835949230322999
chr15	72000001	72500000	0.0283954524573459
chr15	72500001	73000000	0.0308139636569692
chr15	73000001	73500000	-0.00774235020488739
chr15	73500001	74000000	-0.0656785424748889
chr15	74000001	74500000	-0.0937214487037638
chr15	74500001	75000000	-0.0309033134610746
chr15	75000001	75500000	0.0908564766581531
chr15	76000001	76500000	-0.0523095752455157
chr15	76500001	77000000	-0.00378489240808007
chr15	77000001	77500000	-0.00767075697220973
chr15	77500001	78000000	0.0322779196908639
chr15	78000001	78500000	-0.0818285974480695
chr15	78500001	79000000	-0.0112915637392253
chr15	79000001	79500000	-0.132532597953549
chr15	79500001	80000000	-0.0619155867015512
chr15	80000001	80500000	0.0705203872547509
chr15	80500001	81000000	-0.0454632008833834
chr15	81000001	81500000	-0.0153935936755352
chr15	81500001	82000000	-0.0650178540078906
chr15	82000001	82500000	0.00303579106687867
chr15	83500001	84000000	-0.0599386624045569
chr15	84000001	84500000	-0.120654364249081
chr15	86000001	86500000	-0.014269375838487
chr15	86500001	87000000	-0.0131703443634454
chr15	87000001	87500000	-0.0620590401251436
chr15	87500001	88000000	-0.0378203480463756
chr15	88000001	88500000	-0.0378043186818524
chr15	88500001	89000000	-0.0648772725533164
chr15	89000001	89500000	-0.032224132466119
chr15	89500001	90000000	0.0847850500617049
chr15	90000001	90500000	0.0644943938633164
chr15	90500001	91000000	0.0588445412991663
chr15	91000001	91500000	0.126157837304155
chr15	91500001	92000000	-0.0925290876299972
chr15	92000001	92500000	-0.035738427963322
chr15	92500001	93000000	-0.142658442535358
chr15	93000001	93500000	0.0583098373885486
chr15	93500001	94000000	-0.00895747029835304
chr15	94000001	94500000	-0.105897279621242
chr15	94500001	95000000	0.0333592209158179
chr15	95000001	95500000	0.0477178495761204
chr15	95500001	96000000	-0.0100373304788378
chr15	96000001	96500000	-0.148897894642949
chr15	96500001	97000000	0.0346227767215914
chr15	97000001	97500000	-0.0568437841463076
chr15	97500001	98000000	0.0634289239379866
chr15	98000001	98500000	0.0199806674488078
chr15	98500001	99000000	0.0269507413425851
chr15	99000001	99500000	0.0136892761099182
chr15	99500001	100000000	0.0247856377501084
chr15	100000001	100500000	-0.0079307005922452
chr15	100500001	101000000	0.0953707846359691
chr15	101000001	101500000	-0.0187029128531955
chr15	101500001	102000000	0.026592482388428
chr16	500001	1000000	NA
chr16	1000001	1500000	NA
chr16	1500001	2000000	0.0676677383447946
chr16	2000001	2500000	0.107455015239403
chr16	3000001	3500000	0.0827419309808389
chr16	3500001	4000000	0.00115755477393863
chr16	4000001	4500000	-0.0139541435559659
chr16	4500001	5000000	0.0797900688928629
chr16	5000001	5500000	0.00386247236485052
chr16	5500001	6000000	0.0238285348682951
chr16	6000001	6500000	0.00659084363330813
chr16	6500001	7000000	-0.00518640599259116
chr16	7000001	7500000	-0.0398104584411875
chr16	7500001	8000000	0.0362476010910198
chr16	8000001	8500000	-0.0509675416784778
chr16	9000001	9500000	0.0220539076475317
chr16	9500001	10000000	-0.0506275967665825
chr16	10000001	10500000	0.0202765514558231
chr16	10500001	11000000	-0.107829681097238
chr16	11000001	11500000	-0.0227665367692553
chr16	11500001	12000000	0.0182368818629959
chr16	12000001	12500000	-0.0620483228400831
chr16	12500001	13000000	-0.0165742840910434
chr16	13000001	13500000	-0.168338363654393
chr16	13500001	14000000	-0.00121589519668089
chr16	14000001	14500000	0.0230147564600136
chr16	15500001	16000000	0.0545332181959096
chr16	17000001	17500000	-0.0721302705712271
chr16	17500001	18000000	-0.0677016139438685
chr16	19000001	19500000	-0.0835798121731028
chr16	19500001	20000000	-0.0511926828026064
chr16	20000001	20500000	-0.1314340403699
chr16	20500001	21000000	-0.00424686104146579
chr16	22000001	22500000	0.0262335656899083
chr16	23000001	23500000	0.0231810828903441
chr16	23500001	24000000	-0.0338857179657064
chr16	24000001	24500000	-0.0400278357729968
chr16	24500001	25000000	-0.0930323347937233
chr16	25000001	25500000	-0.00282092255116723
chr16	25500001	26000000	-0.0676770621768537
chr16	26000001	26500000	-0.00296449454997661
chr16	26500001	27000000	-0.0735052905798197
chr16	27000001	27500000	0.0294411931822708
chr16	27500001	28000000	0.0315655234571448
chr16	30500001	31000000	0.1838311679298
chr16	31000001	31500000	0.00918018226108815
chr16	34500001	35000000	0.0888269426592167
chr16	46500001	47000000	0.10466557991166
chr16	47000001	47500000	-0.0384180599778898
chr16	47500001	48000000	0.0172886648007461
chr16	48000001	48500000	-0.0493810556181948
chr16	48500001	49000000	0.0568073575371029
chr16	49000001	49500000	-0.098043508387985
chr16	49500001	50000000	-0.109851538902484
chr16	50000001	50500000	0.0491560117382075
chr16	50500001	51000000	0.0293835031614118
chr16	51000001	51500000	0.0170112787811124
chr16	51500001	52000000	0.0386378502128955
chr16	52000001	52500000	-0.0412229000127195
chr16	52500001	53000000	-0.00327843101377894
chr16	53000001	53500000	0.0471636655949305
chr16	53500001	54000000	0.00341819092951182
chr16	54000001	54500000	-0.0513924463328756
chr16	54500001	55000000	-0.0973589165324362
chr16	55000001	55500000	-0.0503029903978993
chr16	55500001	56000000	-0.00393542805191927
chr16	56000001	56500000	-0.00516644440606548
chr16	56500001	57000000	0.0300232569000496
chr16	57000001	57500000	0.0689605720374678
chr16	57500001	58000000	0.00570427504553075
chr16	58000001	58500000	-0.0090206139267568
chr16	58500001	59000000	0.0591713398690691
chr16	59000001	59500000	-0.0454742277795819
chr16	59500001	60000000	0.0129770320364342
chr16	60000001	60500000	0.0542242351886526
chr16	60500001	61000000	0.0233619801324149
chr16	61000001	61500000	0.0085751549844759
chr16	61500001	62000000	0.0743061138043563
chr16	62000001	62500000	-0.00244907090570449
chr16	62500001	63000000	0.0166420994660099
chr16	63000001	63500000	0.0183053252414057
chr16	63500001	64000000	0.0299569892077022
chr16	64000001	64500000	0.0418848773786616
chr16	64500001	65000000	0.0150321357304413
chr16	65000001	65500000	-0.0304229811588541
chr16	65500001	66000000	-0.0217934814533824
chr16	66000001	66500000	-0.00289640444925849
chr16	66500001	67000000	-0.00567060318244916
chr16	67000001	67500000	0.126277501465933
chr16	67500001	68000000	0.0696132851022026
chr16	68000001	68500000	0.115643666714239
chr16	68500001	69000000	-0.0600170971601698
chr16	69000001	69500000	0.079443138793928
chr16	69500001	70000000	-0.0438690964499986
chr16	70500001	71000000	0.126185973406752
chr16	71000001	71500000	0.107439484444091
chr16	71500001	72000000	-0.0198257711202522
chr16	72000001	72500000	-0.00122297578694667
chr16	72500001	73000000	0.0135037942534698
chr16	73000001	73500000	-0.0843368336616882
chr16	73500001	74000000	-0.00284206178762975
chr16	74500001	75000000	-0.0261756982279921
chr16	75000001	75500000	0.0787353007552332
chr16	75500001	76000000	-0.0182988084352306
chr16	76000001	76500000	0.0226323796257164
chr16	76500001	77000000	0.00485728798257512
chr16	77000001	77500000	0.002407487971147
chr16	77500001	78000000	-0.0171257202627834
chr16	78000001	78500000	-0.0464619956394294
chr16	78500001	79000000	-0.136903262215317
chr16	79000001	79500000	-0.073065876378408
chr16	79500001	80000000	-0.0290310484428585
chr16	80000001	80500000	-0.0936984568895718
chr16	80500001	81000000	-0.0485599684701864
chr16	81000001	81500000	0.0162031557345147
chr16	81500001	82000000	-0.0143213446659793
chr16	82000001	82500000	-0.0630197545513832
chr16	82500001	83000000	-0.010074713892841
chr16	83000001	83500000	-0.057944740179054
chr16	83500001	84000000	-0.0365175855240494
chr16	84000001	84500000	-0.0561562700461977
chr16	84500001	85000000	-0.0124583406489216
chr16	85000001	85500000	-0.0932056490158727
chr16	85500001	86000000	-0.0816338591670669
chr16	86000001	86500000	-0.14717997095906
chr16	86500001	87000000	-0.102248718382016
chr16	87000001	87500000	-0.0244787329793558
chr16	87500001	88000000	-0.0576400193897104
chr16	88500001	89000000	NA
chr16	89000001	89500000	0.0646168138400433
chr16	89500001	90000000	0.0535289146436604
chr17	500001	1000000	-0.0153246681151572
chr17	1000001	1500000	-0.0430138796907512
chr17	1500001	2000000	0.0593955808469436
chr17	2000001	2500000	0.0937912987584377
chr17	2500001	3000000	-0.018350296470418
chr17	3500001	4000000	0.0402477975035357
chr17	4000001	4500000	0.00955275536494922
chr17	4500001	5000000	0.0801546624034679
chr17	5000001	5500000	-0.0741311057456327
chr17	5500001	6000000	-0.0276902521650269
chr17	6000001	6500000	-0.0860013748973836
chr17	6500001	7000000	-0.00588850230126904
chr17	7000001	7500000	0.125921992553269
chr17	7500001	8000000	0.0265875673115543
chr17	8000001	8500000	0.0446489480245905
chr17	8500001	9000000	0.0370290385603714
chr17	9000001	9500000	-0.110093305133925
chr17	9500001	10000000	-0.0805050814745592
chr17	10000001	10500000	0.00121970933610967
chr17	10500001	11000000	-0.0600570847681014
chr17	11000001	11500000	0.0540548953737598
chr17	11500001	12000000	0.0101541949524252
chr17	12000001	12500000	-0.0163517043319826
chr17	12500001	13000000	-0.0348454468614413
chr17	13000001	13500000	0.0275245353498924
chr17	13500001	14000000	0.00149386036045595
chr17	14000001	14500000	0.00452010612606899
chr17	14500001	15000000	-0.0206823947206458
chr17	15000001	15500000	-0.0168918275747101
chr17	16000001	16500000	0.0840406171646284
chr17	17000001	17500000	0.0039409889091177
chr17	17500001	18000000	-0.0261768050536895
chr17	19500001	20000000	-0.000117891169355273
chr17	21000001	21500000	-0.0445039613841381
chr17	25500001	26000000	-0.00038828009750683
chr17	26000001	26500000	0.0817805889584384
chr17	26500001	27000000	0.0329709780961147
chr17	27000001	27500000	0.0311682187062047
chr17	27500001	28000000	0.108836560312514
chr17	28000001	28500000	-0.0138985233844977
chr17	28500001	29000000	-0.017012903843693
chr17	29000001	29500000	0.0339955827506947
chr17	29500001	30000000	0.0657902862559393
chr17	30500001	31000000	-0.0284752088147946
chr17	31000001	31500000	-0.112283853124416
chr17	31500001	32000000	-0.135657429956307
chr17	32000001	32500000	-0.182658626759877
chr17	32500001	33000000	-0.036944167170654
chr17	33000001	33500000	0.00297213032325002
chr17	33500001	34000000	0.0195253442338125
chr17	34000001	34500000	-0.0692825070101666
chr17	35000001	35500000	-0.0503927814300431
chr17	35500001	36000000	-0.0922425579167401
chr17	36500001	37000000	0.00382538156453071
chr17	37000001	37500000	-0.0519978672309709
chr17	37500001	38000000	0.0613045239651714
chr17	38000001	38500000	0.0715727883335447
chr17	38500001	39000000	0.0424632631351071
chr17	39000001	39500000	-0.0862488163561079
chr17	39500001	40000000	-0.0896648135280651
chr17	40000001	40500000	0.121433231770459
chr17	40500001	41000000	0.0686153316605117
chr17	41000001	41500000	-0.0565813204761423
chr17	41500001	42000000	-0.0791738951068783
chr17	42000001	42500000	0.0552574578905737
chr17	42500001	43000000	0.0204700851629986
chr17	43000001	43500000	0.0148433659079665
chr17	45000001	45500000	0.0485312862100703
chr17	45500001	46000000	0.0878583761605963
chr17	46000001	46500000	-0.00341555560807236
chr17	46500001	47000000	-0.0652000296103832
chr17	47000001	47500000	0.0708171575115276
chr17	47500001	48000000	0.00307296268483206
chr17	48000001	48500000	-0.0146413314625325
chr17	48500001	49000000	-0.0130291542504433
chr17	49000001	49500000	-0.00466982614444114
chr17	49500001	50000000	-0.0395481017976272
chr17	50000001	50500000	-0.00748068288470006
chr17	50500001	51000000	-0.0116062375218161
chr17	51000001	51500000	-0.136081432943553
chr17	51500001	52000000	-0.0505191552175829
chr17	52000001	52500000	0.00228702452897567
chr17	52500001	53000000	0.0279125854557039
chr17	53000001	53500000	-0.0547569744485635
chr17	53500001	54000000	-0.0328766787872994
chr17	54000001	54500000	-0.0413408012938029
chr17	54500001	55000000	-0.0384448377927661
chr17	55000001	55500000	0.0202744044307046
chr17	55500001	56000000	-0.0636824008615539
chr17	56000001	56500000	0.0306891111251488
chr17	56500001	57000000	0.109329369628391
chr17	57000001	57500000	0.0658946218472973
chr17	57500001	58000000	0.0986393734700945
chr17	58500001	59000000	0.0389086447637616
chr17	59000001	59500000	0.0198736712894075
chr17	59500001	60000000	-0.0735135675740307
chr17	60500001	61000000	-0.0461931711515691
chr17	61000001	61500000	-0.086337384023529
chr17	61500001	62000000	0.0310818222783911
chr17	63000001	63500000	-0.0412832249014099
chr17	63500001	64000000	0.014142666430889
chr17	64000001	64500000	-0.0420476326679452
chr17	64500001	65000000	-0.0699403559627359
chr17	65000001	65500000	0.0621025834036207
chr17	65500001	66000000	-0.0840422321935115
chr17	66000001	66500000	0.0520374257819168
chr17	66500001	67000000	-0.0147267585707365
chr17	67000001	67500000	-0.0299257852452745
chr17	67500001	68000000	-0.0610017331874289
chr17	68000001	68500000	0.0191660819474217
chr17	68500001	69000000	-0.0998087373792763
chr17	69000001	69500000	0.0174721343953034
chr17	69500001	70000000	0.0446243217906059
chr17	70000001	70500000	-0.0793164107384171
chr17	70500001	71000000	-0.142401290909235
chr17	71000001	71500000	-0.0534446863136083
chr17	71500001	72000000	-0.117093574006566
chr17	72000001	72500000	-0.0792280283688357
chr17	72500001	73000000	-0.0719117402833891
chr17	73000001	73500000	0.071637999945338
chr17	73500001	74000000	0.0980705703128093
chr17	74000001	74500000	0.0777162009138141
chr17	74500001	75000000	-0.0792615019511344
chr17	75000001	75500000	0.0332609304321434
chr17	75500001	76000000	-0.084437655624733
chr17	76000001	76500000	0.0489741341418828
chr17	76500001	77000000	-0.00243459575427362
chr17	77000001	77500000	-0.188951818790851
chr17	78000001	78500000	-0.0873471903715805
chr17	78500001	79000000	-0.0253332980950169
chr17	79000001	79500000	-0.00707739320000883
chr17	80000001	80500000	0.126756117325645
chr17	80500001	81000000	-0.00910465156589268
chr18	500001	1000000	0.062714603143703
chr18	1000001	1500000	-0.0533057893784561
chr18	1500001	2000000	0.000488104513433589
chr18	2000001	2500000	-0.0300497033775366
chr18	2500001	3000000	0.184883545201044
chr18	3000001	3500000	0.161321154256314
chr18	3500001	4000000	-0.0237562262402631
chr18	4000001	4500000	-0.0150589378210545
chr18	4500001	5000000	-0.0565740988780313
chr18	5000001	5500000	0.0119792519278148
chr18	5500001	6000000	-0.0254599014515746
chr18	6000001	6500000	-0.0207509866095827
chr18	6500001	7000000	0.00341681070166151
chr18	7000001	7500000	-0.0757041050746491
chr18	7500001	8000000	-0.019864325215684
chr18	8000001	8500000	-0.043035550804623
chr18	8500001	9000000	-0.0767842624419842
chr18	9000001	9500000	0.0543373000746935
chr18	9500001	10000000	0.0832919080271038
chr18	10000001	10500000	0.00235628648023007
chr18	10500001	11000000	0.0524658174874445
chr18	11000001	11500000	-0.0581275829674389
chr18	11500001	12000000	-0.0488485670954244
chr18	12000001	12500000	-0.0140713425652564
chr18	12500001	13000000	0.114742820102122
chr18	13000001	13500000	0.0239386967528998
chr18	13500001	14000000	0.0672479698112463
chr18	19000001	19500000	-0.0199791151595183
chr18	19500001	20000000	0.0406299030625359
chr18	20000001	20500000	-0.0720188068098776
chr18	20500001	21000000	0.0180949091962892
chr18	21000001	21500000	-0.035934595542971
chr18	21500001	22000000	0.0130311287537981
chr18	22000001	22500000	-0.0408303420855791
chr18	22500001	23000000	0.0143638747290905
chr18	23000001	23500000	-0.115897742222141
chr18	23500001	24000000	-0.0494047107345314
chr18	24000001	24500000	-0.0927925233083651
chr18	24500001	25000000	0.0123784444813771
chr18	25000001	25500000	-0.0226310208797203
chr18	25500001	26000000	0.0472411320922486
chr18	26000001	26500000	-0.0610432782710133
chr18	26500001	27000000	0.00153511803733463
chr18	27000001	27500000	-0.0182960448997692
chr18	27500001	28000000	0.0116601533430705
chr18	28000001	28500000	0.0376292105714277
chr18	28500001	29000000	-0.0275444187594138
chr18	29000001	29500000	-0.0175462492874146
chr18	29500001	30000000	0.0317894778438958
chr18	30000001	30500000	-0.0178315110832065
chr18	30500001	31000000	0.0084676499476399
chr18	31000001	31500000	0.0250432902247617
chr18	31500001	32000000	0.0378478488830948
chr18	32000001	32500000	-0.0038575198555591
chr18	32500001	33000000	-0.00477544315490062
chr18	33000001	33500000	0.0351765620637736
chr18	33500001	34000000	0.068251716996769
chr18	34000001	34500000	-0.0183388381398146
chr18	34500001	35000000	0.0189233600235475
chr18	35000001	35500000	-0.0506600058037892
chr18	35500001	36000000	-0.0443573319654251
chr18	36000001	36500000	-0.105609826123444
chr18	36500001	37000000	0.0272805290577401
chr18	37000001	37500000	-0.078609204656943
chr18	37500001	38000000	-0.0244032045764621
chr18	38000001	38500000	-0.0128183048916424
chr18	38500001	39000000	0.000190431497838768
chr18	39000001	39500000	-0.0511829617168394
chr18	39500001	40000000	0.0240577434191281
chr18	40000001	40500000	-0.0222038430419025
chr18	40500001	41000000	0.0118425674349175
chr18	41000001	41500000	0.10488611111019
chr18	41500001	42000000	-0.00980594526572894
chr18	42000001	42500000	-0.0276132540308402
chr18	42500001	43000000	-0.169496554198525
chr18	43000001	43500000	-0.0543886638214744
chr18	43500001	44000000	-0.0121510746500222
chr18	44000001	44500000	0.0177158928176634
chr18	44500001	45000000	0.00257007381050796
chr18	45000001	45500000	-0.00649322902972645
chr18	45500001	46000000	-0.066733143090637
chr18	46000001	46500000	-0.0611898699909813
chr18	46500001	47000000	0.077826583695436
chr18	47000001	47500000	-0.0798215481117677
chr18	47500001	48000000	-0.0452040367963417
chr18	48000001	48500000	0.0426717812052627
chr18	48500001	49000000	-0.00389593154068486
chr18	49000001	49500000	-0.0363744025321425
chr18	49500001	50000000	0.0158166468286963
chr18	50000001	50500000	0.00381556408864917
chr18	50500001	51000000	0.0948273383248782
chr18	51000001	51500000	-0.0276068744634148
chr18	51500001	52000000	-0.00358176601291133
chr18	52500001	53000000	0.0293768732984479
chr18	53000001	53500000	-0.00950042772685224
chr18	53500001	54000000	-0.0653014080740084
chr18	54000001	54500000	0.0383783604740844
chr18	54500001	55000000	-0.0375801152560259
chr18	55000001	55500000	-0.0420323619558118
chr18	55500001	56000000	-0.0418584261140739
chr18	56000001	56500000	-0.0403013561125755
chr18	56500001	57000000	-0.0289080227146201
chr18	57000001	57500000	-0.0296744166493875
chr18	57500001	58000000	-0.00982583710498104
chr18	58000001	58500000	-0.0356856211851081
chr18	58500001	59000000	0.048942957883035
chr18	59000001	59500000	-0.0594758251167008
chr18	59500001	60000000	0.019912253563925
chr18	60000001	60500000	0.0295115891978293
chr18	60500001	61000000	-0.015271307262226
chr18	61000001	61500000	-0.0661732383878488
chr18	61500001	62000000	0.0211852259864239
chr18	62000001	62500000	-0.0568841621152025
chr18	62500001	63000000	-0.00590127657732872
chr18	63000001	63500000	0.0356305402828279
chr18	63500001	64000000	-0.0568097912808809
chr18	64000001	64500000	-0.0538953250078259
chr18	64500001	65000000	-0.00266300497969958
chr18	65000001	65500000	0.0384378751031229
chr18	65500001	66000000	-0.0355037211201835
chr18	66000001	66500000	-0.0374633565251556
chr18	66500001	67000000	0.0205331055952753
chr18	67000001	67500000	-0.0360109324342012
chr18	67500001	68000000	0.146214027950547
chr18	68000001	68500000	-0.00547915979541819
chr18	68500001	69000000	-0.0604330155096957
chr18	69000001	69500000	0.0581906509102979
chr18	69500001	70000000	-0.0139157756061802
chr18	70000001	70500000	0.00159118215893306
chr18	70500001	71000000	0.00606396275901992
chr18	71000001	71500000	0.0437738023665338
chr18	71500001	72000000	0.0242398484478842
chr18	72500001	73000000	-0.0281981041722498
chr18	73000001	73500000	-0.0143165425157296
chr18	73500001	74000000	0.0897038609699391
chr18	74000001	74500000	-0.0347097577183153
chr18	74500001	75000000	0.0622074192213358
chr18	75000001	75500000	0.031914117635977
chr18	76000001	76500000	0.00292247239367496
chr18	76500001	77000000	0.102641844050304
chr18	77000001	77500000	-0.00644821330537345
chr18	77500001	78000000	0.0912101186800092
chr19	500001	1000000	NA
chr19	1000001	1500000	NA
chr19	1500001	2000000	0.0473025247243539
chr19	2000001	2500000	0.102870114139719
chr19	2500001	3000000	0.0163247366055482
chr19	3000001	3500000	-0.0286503595780878
chr19	3500001	4000000	-0.0138001816424409
chr19	4000001	4500000	0.0354479790170668
chr19	4500001	5000000	0.0748525583169759
chr19	5000001	5500000	-0.0219640954840874
chr19	5500001	6000000	-0.0728168717460099
chr19	6000001	6500000	0.0923345704397582
chr19	6500001	7000000	0.0918436837947912
chr19	7500001	8000000	-0.0101882604114548
chr19	8000001	8500000	-0.0949455204417394
chr19	9000001	9500000	0.00789821020026071
chr19	9500001	10000000	0.114921479357237
chr19	10000001	10500000	-0.000914795247780952
chr19	10500001	11000000	0.121177291502948
chr19	11000001	11500000	0.0296677134290428
chr19	11500001	12000000	0.084888701845037
chr19	12000001	12500000	0.0705297187228914
chr19	12500001	13000000	0.209804448260073
chr19	13000001	13500000	-0.00974974694585883
chr19	13500001	14000000	0.00522492947437767
chr19	14000001	14500000	0.0419678990344539
chr19	14500001	15000000	0.0466575717110632
chr19	15000001	15500000	-0.0152608506391847
chr19	15500001	16000000	-0.0114663629866315
chr19	16000001	16500000	0.10704121150605
chr19	16500001	17000000	0.032094204356995
chr19	17000001	17500000	0.00520714168191939
chr19	17500001	18000000	0.0522671017519868
chr19	18000001	18500000	0.0326419125153864
chr19	18500001	19000000	-0.0084107756144693
chr19	19000001	19500000	-0.0282003543256462
chr19	19500001	20000000	0.178025752974633
chr19	20000001	20500000	-0.83815943041969
chr19	21000001	21500000	0.00303908159755023
chr19	21500001	22000000	0.143847092275414
chr19	22000001	22500000	0.0734741732843275
chr19	22500001	23000000	0.170112669131131
chr19	23000001	23500000	0.105041205070529
chr19	23500001	24000000	0.083664064267572
chr19	24000001	24500000	-0.058769448321732
chr19	28000001	28500000	0.0192553634092717
chr19	28500001	29000000	-0.0232524160580385
chr19	29000001	29500000	0.0436361260289832
chr19	29500001	30000000	-0.0641950534821878
chr19	30000001	30500000	0.00638323984130166
chr19	30500001	31000000	-0.0718694509145124
chr19	31000001	31500000	-0.00513280353661543
chr19	31500001	32000000	-0.00328826519103377
chr19	32000001	32500000	-0.0294028579338844
chr19	32500001	33000000	-0.0469628405282835
chr19	33000001	33500000	-0.0421751726583354
chr19	33500001	34000000	0.00111923710455516
chr19	34000001	34500000	-0.0587258784343455
chr19	34500001	35000000	-0.00871692642672188
chr19	35000001	35500000	-0.0278884986196271
chr19	35500001	36000000	0.0731011621317566
chr19	36000001	36500000	0.0229490148174741
chr19	37000001	37500000	0.152634109573975
chr19	38000001	38500000	0.0563021091354659
chr19	38500001	39000000	-0.031005052893131
chr19	39000001	39500000	-0.0941973376998317
chr19	39500001	40000000	0.0111629196746437
chr19	40000001	40500000	0.0597032931999815
chr19	40500001	41000000	0.0933631736980143
chr19	41000001	41500000	0.112557005002292
chr19	41500001	42000000	0.0334540552827389
chr19	42000001	42500000	0.0456326410483742
chr19	42500001	43000000	0.00954401026725706
chr19	44000001	44500000	0.0640318609938956
chr19	44500001	45000000	0.0400424965272258
chr19	45000001	45500000	-0.075078269978875
chr19	45500001	46000000	0.0448300688526362
chr19	46000001	46500000	0.0849127500220713
chr19	46500001	47000000	0.00875019072868749
chr19	47000001	47500000	-0.00869360107161175
chr19	47500001	48000000	0.0420134754101409
chr19	48500001	49000000	0.0342674630885401
chr19	49000001	49500000	0.0210491719234661
chr19	49500001	50000000	-0.008505542225322
chr19	50000001	50500000	0.0726148916914116
chr19	51000001	51500000	-0.125751292790616
chr19	51500001	52000000	-0.00697383694047121
chr19	52000001	52500000	0.0629071918163721
chr19	52500001	53000000	-0.00539951257831614
chr19	53000001	53500000	0.0654831217181773
chr19	53500001	54000000	0.126333141972497
chr19	54000001	54500000	0.024358624820947
chr19	54500001	55000000	0.0713872420510602
chr19	55000001	55500000	-0.0530363802286226
chr19	55500001	56000000	-0.0838088060643257
chr19	56000001	56500000	0.0669215524404044
chr19	56500001	57000000	0.0839751215954078
chr19	57000001	57500000	0.0798425325955345
chr19	57500001	58000000	0.0334406711440179
chr19	58000001	58500000	0.135309053518146
chr19	58500001	59000000	0.108518595008661
chr20	500001	1000000	-0.0305628782483358
chr20	1000001	1500000	6.34515553211874e-05
chr20	1500001	2000000	-0.0455604800446892
chr20	2000001	2500000	-0.00489517171588812
chr20	2500001	3000000	0.0892104601920647
chr20	3000001	3500000	0.043978368466064
chr20	3500001	4000000	0.106075257645475
chr20	4000001	4500000	0.0115241649051132
chr20	4500001	5000000	0.0553194553811709
chr20	5000001	5500000	0.0271729935410952
chr20	5500001	6000000	-0.0354732388733772
chr20	6000001	6500000	0.00497713755095128
chr20	6500001	7000000	0.00215079657788728
chr20	7000001	7500000	-0.0693259441906546
chr20	7500001	8000000	-0.0199120407163362
chr20	8000001	8500000	-0.0371788171182935
chr20	8500001	9000000	-0.0687812730206236
chr20	9000001	9500000	-0.0534261904543223
chr20	9500001	10000000	-0.0232991248716822
chr20	10000001	10500000	0.0374603742523204
chr20	10500001	11000000	-0.0145051097898012
chr20	11000001	11500000	-0.0321664047433309
chr20	11500001	12000000	0.0214585544142924
chr20	12000001	12500000	-0.050749714272249
chr20	12500001	13000000	-0.0611116988629162
chr20	13000001	13500000	-0.0825552033041361
chr20	13500001	14000000	0.000879249152858818
chr20	14000001	14500000	0.0642759978366741
chr20	14500001	15000000	-0.0285551226761591
chr20	15000001	15500000	0.00742363024357662
chr20	15500001	16000000	-0.0356799762449897
chr20	16000001	16500000	-0.0220878790568662
chr20	16500001	17000000	0.000808743014977261
chr20	17000001	17500000	-0.0700091486871274
chr20	17500001	18000000	0.00127395678211469
chr20	18000001	18500000	0.0505768470299739
chr20	18500001	19000000	-0.0553710269300073
chr20	19000001	19500000	-0.0406877599558055
chr20	19500001	20000000	-0.0563707250699629
chr20	20000001	20500000	0.00685965975958366
chr20	20500001	21000000	0.0237667794697781
chr20	21000001	21500000	0.000338199510745364
chr20	21500001	22000000	-0.00799352946932697
chr20	22000001	22500000	-0.014023167522302
chr20	22500001	23000000	-0.0589651934263382
chr20	23000001	23500000	-0.0220704774236085
chr20	23500001	24000000	0.00982183910534996
chr20	24000001	24500000	-0.137671721136886
chr20	24500001	25000000	-0.0130257662640234
chr20	25000001	25500000	0.045655785945685
chr20	30000001	30500000	0.0115736623069243
chr20	30500001	31000000	0.0862114950975567
chr20	31000001	31500000	0.0298315622426284
chr20	31500001	32000000	-0.203481086119904
chr20	32000001	32500000	0.0466754868803732
chr20	32500001	33000000	0.0356652404607585
chr20	33000001	33500000	0.0424434411625836
chr20	33500001	34000000	0.0503948900102726
chr20	34000001	34500000	0.00221849821906919
chr20	35000001	35500000	0.0196218106259243
chr20	35500001	36000000	-0.0648391164606751
chr20	36000001	36500000	-0.0468925227847013
chr20	36500001	37000000	0.0593159955302225
chr20	37000001	37500000	0.00843646280820706
chr20	37500001	38000000	-0.017223584757701
chr20	38000001	38500000	-0.0340431694035734
chr20	38500001	39000000	-0.0405214419513033
chr20	39000001	39500000	-0.0523808060730023
chr20	39500001	40000000	0.0762817006335321
chr20	40000001	40500000	-0.00877489521553335
chr20	40500001	41000000	-0.0767737752562117
chr20	41000001	41500000	-0.0770929185595549
chr20	41500001	42000000	-0.0450465001062062
chr20	42000001	42500000	-0.0658538532023385
chr20	42500001	43000000	-0.0516342278472625
chr20	43000001	43500000	0.0555032983308058
chr20	43500001	44000000	-0.0158502192225329
chr20	44000001	44500000	0.032020008270216
chr20	44500001	45000000	-0.00920325650422416
chr20	45000001	45500000	-0.0965188423140036
chr20	45500001	46000000	-0.014666652361994
chr20	46000001	46500000	-0.0789963867233629
chr20	46500001	47000000	-0.149405350094422
chr20	47000001	47500000	-0.0962166569323035
chr20	47500001	48000000	0.0423788362002657
chr20	48000001	48500000	-0.0240034688426509
chr20	48500001	49000000	0.0529550758361574
chr20	49000001	49500000	0.0162335265802669
chr20	49500001	50000000	-0.0730043847284947
chr20	50000001	50500000	-0.0345055916298604
chr20	50500001	51000000	-0.0330338325259377
chr20	51000001	51500000	-0.0686755795029521
chr20	51500001	52000000	-0.017709466849354
chr20	52000001	52500000	0.0408849202762267
chr20	52500001	53000000	0.00187682983862265
chr20	53000001	53500000	0.0469864248872717
chr20	53500001	54000000	0.0236924155068334
chr20	54000001	54500000	-0.00662776045208671
chr20	54500001	55000000	-0.0489286512365624
chr20	55000001	55500000	-0.10300219621358
chr20	55500001	56000000	-0.0339567682267088
chr20	56000001	56500000	-0.100830867090715
chr20	56500001	57000000	-0.00679749434739301
chr20	57000001	57500000	-0.00620836591894304
chr20	57500001	58000000	0.0362501187492953
chr20	58000001	58500000	0.00546145159109896
chr20	58500001	59000000	0.0401249958944793
chr20	59000001	59500000	-0.0388005611508765
chr20	59500001	60000000	-0.0547648124417781
chr20	60000001	60500000	-0.03993101775529
chr20	60500001	61000000	0.0205798668425907
chr20	61500001	62000000	-0.0174806859138853
chr20	62000001	62500000	-0.0509525178837868
chr21	15500001	16000000	0.0138442654139219
chr21	16000001	16500000	-0.0342096000801319
chr21	16500001	17000000	-0.0607324577688382
chr21	17000001	17500000	-0.0369673670693434
chr21	17500001	18000000	0.047814588458968
chr21	18000001	18500000	-0.189645121331199
chr21	18500001	19000000	0.0291583829359684
chr21	19000001	19500000	-0.00305684449805443
chr21	19500001	20000000	-0.0741918289398876
chr21	20000001	20500000	0.0974521240911256
chr21	20500001	21000000	0.00734746007335071
chr21	21000001	21500000	-0.0164035114121049
chr21	21500001	22000000	-0.00376404560355273
chr21	22000001	22500000	0.0603461259799537
chr21	22500001	23000000	-0.135429392654103
chr21	23000001	23500000	0.0221036701913066
chr21	23500001	24000000	-0.0394675431838219
chr21	24000001	24500000	0.0212655773898843
chr21	24500001	25000000	0.0455326425013741
chr21	25000001	25500000	0.0119267610449793
chr21	25500001	26000000	-0.0311084683587228
chr21	26000001	26500000	-0.0437542989783393
chr21	26500001	27000000	-0.0444857503865158
chr21	27000001	27500000	-0.0416900481042581
chr21	27500001	28000000	0.0229080794758288
chr21	28000001	28500000	-0.0134402719661792
chr21	28500001	29000000	0.0218157873437068
chr21	29500001	30000000	0.0023254757478756
chr21	30000001	30500000	0.00849499423771904
chr21	30500001	31000000	0.0272109869742703
chr21	31000001	31500000	0.0169485929285447
chr21	31500001	32000000	-0.0476274614630106
chr21	32000001	32500000	-0.0119737420444844
chr21	32500001	33000000	0.00857593001211522
chr21	33000001	33500000	NA
chr21	33500001	34000000	0.0700319947108898
chr21	34000001	34500000	0.0508126651879996
chr21	34500001	35000000	0.0984655952637854
chr21	35000001	35500000	0.019082293554802
chr21	35500001	36000000	0.0341979804543933
chr21	36000001	36500000	0.0946303313583007
chr21	36500001	37000000	-0.130231252183871
chr21	37000001	37500000	-0.0200100127680187
chr21	37500001	38000000	-0.000868799564852737
chr21	38000001	38500000	0.0102820112278792
chr21	38500001	39000000	0.0440597228258376
chr21	39000001	39500000	-0.0778538650173174
chr21	39500001	40000000	-0.0233735237818177
chr21	40000001	40500000	NA
chr21	40500001	41000000	0.03842634907214
chr21	41000001	41500000	-0.0789467383549791
chr21	41500001	42000000	-0.0299071444092361
chr21	42000001	42500000	0.00757271229937177
chr21	43000001	43500000	NA
chr21	43500001	44000000	-0.022123019845519
chr21	44000001	44500000	NA
chr21	45000001	45500000	-0.0635797531281783
chr21	45500001	46000000	0.0245158273162442
chr21	46000001	46500000	-0.051453504357068
chr21	46500001	47000000	0.0343275860822636
chr21	47000001	47500000	-0.0234110075947656
chr21	47500001	48000000	0.107395490112441
chr22	17500001	18000000	0.0572924219612538
chr22	18000001	18500000	0.0105328853291055
chr22	19000001	19500000	NA
chr22	19500001	20000000	-0.0157647628991606
chr22	22000001	22500000	0.086519196329141
chr22	23000001	23500000	-0.0611436396115694
chr22	23500001	24000000	-0.0673439988318209
chr22	24000001	24500000	0.08260391434688
chr22	24500001	25000000	0.0318580766727506
chr22	25000001	25500000	-0.0928191294171936
chr22	25500001	26000000	-0.0507336121815804
chr22	26000001	26500000	-0.0840570846870733
chr22	26500001	27000000	0.00480708969240344
chr22	27000001	27500000	-0.131313344477841
chr22	27500001	28000000	-0.158190779761445
chr22	28000001	28500000	-0.0307808842628099
chr22	28500001	29000000	-0.115026400096451
chr22	29000001	29500000	-0.036463966026186
chr22	29500001	30000000	-0.0260908520242068
chr22	30000001	30500000	0.088230508886434
chr22	30500001	31000000	-0.031874435976546
chr22	31000001	31500000	-0.0106252526840884
chr22	31500001	32000000	0.101777270241374
chr22	32000001	32500000	-0.0360056660135982
chr22	32500001	33000000	-0.0377201907067377
chr22	33000001	33500000	-0.0823244042529028
chr22	33500001	34000000	-0.0878627213131526
chr22	34000001	34500000	-0.0491641059229123
chr22	34500001	35000000	0.00441399539412842
chr22	35000001	35500000	-0.0775095340573875
chr22	35500001	36000000	-0.0920069769660306
chr22	36000001	36500000	-0.047711245083063
chr22	36500001	37000000	0.0366279767486976
chr22	37000001	37500000	-0.0758710952749263
chr22	37500001	38000000	-0.0966730759114339
chr22	38000001	38500000	-0.0155498391099684
chr22	38500001	39000000	0.0224388131877906
chr22	39000001	39500000	-0.028547907622324
chr22	39500001	40000000	0.028630687873361
chr22	40000001	40500000	-0.00798254456893684
chr22	40500001	41000000	0.0698879563962759
chr22	41000001	41500000	0.0177414199205048
chr22	41500001	42000000	0.0861271851604668
chr22	42000001	42500000	-0.0195067674409099
chr22	42500001	43000000	-0.0393129267328342
chr22	43000001	43500000	-0.00843262848393534
chr22	43500001	44000000	-0.0404080416007221
chr22	44000001	44500000	0.0208796641678987
chr22	44500001	45000000	-0.102536891634059
chr22	45000001	45500000	-0.138142351261171
chr22	45500001	46000000	0.00633825022215454
chr22	46000001	46500000	0.029221723579016
chr22	46500001	47000000	-0.0442284433824937
chr22	47000001	47500000	0.0142466626392595
chr22	47500001	48000000	-0.0446770936277312
chr22	48000001	48500000	-0.0110881335934233
chr22	48500001	49000000	-0.0414832050872303
chr22	49000001	49500000	-0.101519952578237
chr22	49500001	50000000	-0.0309768272561023
chr22	50500001	51000000	0.070512735380127
